timestamp,block,unique_pairs,signal_count,eth_price,eth_delta,eth_direction,bias_score,bias_label,funding_rate,oi_h1_change,vol_h1_change,ls_long_pct,liq_long_pct,liq_total_usd,max_pain,max_pain_dist,pc_ratio,nq_price
2026-07-01T00:31:32.706Z,25434095,4,46,1570.03,5.77,UP,-0.5,↘️ LEAN SHORT,0.005764,0.14,-1.24,50.15,75.5,201018,1575,-5,0.519,30194.00
2026-07-01T01:05:54.117Z,25434266,3,31,1565.48,-6.44,DOWN,-0.5,↘️ LEAN SHORT,0.006425,-0.43,-3.81,46.6,22.2,815966,1575,-10,0.512,30194.00
2026-07-01T01:17:41.953Z,25434324,4,77,1559.23,5.54,UP,2.5,⬆️ LONG,0.006127,-1.11,-1.08,42.96,92.5,19023381,1575,-16,0.522,30194.00
2026-07-01T01:39:52.943Z,25434435,4,58,1580.32,11.42,UP,-0.5,↘️ LEAN SHORT,0.006392,0.11,2.83,49.83,83.9,21134097,1575,5,0.522,30194.00
2026-07-01T03:36:51.074Z,25435019,4,38,1589.68,9.05,UP,-0.5,↘️ LEAN SHORT,0.007362,0.23,2.49,52.87,5.2,587580,1575,15,0.522,30194.00
2026-07-01T04:46:16.829Z,25435365,4,51,1598.44,6.01,UP,-1.5,⬇️ SHORT,0.008025,0.58,-0.59,55.48,2.8,1917746,1575,23,0.524,30194.00
2026-07-01T06:22:51.416Z,25435845,4,32,1578.25,-6.34,DOWN,0.5,↗️ LEAN LONG,0.00726,-1.54,1.41,42.8,99.4,2702004,1575,3,0.467,30194.00
2026-07-01T06:37:30.791Z,25435918,4,64,1572.25,-6.19,DOWN,-0.5,↘️ LEAN SHORT,0.007162,-2.12,2.28,45.32,99.3,3093711,1575,-3,0.465,30194.00
2026-07-01T13:47:29.296Z,25438058,3,41,1586.55,7.95,UP,1.5,⬆️ LONG,0.002175,0.79,-5.2,52.44,19.5,2165805,1575,12,0.673,30194.00
2026-07-01T14:10:53.782Z,25438175,4,53,1600.04,9.24,UP,1,↗️ LEAN LONG,0.002477,1.69,0.17,52.99,14.7,4279302,1575,25,0.740,30194.00
2026-07-01T14:28:27.823Z,25438262,4,71,1603.63,-6.74,DOWN,-3,⬇️⬇️ STRONG SHORT,0.002348,1.47,6.07,51.96,7.1,12777735,1575,29,0.742,30194.00
2026-07-01T15:03:19.565Z,25438432,4,68,1604.59,6.16,UP,1,↗️ LEAN LONG,0.002112,0.78,7.62,51.25,15.7,10568246,1575,30,0.728,30194.00
2026-07-01T15:23:52.847Z,25438536,4,86,1624.99,17.44,UP,0.5,↗️ LEAN LONG,0.001769,0.51,5.65,51,13.8,13530865,1575,50,0.714,30194.00
2026-07-01T16:23:33.462Z,25438834,4,76,1614.43,-5.36,DOWN,-3,⬇️⬇️ STRONG SHORT,0.002058,0.24,4.66,48.08,6.6,13970269,1575,39,0.686,30194.00
2026-07-01T17:04:08.421Z,25439033,4,41,1606.68,-5.99,DOWN,-1.5,⬇️ SHORT,0.000319,-0.69,1.08,46.36,71.2,2232097,1575,32,0.671,30194.00
2026-07-01T17:19:55.879Z,25439112,4,67,1616.33,5.23,UP,1,↗️ LEAN LONG,0.000411,-0.42,1.82,49.03,69.8,2417738,1575,41,0.671,30194.00
2026-07-01T18:55:40.880Z,25439590,4,48,1612.12,-5.22,DOWN,-1,↘️ LEAN SHORT,-0.000419,-0.74,-0.05,48.45,62.2,466619,1575,37,0.687,30194.00
2026-07-01T20:19:30.270Z,25440007,4,76,1609.49,-5.24,DOWN,-1.5,⬇️ SHORT,-0.000691,-0.9,0.79,45.57,35.6,1070662,1575,34,0.736,30194.00
2026-07-01T21:53:31.634Z,25440473,4,42,1633.26,7.67,UP,-2.5,⬇️ SHORT,0.001336,1,2.04,58.99,6.4,5371301,1575,58,0.764,30194.00
2026-07-01T22:21:42.573Z,25440614,4,31,1638.80,10.58,UP,-2.5,⬇️ SHORT,0.001682,0.73,3.25,59.29,5.9,5899116,1575,64,0.766,30194.00
2026-07-01T22:31:44.430Z,25440664,4,80,1625.44,-6.00,DOWN,-3.5,⬇️⬇️ STRONG SHORT,0.001854,-0.73,5.42,53.9,3.7,20467584,1575,50,0.763,30194.00
2026-07-01T23:03:33.816Z,25440822,4,42,1616.08,-5.21,DOWN,-3.5,⬇️⬇️ STRONG SHORT,0.002137,-1.27,4.38,48.42,6.9,15853198,1575,41,0.764,30194.00
2026-07-02T00:03:05.884Z,25441120,4,50,1602.59,-6.10,DOWN,-0.5,↘️ LEAN SHORT,0.001877,-1.3,1.62,48.49,96.2,2144465,1650,-47,1.235,30194.00
2026-07-02T00:50:56.163Z,25441358,4,64,1601.90,5.69,UP,1.5,⬆️ LONG,0.001974,-0.89,2.11,48.93,95.5,3885188,1650,-48,1.219,30194.00
2026-07-02T01:33:07.642Z,25441567,3,24,1613.78,5.23,UP,0.5,↗️ LEAN LONG,0.001959,0.33,-0.54,54.05,42.5,3240458,1650,-36,1.218,30194.00
2026-07-02T01:43:14.338Z,25441618,4,62,1619.89,5.45,UP,-2,⬇️ SHORT,0.002083,0.83,-1.33,57.03,6.2,2832094,1650,-30,1.218,30194.00
2026-07-02T03:28:04.059Z,25442140,4,32,1630.67,10.63,UP,-2,⬇️ SHORT,0.003368,0.54,-1.29,56.82,8.7,1513573,1650,-19,1.215,30194.00
2026-07-02T03:53:08.751Z,25442264,4,63,1637.84,8.43,UP,-2,⬇️ SHORT,0.003502,1.4,1.14,56.22,6.8,3764271,1650,-12,1.208,30194.00
2026-07-02T06:49:30.025Z,25443144,4,59,1617.85,-5.79,DOWN,-2,⬇️ SHORT,0.004291,-0.95,-2.68,52.75,50.6,1081321,1650,-32,1.173,30194.00
2026-07-02T08:35:52.611Z,25443673,4,39,1622.06,5.13,UP,-2,⬇️ SHORT,0.005529,0.44,0.86,56.08,72.8,440022,1650,-28,1.133,30194.00
2026-07-02T09:31:31.278Z,25443949,4,23,1630.06,5.22,UP,0,↔️ NEUTRAL,0.006596,0.69,0.13,57.91,23.5,561019,1625,5,1.133,30194.00
2026-07-02T09:41:40.187Z,25444000,4,61,1645.56,5.97,UP,-2,⬇️ SHORT,0.00758,0.91,3.66,57.01,5.1,4598573,1625,21,1.131,30194.00
2026-07-02T09:58:57.803Z,25444086,4,63,1642.29,5.26,UP,-2,⬇️ SHORT,0.007932,1.47,6.27,55.14,7.1,4964958,1625,17,1.131,30194.00
2026-07-02T11:12:15.432Z,25444448,4,59,1651.04,7.00,UP,-1,↘️ LEAN SHORT,0.007246,0.34,1.43,51.2,7.2,3079855,1625,26,1.147,30194.00
2026-07-02T12:15:04.522Z,25444762,4,56,1653.50,5.20,UP,-1,↘️ LEAN SHORT,0.004236,0.42,1.3,52.9,4.8,807089,1625,29,1.149,30194.00
2026-07-02T12:30:03.216Z,25444836,4,54,1660.69,9.52,UP,-2.5,⬇️ SHORT,0.004158,0.63,2.08,56.36,5.9,3593487,1625,36,1.163,30194.00
2026-07-02T13:13:52.458Z,25445054,4,54,1668.83,6.22,UP,1,↗️ LEAN LONG,0.004429,1.78,5.65,54.64,10.7,14634132,1650,19,1.182,30194.00
2026-07-02T13:23:53.676Z,25445103,4,62,1680.50,6.88,UP,0,↔️ NEUTRAL,0.00474,2.58,7.21,54.25,4.8,36139558,1650,31,1.188,30194.00
2026-07-02T13:34:07.345Z,25445153,4,76,1692.21,11.17,UP,-0.5,↘️ LEAN SHORT,0.005251,3.57,8.84,54.62,2.9,59505740,1650,42,1.216,30194.00
2026-07-02T14:02:06.077Z,25445292,4,54,1716.03,9.89,UP,-0.5,↘️ LEAN SHORT,0.007197,4.41,11.91,53.54,3.2,110403247,1650,66,1.225,30194.00
2026-07-02T14:13:28.526Z,25445349,4,69,1718.15,7.61,UP,-0.5,↘️ LEAN SHORT,0.007431,4.31,12.57,52.82,3.5,113555440,1650,68,1.229,30194.00
2026-07-02T14:27:58.084Z,25445421,4,66,1697.08,-9.09,DOWN,-4.5,⬇️⬇️ STRONG SHORT,0.007468,2.44,6.7,50.49,5.7,72276132,1650,47,1.237,30194.00
2026-07-02T14:41:20.051Z,25445488,4,82,1693.39,-5.34,DOWN,-1.5,⬇️ SHORT,0.007662,0.97,0.63,48.2,19.1,12993433,1650,43,1.214,30194.00
2026-07-02T15:06:10.074Z,25445611,4,68,1693.61,-5.38,DOWN,-2.5,⬇️ SHORT,0.007745,-0.14,-0.91,48.73,43.4,10567155,1650,44,1.214,30194.00
2026-07-02T15:21:43.202Z,25445689,4,70,1695.23,5.12,UP,-1.5,⬇️ SHORT,0.007487,-0.13,-0.28,47.95,80.6,5747697,1650,45,1.218,30194.00
2026-07-02T15:53:08.346Z,25445845,4,70,1693.73,-5.88,DOWN,-2.5,⬇️ SHORT,0.007294,0.03,-4.28,50.81,65.0,1731189,1650,44,1.219,30194.00
2026-07-02T16:18:54.350Z,25445974,4,68,1692.80,-5.61,DOWN,-2.5,⬇️ SHORT,0.007338,0.54,-3.23,52.42,40.2,836521,1650,43,1.230,30194.00
2026-07-02T16:28:55.442Z,25446023,4,43,1686.15,-5.45,DOWN,-3.5,⬇️⬇️ STRONG SHORT,0.007291,-0.62,-1.54,48.5,87.5,1135261,1650,36,1.231,30194.00
2026-07-02T16:41:41.314Z,25446087,4,58,1693.47,5.24,UP,-1.5,⬇️ SHORT,0.007443,-0.03,-0.07,49.78,75.5,1328706,1650,43,1.224,30194.00
2026-07-02T17:36:27.039Z,25446360,3,33,1695.59,-5.80,DOWN,-3.5,⬇️⬇️ STRONG SHORT,0.007303,0.57,-0.23,51.21,5.5,1535958,1650,46,1.224,30194.00
2026-07-02T20:02:18.690Z,25447086,4,43,1696.19,-5.18,DOWN,-2.5,⬇️ SHORT,0.007517,-0.42,-0.11,48.75,33.0,296474,1650,46,1.262,30194.00
2026-07-02T20:58:39.820Z,25447368,3,23,1703.61,5.39,UP,0.5,↗️ LEAN LONG,0.007541,0.26,-0.66,54.78,14.3,411757,1650,54,1.263,29551.25
2026-07-02T23:02:43.543Z,25447984,4,49,1691.77,-5.63,DOWN,-2.5,⬇️ SHORT,0.007774,-0.55,-3.86,51.9,69.7,151577,1650,42,1.270,29551.25
2026-07-03T01:06:07.494Z,25448599,4,49,1701.56,5.28,UP,-1,↘️ LEAN SHORT,0.006663,0.23,-1.9,50.19,50.0,271059,1625,77,1.916,29551.25
2026-07-03T01:16:15.761Z,25448647,4,47,1706.06,6.67,UP,0,↔️ NEUTRAL,0.00724,0.18,-0.56,54.59,10.5,3427809,1625,81,1.833,29551.25
2026-07-03T01:36:27.707Z,25448748,4,35,1714.26,7.17,UP,0,↔️ NEUTRAL,0.006975,0.84,0.08,54.12,13.9,4273739,1650,64,1.753,29551.25
2026-07-03T02:10:31.202Z,25448917,4,60,1711.01,5.23,UP,0,↔️ NEUTRAL,0.006169,0.52,1.17,50.01,13.0,3805730,1650,61,1.710,29551.25
2026-07-03T02:29:28.418Z,25449012,4,34,1701.35,-6.97,DOWN,-1,↘️ LEAN SHORT,0.006049,-0.08,3.86,36.35,16.7,537876,1650,51,1.710,29551.25
2026-07-03T03:20:30.045Z,25449266,4,59,1704.37,6.40,UP,1,↗️ LEAN LONG,0.0063,-0.52,1.72,39.78,96.2,1447135,1650,54,1.710,29551.25
2026-07-03T05:34:55.500Z,25449929,4,57,1713.76,5.97,UP,-3,⬇️⬇️ STRONG SHORT,0.009609,0.59,0.79,55.08,2.9,535797,1650,64,1.741,29551.25
2026-07-03T06:07:39.688Z,25450093,4,52,1718.17,5.30,UP,-3,⬇️⬇️ STRONG SHORT,0.01,0.95,1.7,53.84,1.1,1339405,1650,68,1.875,29551.25
2026-07-03T08:27:43.528Z,25450788,3,32,1719.95,5.68,UP,-1,↘️ LEAN SHORT,0.01,0.24,-0.36,50.04,11.8,318537,1650,70,1.676,29551.25
2026-07-03T08:43:32.137Z,25450867,3,19,1728.16,9.50,UP,-2,⬇️ SHORT,0.01,0.56,-0.63,57.47,17.4,4665376,1675,53,1.679,29551.25
2026-07-03T08:53:42.960Z,25450918,4,56,1718.17,-8.36,DOWN,-3,⬇️⬇️ STRONG SHORT,0.01,-0.21,2.1,52.88,19.9,9044338,1675,43,1.709,29551.25
2026-07-03T09:06:06.642Z,25450980,4,44,1724.17,8.58,UP,-1,↘️ LEAN SHORT,0.01,0.64,2.63,53.02,21.9,9325519,1675,49,1.709,29551.25
2026-07-03T09:46:51.992Z,25451184,4,35,1725.14,5.55,UP,0,↔️ NEUTRAL,0.009109,0.52,-2.24,49.28,90.1,1254422,1675,50,1.831,29551.25
2026-07-03T10:12:51.010Z,25451313,4,23,1734.65,6.46,UP,-1,↘️ LEAN SHORT,0.009642,0.38,-3.96,55.47,13.1,476652,1675,60,1.813,29551.25
2026-07-03T10:24:06.067Z,25451368,4,52,1735.86,5.61,UP,-2,⬇️ SHORT,0.009375,0.61,-2.77,53.93,6.7,3238306,1675,61,1.814,29551.25
2026-07-03T10:44:44.446Z,25451470,4,50,1744.96,7.51,UP,-1,↘️ LEAN SHORT,0.009567,1.63,1.93,56.1,15.7,13262044,1700,45,1.832,29551.25
2026-07-03T11:00:18.800Z,25451548,4,58,1736.30,-7.29,DOWN,-2,⬇️ SHORT,0.009623,1.8,4.51,52.76,14.7,14244116,1700,36,1.870,29551.25
2026-07-03T12:19:44.183Z,25451942,3,46,1730.44,-7.51,DOWN,-2.5,⬇️ SHORT,0.00695,-0.3,-0.86,47.32,66.6,1703923,1700,30,1.908,29551.25
2026-07-03T13:43:51.199Z,25452363,3,36,1747.54,5.76,UP,-2,⬇️ SHORT,0.005199,-0.01,-12.67,49.3,8.8,3024806,1700,48,1.588,29551.25
2026-07-03T14:02:18.929Z,25452454,3,26,1740.10,-5.58,DOWN,-4,⬇️⬇️ STRONG SHORT,0.005231,-0.67,-13.32,50.85,8.1,3516914,1700,40,1.589,29551.25
2026-07-03T14:14:28.735Z,25452515,4,43,1731.58,-9.28,DOWN,-2.5,⬇️ SHORT,0.005132,-1.22,-15.54,50.42,49.3,6354676,1700,32,1.588,29551.25
2026-07-03T15:08:16.528Z,25452784,4,51,1741.44,5.23,UP,-1,↘️ LEAN SHORT,0.005708,-0.22,-5.18,48.61,61.6,6420762,1700,41,1.597,29551.25
2026-07-03T15:24:06.892Z,25452863,4,53,1732.73,-6.61,DOWN,-3.5,⬇️⬇️ STRONG SHORT,0.006163,-0.44,-3.68,48.14,6.7,2698151,1700,33,1.597,29551.25
2026-07-03T19:16:15.793Z,25454018,4,16,1743.12,7.11,UP,-3,⬇️⬇️ STRONG SHORT,0.006442,0.2,-0.72,60.55,1.1,494929,1700,43,1.614,29551.25
2026-07-03T20:28:16.655Z,25454378,4,54,1751.96,5.01,UP,-2,⬇️ SHORT,0.008684,-0.2,2.69,52.81,3.8,11568157,1700,52,1.614,29551.25
2026-07-03T20:38:31.643Z,25454429,4,62,1761.95,12.25,UP,-3,⬇️⬇️ STRONG SHORT,0.009391,-0.35,5.25,56.65,2.3,43299640,1700,62,1.558,29551.25
2026-07-03T20:49:02.732Z,25454482,4,67,1768.23,5.27,UP,-3,⬇️⬇️ STRONG SHORT,0.009882,-0.01,6.48,57.6,2.3,40669239,1700,68,1.559,29551.25
2026-07-03T21:17:22.474Z,25454622,4,50,1762.95,-5.17,DOWN,-4,⬇️⬇️ STRONG SHORT,0.00983,-0.26,8.11,54.73,2.1,40316166,1700,63,1.561,29551.25
2026-07-04T13:21:30.842Z,25459424,3,24,1770.56,9.51,UP,-2,⬇️ SHORT,0.006065,0.37,-1.18,60.3,6.6,6329838,1700,71,0.587,0.00
2026-07-04T15:09:55.376Z,25459964,4,47,1783.83,10.58,UP,0,↔️ NEUTRAL,0.004034,0.92,-0.1,57.46,17.2,14930035,1725,59,0.605,0.00
2026-07-04T15:24:41.781Z,25460038,4,46,1792.52,7.60,UP,0,↔️ NEUTRAL,0.004875,0.8,5.87,55.12,14.6,26564444,1725,68,0.615,0.00
2026-07-04T17:02:33.175Z,25460525,3,24,1778.22,-7.15,DOWN,-3,⬇️⬇️ STRONG SHORT,0.005466,-0.71,2.19,46.99,81.7,1770812,1725,53,0.635,0.00
2026-07-04T17:33:19.400Z,25460676,4,43,1790.26,5.90,UP,-1,↘️ LEAN SHORT,0.007719,-0.3,1.97,52.29,87.7,1403612,1725,65,0.620,0.00
2026-07-04T17:51:18.450Z,25460765,4,37,1797.22,7.98,UP,0,↔️ NEUTRAL,0.008192,0.01,2.8,57.03,13.7,12395949,1725,72,0.611,0.00
2026-07-04T20:19:45.340Z,25461504,3,19,1785.30,-7.32,DOWN,-3,⬇️⬇️ STRONG SHORT,0.009651,-0.22,-2.97,49.07,82.6,673834,1725,60,0.616,0.00
2026-07-04T23:15:30.075Z,25462376,4,45,1771.98,-10.88,DOWN,0,↔️ NEUTRAL,0.007667,-0.95,1.07,40.21,93.4,5948244,1725,47,0.641,0.00
2026-07-05T01:18:04.161Z,25462986,3,14,1765.11,-5.74,DOWN,-1.5,⬇️ SHORT,0.008172,-0.7,-0.69,46.21,96.2,1486044,1725,40,1.121,0.00
2026-07-05T01:33:51.066Z,25463065,4,43,1760.07,-6.83,DOWN,0,↔️ NEUTRAL,0.008004,-0.91,0.5,44.87,98.0,3973652,1725,35,1.166,0.00
2026-07-05T02:45:19.788Z,25463421,4,32,1756.08,-6.33,DOWN,-3,⬇️⬇️ STRONG SHORT,0.006819,-0.65,1.7,49.07,76.3,1488489,1725,31,1.173,0.00
2026-07-05T09:40:53.410Z,25465488,3,16,1752.80,-6.69,DOWN,0,↔️ NEUTRAL,0.004691,-1.14,0.86,39.89,92.5,2415484,1775,-22,1.211,0.00
2026-07-05T15:03:55.404Z,25467097,3,21,1776.44,6.88,UP,0,↔️ NEUTRAL,0.005593,0.53,-2.56,60.52,27.3,862308,1750,26,1.171,0.00
2026-07-05T17:24:42.462Z,25467797,3,11,1782.06,6.13,UP,1,↗️ LEAN LONG,0.005593,0.21,-1.79,49.66,11.3,2563810,1750,32,1.176,0.00
2026-07-05T21:20:27.958Z,25468969,4,39,1775.93,5.03,UP,0,↔️ NEUTRAL,0.005571,-0.04,0.35,42.3,83.2,1367579,1750,26,1.231,0.00
2026-07-05T21:56:51.920Z,25469149,4,21,1788.54,9.08,UP,-0.5,↘️ LEAN SHORT,0.006639,-0.24,4.39,55.68,27.5,4457435,1750,39,1.221,0.00
2026-07-05T22:17:39.470Z,25469253,4,57,1795.38,7.40,UP,-2.5,⬇️ SHORT,0.007266,0.84,6.43,59.22,3.0,7070272,1750,45,1.213,0.00
2026-07-05T22:30:57.880Z,25469319,4,46,1804.39,6.74,UP,-2.5,⬇️ SHORT,0.007716,1.01,8.74,58.27,3.0,15038932,1750,54,1.199,0.00
2026-07-05T22:44:17.334Z,25469386,3,35,1787.57,-5.11,DOWN,-4.5,⬇️⬇️ STRONG SHORT,0.007454,0.48,10.75,55.88,7.4,16226658,1750,38,1.202,0.00
2026-07-05T23:06:17.180Z,25469496,4,40,1792.90,5.91,UP,0.5,↗️ LEAN LONG,0.008422,0.52,9.22,52.67,13.0,13318472,1750,43,1.203,0.00
2026-07-05T23:24:32.516Z,25469587,3,27,1791.54,-5.53,DOWN,-1.5,⬇️ SHORT,0.009062,0.02,5.15,49.84,26.2,6396471,1750,42,1.228,0.00
2026-07-05T23:49:06.818Z,25469708,4,33,1782.09,-5.23,DOWN,-3,⬇️⬇️ STRONG SHORT,0.008347,-0.17,1.91,48.74,74.0,1007621,1750,32,1.194,0.00
2026-07-06T00:10:44.321Z,25469815,3,43,1778.83,-5.51,DOWN,-3,⬇️⬇️ STRONG SHORT,0.008129,-0.39,1.13,47.1,75.6,799661,1750,29,1.236,0.00
2026-07-06T00:46:15.029Z,25469993,4,68,1789.26,5.47,UP,-1.5,⬇️ SHORT,0.008724,0.32,3.67,48.4,72.8,2335089,1750,39,1.297,0.00
2026-07-06T01:26:56.367Z,25470196,3,32,1785.32,-5.11,DOWN,-1,↘️ LEAN SHORT,0.009115,0.67,0.99,49.15,29.0,1918010,1750,35,1.298,0.00
2026-07-06T01:49:54.163Z,25470310,4,60,1784.13,-6.89,DOWN,-1.5,⬇️ SHORT,0.008332,-0.01,-0.7,50.34,12.3,1366483,1750,34,1.304,0.00
2026-07-06T02:22:15.194Z,25470472,4,40,1786.68,5.82,UP,-0.5,↘️ LEAN SHORT,0.007572,-0.36,-0.44,50.39,57.7,1038711,1750,37,1.288,0.00
2026-07-06T03:22:56.058Z,25470774,4,12,1775.27,-5.00,DOWN,-3,⬇️⬇️ STRONG SHORT,0.006938,-0.43,-0.5,46.43,83.2,539008,1750,25,1.201,0.00
2026-07-06T05:30:11.911Z,25471408,3,24,1765.68,-6.20,DOWN,-3,⬇️⬇️ STRONG SHORT,0.002561,-1.04,1.28,47.19,86.1,2463693,1750,16,1.236,0.00
2026-07-06T08:37:07.375Z,25472339,4,41,1761.83,-6.07,DOWN,-3,⬇️⬇️ STRONG SHORT,0.004445,-0.41,1.41,47.24,72.9,1079630,1775,-13,1.286,0.00
2026-07-06T11:58:51.381Z,25473346,3,16,1763.55,-6.79,DOWN,-2,⬇️ SHORT,0.004527,-0.4,0.99,48.6,64.3,832945,1750,14,1.255,0.00
2026-07-06T12:12:05.477Z,25473412,4,69,1743.16,5.30,UP,3,⬆️⬆️ STRONG LONG,0.003581,-2.51,10.63,44.67,91.1,18304680,1750,-7,1.285,0.00
2026-07-06T12:44:26.494Z,25473574,4,48,1738.70,-8.97,DOWN,-2,⬇️ SHORT,0.00349,-2.56,13.57,45.09,90.6,19715353,1750,-11,1.187,0.00
2026-07-06T12:54:30.209Z,25473624,4,51,1742.73,5.61,UP,0,↔️ NEUTRAL,0.003275,-2.2,16.1,45.61,89.6,21091266,1775,-32,1.265,0.00
2026-07-06T13:04:31.247Z,25473674,4,51,1731.31,-7.10,DOWN,-2.5,⬇️ SHORT,0.003625,-0.5,13.37,47.34,84.8,9577743,1775,-44,1.211,0.00
2026-07-06T13:18:30.155Z,25473744,3,26,1729.28,-6.76,DOWN,-2.5,⬇️ SHORT,0.004131,-0.32,7.78,47.33,88.5,4370230,1775,-46,1.160,0.00
2026-07-06T13:28:43.231Z,25473795,4,81,1730.73,-5.03,DOWN,-2.5,⬇️ SHORT,0.004545,-0.55,7.76,47.01,89.7,4545394,1775,-44,1.167,0.00
2026-07-06T13:38:44.257Z,25473845,3,44,1731.49,-6.77,DOWN,-2.5,⬇️ SHORT,0.004964,-0.35,9.43,47,83.3,5006105,1775,-44,1.162,0.00
2026-07-06T13:48:51.622Z,25473896,4,45,1745.79,5.01,UP,0,↔️ NEUTRAL,0.005659,0.75,9.93,50.1,69.4,4837689,1775,-29,1.161,0.00
2026-07-06T14:24:03.303Z,25474072,4,38,1750.79,8.39,UP,0,↔️ NEUTRAL,0.00565,0.58,8.14,50.73,45.2,3889959,1775,-24,1.203,0.00
2026-07-06T15:04:19.959Z,25474271,3,45,1754.70,6.08,UP,1,↗️ LEAN LONG,0.006851,0.6,4.21,51.68,11.7,4541831,1775,-20,1.149,0.00
2026-07-06T15:30:30.960Z,25474399,4,62,1763.44,5.63,UP,1,↗️ LEAN LONG,0.006597,0.78,2.05,49.99,15.1,3107836,1775,-12,1.149,0.00
2026-07-06T15:41:53.297Z,25474455,3,27,1768.79,8.32,UP,1,↗️ LEAN LONG,0.006211,0.69,1.71,51.29,13.9,3050714,1750,19,1.152,0.00
2026-07-06T15:51:53.485Z,25474505,4,70,1782.91,11.54,UP,-1,↘️ LEAN SHORT,0.00656,1.58,5.87,53.9,2.3,20314749,1750,33,1.076,0.00
2026-07-06T16:08:52.534Z,25474588,4,51,1792.71,8.40,UP,-1.5,⬇️ SHORT,0.006963,1.99,10.03,53.79,2.7,26227491,1750,43,1.110,0.00
2026-07-06T16:24:30.741Z,25474666,4,57,1791.32,-6.84,DOWN,-4,⬇️⬇️ STRONG SHORT,0.007849,3.04,13.45,52.53,5.3,28301304,1775,16,1.158,0.00
2026-07-06T16:34:44.201Z,25474717,4,66,1791.66,5.42,UP,0,↔️ NEUTRAL,0.007699,2.9,15.19,51.83,6.9,28979199,1775,17,1.158,0.00
2026-07-06T17:37:50.508Z,25475033,4,45,1787.82,-6.25,DOWN,-1,↘️ LEAN SHORT,0.007443,-0.08,0.87,51.54,19.8,497786,1775,13,1.144,0.00
2026-07-06T20:02:27.803Z,25475755,4,34,1787.60,-5.33,DOWN,0,↔️ NEUTRAL,0.008388,-0.27,0.65,44.62,15.1,781536,1775,13,1.199,0.00
2026-07-06T21:09:14.647Z,25476088,4,21,1814.64,22.97,UP,-1.5,⬇️ SHORT,0.008328,0.44,-0.51,60.89,2.5,77658,1775,40,1.165,0.00
2026-07-06T21:52:31.397Z,25476304,4,51,1816.79,5.35,UP,-1.5,⬇️ SHORT,0.008651,0.72,6.24,54.81,3.1,49931782,1775,42,1.205,0.00
2026-07-07T00:26:42.452Z,25477075,4,55,1807.17,5.73,UP,0.5,↗️ LEAN LONG,0.008706,0.21,-0.46,50.79,24.8,2695950,1750,57,0.949,0.00
2026-07-07T00:38:55.800Z,25477136,4,38,1799.10,-5.94,DOWN,-1.5,⬇️ SHORT,0.008513,-0.33,-0.61,50.51,25.2,2714334,1750,49,0.968,0.00
2026-07-07T01:02:31.432Z,25477254,4,42,1796.44,-5.19,DOWN,-3.5,⬇️⬇️ STRONG SHORT,0.007901,-0.06,-0.78,52.29,8.4,2207030,1750,46,0.968,0.00
2026-07-07T02:25:20.761Z,25477667,4,33,1782.95,-5.41,DOWN,0,↔️ NEUTRAL,0.005009,-0.44,-0.11,44.11,98.1,1012918,1750,33,0.976,0.00
2026-07-07T05:32:57.212Z,25478601,3,37,1764.35,5.57,UP,0,↔️ NEUTRAL,-0.000153,-0.19,-0.36,48.41,89.5,3424996,1775,-11,1.077,0.00
2026-07-07T07:36:03.331Z,25479211,3,24,1770.98,-5.19,DOWN,-1,↘️ LEAN SHORT,0.002279,0,1.33,51.73,18.5,728409,1775,-4,0.964,0.00
2026-07-07T11:47:44.084Z,25480467,3,35,1781.01,6.03,UP,1,↗️ LEAN LONG,0.003277,0.22,-0.13,50.95,14.5,632943,1775,6,1.005,0.00
2026-07-07T12:06:57.570Z,25480563,4,57,1784.18,6.54,UP,-2,⬇️ SHORT,0.002903,0.7,-5.52,57.85,5.1,603176,1775,9,0.937,0.00
2026-07-07T12:33:40.250Z,25480696,4,51,1784.47,-5.17,DOWN,-4,⬇️⬇️ STRONG SHORT,0.003772,0.13,-6.16,55.36,5.3,2650920,1775,9,0.923,0.00
2026-07-07T13:26:08.018Z,25480958,3,37,1769.22,-5.44,DOWN,-2,⬇️ SHORT,0.004199,-0.9,-4.72,42.52,75.7,1416307,1775,-6,0.925,0.00
2026-07-07T13:36:15.309Z,25481009,4,45,1766.29,-5.70,DOWN,-3,⬇️⬇️ STRONG SHORT,0.004083,-0.6,-4.75,46.32,86.3,2677712,1775,-9,0.926,0.00
2026-07-07T13:46:32.053Z,25481060,4,35,1777.08,10.25,UP,-1,↘️ LEAN SHORT,0.003931,-0.21,-4.18,48.62,79.9,3171990,1775,2,1.018,0.00
2026-07-07T13:56:52.074Z,25481111,4,72,1765.10,-9.06,DOWN,-3,⬇️⬇️ STRONG SHORT,0.003581,-0.58,-3.38,49.31,77.6,4488960,1775,-10,0.956,0.00
2026-07-07T14:06:56.494Z,25481161,4,77,1774.82,6.19,UP,-1,↘️ LEAN SHORT,0.003405,0.02,-0.46,49.62,71.6,4352210,1775,-0,0.949,0.00
2026-07-07T14:30:30.797Z,25481279,4,76,1770.32,6.06,UP,-1,↘️ LEAN SHORT,0.003031,0.33,-0.91,49.94,70.3,4300519,1775,-5,0.921,0.00
2026-07-07T14:41:20.634Z,25481332,4,72,1768.77,5.24,UP,-1,↘️ LEAN SHORT,0.002982,0.09,0.13,49.92,71.1,4827757,1775,-6,0.891,0.00
2026-07-07T14:52:07.381Z,25481386,4,49,1779.61,6.71,UP,-1,↘️ LEAN SHORT,0.003447,0.29,1.02,49.29,70.9,4737929,1775,5,0.891,0.00
2026-07-07T15:06:41.633Z,25481459,4,70,1782.35,-5.79,DOWN,-1,↘️ LEAN SHORT,0.003378,0.37,1.82,50.1,29.9,7851100,1775,7,0.828,0.00
2026-07-07T15:24:09.292Z,25481546,4,49,1789.89,5.08,UP,1,↗️ LEAN LONG,0.003515,1.04,1.15,50.89,26.6,7945359,1775,15,0.836,0.00
2026-07-07T15:45:41.249Z,25481654,4,22,1795.98,5.39,UP,-1,↘️ LEAN SHORT,0.003872,1.59,0.71,52.25,3.2,6854392,1775,21,0.889,0.00
2026-07-07T16:11:31.530Z,25481782,3,44,1791.81,-5.18,DOWN,-3,⬇️⬇️ STRONG SHORT,0.004151,0.7,-5.42,51.77,5.4,3017483,1775,17,0.892,0.00
2026-07-07T16:24:08.166Z,25481845,4,47,1798.46,6.57,UP,-1,↘️ LEAN SHORT,0.004764,0.65,-7.04,50.39,6.5,2914927,1775,23,0.851,0.00
2026-07-07T16:52:44.296Z,25481988,4,22,1808.87,6.58,UP,-1,↘️ LEAN SHORT,0.005696,0.47,-6.88,52.33,2.4,10188722,1775,34,0.852,0.00
2026-07-07T17:17:15.204Z,25482110,4,34,1798.16,-5.21,DOWN,-3,⬇️⬇️ STRONG SHORT,0.005671,0.04,-1.41,50.96,3.7,10125855,1775,23,0.856,0.00
2026-07-07T18:09:19.172Z,25482370,4,38,1799.81,-5.26,DOWN,-2,⬇️ SHORT,0.00587,-0.23,-0.83,45.24,46.8,718152,1775,25,0.856,0.00
2026-07-07T18:50:31.281Z,25482576,4,37,1793.89,-8.12,DOWN,-2,⬇️ SHORT,0.005966,-0.68,-0.09,43.41,75.1,509385,1775,19,0.857,0.00
2026-07-07T19:01:05.361Z,25482629,4,54,1781.03,-5.42,DOWN,0,↔️ NEUTRAL,0.005037,-1.82,1.56,40.87,96.2,2892688,1775,6,0.847,0.00
2026-07-07T19:11:18.331Z,25482680,3,51,1777.57,-6.23,DOWN,0,↔️ NEUTRAL,0.004659,-1.84,2.99,42.06,95.3,3494810,1775,3,0.852,0.00
2026-07-07T19:23:02.927Z,25482739,4,57,1779.35,5.23,UP,2,⬆️ LONG,0.00412,-2.18,4.04,43.66,96.2,4923263,1775,4,0.853,0.00
2026-07-07T19:34:55.404Z,25482798,4,44,1787.04,5.14,UP,1,↗️ LEAN LONG,0.004342,-1.38,4.57,46.38,94.9,4932905,1775,12,0.852,0.00
2026-07-07T20:09:18.021Z,25482969,3,49,1783.93,-6.10,DOWN,-1,↘️ LEAN SHORT,0.003765,0.11,2.47,51.1,90.6,1936776,1775,9,0.853,0.00
2026-07-07T21:17:20.550Z,25483308,4,50,1778.44,-7.24,DOWN,-3,⬇️⬇️ STRONG SHORT,0.003439,-0.57,-6.69,45.11,77.4,1110946,1775,3,0.862,0.00
2026-07-07T21:53:40.101Z,25483489,4,23,1770.28,-5.32,DOWN,-1,↘️ LEAN SHORT,0.003015,-0.55,-6.88,49.94,91.1,3329093,1775,-5,0.948,0.00
2026-07-07T22:05:30.649Z,25483548,4,49,1771.86,6.14,UP,1,↗️ LEAN LONG,0.002935,-1.47,-5.69,48.17,98.8,8178657,1775,-3,0.956,0.00
2026-07-07T22:36:57.994Z,25483705,3,33,1775.81,5.88,UP,1,↗️ LEAN LONG,0.003242,-0.38,0.58,50.93,99.1,7006414,1775,1,0.954,0.00
2026-07-08T00:24:19.391Z,25484241,3,40,1776.27,5.05,UP,1,↗️ LEAN LONG,0.001873,-0.17,-0.92,51.98,92.2,154762,1750,26,1.190,0.00
2026-07-08T01:36:40.235Z,25484602,4,29,1759.59,-11.99,DOWN,-2,⬇️ SHORT,0.001766,-0.2,-1.92,37.49,83.5,422876,1750,10,1.264,0.00
2026-07-08T01:46:51.043Z,25484652,4,71,1759.23,5.80,UP,2,⬆️ LONG,0.001135,-1.08,1.39,41.29,98.4,15650038,1750,9,1.280,0.00
2026-07-08T01:57:09.587Z,25484703,3,54,1752.22,-5.68,DOWN,1,↗️ LEAN LONG,0.000792,-1.3,1.93,42.02,98.3,15747524,1750,2,1.288,0.00
2026-07-08T02:33:05.764Z,25484883,3,43,1746.39,-6.12,DOWN,1,↗️ LEAN LONG,0.00038,-0.92,3.39,43.46,98.4,18247258,1775,-29,1.233,0.00
2026-07-08T02:43:53.354Z,25484936,3,39,1752.21,5.42,UP,2,⬆️ LONG,0.000184,0.56,1.64,47.55,94.7,9445452,1775,-23,1.236,0.00
2026-07-08T03:54:55.093Z,25485290,4,62,1748.58,-5.24,DOWN,-2,⬇️ SHORT,-0.000014,-0.7,-0.71,47.71,72.3,580708,1775,-26,1.213,0.00
2026-07-08T06:51:39.219Z,25486172,3,24,1751.25,5.26,UP,-1,↘️ LEAN SHORT,0.001826,0.48,-1.54,49,79.5,720774,1775,-24,1.179,0.00
2026-07-08T08:17:42.980Z,25486601,4,29,1746.07,-9.41,DOWN,-2,⬇️ SHORT,0.002929,-0.25,0.1,53.19,60.8,767440,1775,-29,1.187,0.00
2026-07-08T08:27:54.942Z,25486652,4,61,1731.43,-5.97,DOWN,-3,⬇️⬇️ STRONG SHORT,0.002055,-1.43,3.62,46.65,89.2,8657893,1775,-44,1.405,0.00
2026-07-08T08:39:28.431Z,25486710,4,65,1726.42,-6.46,DOWN,-1.5,⬇️ SHORT,0.001865,-1.19,6.29,46.05,92.7,13031788,1750,-24,1.403,0.00
2026-07-08T08:49:42.535Z,25486760,4,81,1738.39,5.75,UP,-1.5,⬇️ SHORT,0.002192,-0.59,9.2,46.45,85.1,16004329,1750,-12,1.394,0.00
2026-07-08T09:00:32.308Z,25486814,4,44,1732.82,-5.01,DOWN,-3.5,⬇️⬇️ STRONG SHORT,0.00202,-0.81,10.31,46.42,86.1,17070100,1750,-17,1.413,0.00
2026-07-08T09:32:26.614Z,25486973,3,32,1735.97,5.14,UP,-1.5,⬇️ SHORT,0.003792,0.98,6.62,48.85,77.4,7990880,1750,-14,1.384,0.00
2026-07-08T11:44:08.747Z,25487629,4,45,1744.53,9.56,UP,-0.5,↘️ LEAN SHORT,0.005115,0.05,0.3,57.86,20.5,274121,1750,-5,1.559,0.00
2026-07-08T13:00:31.352Z,25488009,4,63,1736.98,-6.93,DOWN,-3.5,⬇️⬇️ STRONG SHORT,0.007665,-0.64,-2.12,48.37,72.2,408235,1750,-13,1.476,0.00
2026-07-08T13:32:56.265Z,25488170,4,43,1739.66,5.84,UP,-1.5,⬇️ SHORT,0.007914,-0.4,-0.06,46.4,84.2,1077007,1750,-10,1.407,0.00
2026-07-08T13:49:39.906Z,25488254,3,39,1731.27,-5.43,DOWN,-3.5,⬇️⬇️ STRONG SHORT,0.007531,-0.53,-0.64,48.96,77.2,1512908,1750,-19,1.443,0.00
2026-07-08T13:59:52.762Z,25488305,4,51,1736.33,5.06,UP,-1.5,⬇️ SHORT,0.00762,-0.15,-0.79,50.18,73.5,1455846,1750,-14,1.442,0.00
2026-07-08T14:17:19.231Z,25488390,4,61,1725.77,-8.28,DOWN,-3.5,⬇️⬇️ STRONG SHORT,0.007336,-0.93,-1.83,48.54,84.4,2381121,1750,-24,1.425,0.00
2026-07-08T14:28:29.780Z,25488446,4,47,1731.71,-5.34,DOWN,-3.5,⬇️⬇️ STRONG SHORT,0.006967,-0.2,-1.25,50.32,75.5,2068051,1750,-18,1.428,0.00
2026-07-08T14:46:27.439Z,25488536,3,34,1723.62,-6.07,DOWN,-3.5,⬇️⬇️ STRONG SHORT,0.006279,-0.9,-1.3,47.13,82.3,2702109,1750,-26,1.316,0.00
2026-07-08T14:56:30.993Z,25488586,3,56,1730.08,5.67,UP,-1.5,⬇️ SHORT,0.00619,-0.04,-1.03,48.1,81.0,2651581,1750,-20,1.325,0.00
2026-07-08T15:11:07.617Z,25488659,3,43,1718.81,-5.77,DOWN,-3.5,⬇️⬇️ STRONG SHORT,0.005476,-0.66,-0.96,45.69,86.2,3496716,1750,-31,1.325,0.00
2026-07-08T16:41:28.144Z,25489107,4,48,1731.16,5.11,UP,-1,↘️ LEAN SHORT,0.004459,0.59,-1.44,53.66,4.1,1393964,1750,-19,1.261,0.00
2026-07-08T17:23:45.453Z,25489318,3,40,1738.07,5.03,UP,-1,↘️ LEAN SHORT,0.004526,0.58,-0.92,51.65,3.6,1182691,1750,-12,1.264,0.00
2026-07-08T17:55:27.899Z,25489477,4,44,1731.12,-6.75,DOWN,-2,⬇️ SHORT,0.004404,-0.79,0.22,46.64,42.3,1806751,1750,-19,1.283,0.00
2026-07-08T18:49:58.548Z,25489748,4,35,1734.52,5.03,UP,1,↗️ LEAN LONG,0.004275,-0.31,0.23,45.61,94.8,965967,1750,-15,1.204,0.00
2026-07-09T01:09:55.900Z,25491645,4,42,1750.11,12.73,UP,-0.5,↘️ LEAN SHORT,0.006782,0.13,-1.7,55.5,20.1,410982,1700,50,1.153,0.00
2026-07-09T01:41:43.142Z,25491802,4,23,1733.60,-6.63,DOWN,-1,↘️ LEAN SHORT,0.006203,-0.3,-1.85,51.98,14.0,4189737,1700,34,1.153,0.00
2026-07-09T02:35:27.425Z,25492070,4,47,1726.29,-6.77,DOWN,-3,⬇️⬇️ STRONG SHORT,0.006235,-0.73,-4.74,46.16,81.5,1039606,1700,26,1.174,0.00
2026-07-09T05:12:29.150Z,25492853,4,17,1744.64,5.66,UP,-2.5,⬇️ SHORT,0.006024,0.89,1.68,57.08,3.0,1725930,1700,45,1.188,0.00
2026-07-09T07:47:30.752Z,25493625,4,39,1756.90,6.08,UP,0.5,↗️ LEAN LONG,0.005884,0.04,1.22,52.41,15.9,2383948,1700,57,1.185,0.00
2026-07-09T10:52:53.557Z,25494547,4,30,1744.63,-5.00,DOWN,-1.5,⬇️ SHORT,0.002503,0.15,-1.14,43.56,55.6,265762,1700,45,1.193,0.00
2026-07-09T12:44:17.055Z,25495103,3,33,1737.64,-5.97,DOWN,-3.5,⬇️⬇️ STRONG SHORT,0.002321,0.46,-0.03,49.56,71.6,560177,1700,38,1.216,0.00
2026-07-09T13:03:30.336Z,25495199,4,42,1745.42,5.06,UP,-0.5,↘️ LEAN SHORT,0.002068,-1.25,2.42,50.47,61.8,1926193,1700,45,1.216,0.00
2026-07-09T13:32:31.004Z,25495343,4,47,1735.01,-8.55,DOWN,-2.5,⬇️ SHORT,0.001739,-1.33,-0.13,49.81,67.2,2335772,1700,35,1.217,0.00
2026-07-09T13:45:31.191Z,25495407,4,56,1742.92,5.25,UP,-0.5,↘️ LEAN SHORT,0.001804,-0.32,-0.24,52.32,69.1,2056251,1700,43,1.218,0.00
2026-07-09T14:16:40.716Z,25495561,3,39,1734.85,-5.79,DOWN,-2.5,⬇️ SHORT,0.002577,-1.01,-1.74,49.18,69.4,2254460,1700,35,1.209,0.00
2026-07-09T15:09:27.933Z,25495825,3,37,1744.31,5.52,UP,-1.5,⬇️ SHORT,0.002778,0.39,-3.9,49.34,73.4,1222234,1700,44,1.202,0.00
2026-07-09T17:40:43.486Z,25496579,4,43,1748.58,9.11,UP,-1.5,⬇️ SHORT,0.003055,0.32,-1.46,54.23,5.2,928771,1700,49,1.201,0.00
2026-07-09T18:07:40.840Z,25496714,4,45,1753.16,5.41,UP,-2.5,⬇️ SHORT,0.003633,0.49,-1.11,55.69,9.9,1063514,1700,53,1.201,0.00
2026-07-10T01:18:51.728Z,25498857,3,32,1744.37,5.02,UP,1,↗️ LEAN LONG,0.001352,0.24,-1.51,51.05,98.3,405048,1725,19,0.950,0.00
2026-07-10T01:49:15.223Z,25499007,4,24,1770.63,22.48,UP,-2.5,⬇️ SHORT,0.002512,1.55,0.39,61.19,4.7,9198694,1725,46,0.999,0.00
2026-07-10T01:59:18.523Z,25499056,4,55,1765.33,-6.16,DOWN,-4.5,⬇️⬇️ STRONG SHORT,0.002889,0.92,4.09,55.24,3.5,13007633,1725,40,1.018,0.00
2026-07-10T08:17:39.691Z,25500942,4,34,1782.44,8.84,UP,-2,⬇️ SHORT,0.00363,0.29,-0.45,58.91,5.1,3786682,1750,32,0.819,0.00
2026-07-10T10:22:43.241Z,25501564,4,51,1794.06,5.07,UP,-1.5,⬇️ SHORT,0.003296,0.97,3.46,51.94,1.0,4317466,1750,44,0.934,0.00
2026-07-10T13:52:28.935Z,25502608,4,49,1807.55,5.67,UP,-0.5,↘️ LEAN SHORT,0.005201,0.23,-0.69,55.23,17.3,2745555,1750,58,0.828,0.00
2026-07-10T14:06:40.475Z,25502679,4,56,1797.20,-5.63,DOWN,-1.5,⬇️ SHORT,0.004871,0.47,0.98,51.41,19.5,3259835,1750,47,0.828,0.00
2026-07-10T14:19:16.662Z,25502742,4,52,1787.05,-5.56,DOWN,-1.5,⬇️ SHORT,0.004677,-0.07,1.4,47.97,27.0,3607530,1750,37,0.778,0.00
2026-07-10T14:33:07.116Z,25502810,4,45,1780.31,-5.65,DOWN,-2,⬇️ SHORT,0.004942,-1.59,4.51,47.92,59.6,7587282,1750,30,0.768,0.00
2026-07-10T15:17:26.634Z,25503032,4,54,1791.64,5.00,UP,-1.5,⬇️ SHORT,0.004901,-1.15,6.45,49.01,77.8,7008655,1750,42,0.772,0.00
2026-07-10T16:39:29.389Z,25503441,3,36,1784.69,-5.38,DOWN,-2,⬇️ SHORT,0.005325,-0.16,-0.13,45.29,59.9,211202,1775,10,0.848,0.00
2026-07-10T19:35:39.598Z,25504321,4,59,1792.67,6.06,UP,-1,↘️ LEAN SHORT,0.008597,-0.12,0.98,49.59,75.3,1101867,1775,18,0.891,0.00
2026-07-11T01:40:40.217Z,25506142,4,25,1788.80,-5.21,DOWN,-2.5,⬇️ SHORT,0.00606,-0.09,-2.58,54.47,4.7,129011,1775,14,0.598,0.00
2026-07-11T14:37:31.075Z,25510014,4,39,1810.29,5.29,UP,-0.5,↘️ LEAN SHORT,0.006182,-0.27,-13.96,50.88,4.8,4355530,1775,35,0.568,0.00
2026-07-11T15:11:19.116Z,25510183,3,35,1823.16,11.60,UP,-2,⬇️ SHORT,0.006101,0.31,-6.45,57.16,5.5,4981887,1775,48,0.599,0.00
2026-07-11T15:25:08.260Z,25510252,4,61,1824.24,5.71,UP,-2,⬇️ SHORT,0.006401,0.88,5.06,56.2,8.5,14879067,1775,49,0.594,0.00
2026-07-11T15:37:43.128Z,25510315,4,21,1816.29,-5.27,DOWN,-1,↘️ LEAN SHORT,0.006424,0.85,6.69,51.7,10.0,13386768,1775,41,0.611,0.00
2026-07-11T22:21:19.805Z,25512325,4,40,1814.75,-5.81,DOWN,0,↔️ NEUTRAL,0.002356,-0.8,0.75,38.56,98.3,998502,1775,40,0.688,0.00
2026-07-11T23:11:15.789Z,25512575,4,53,1807.31,-5.54,DOWN,0.5,↗️ LEAN LONG,0.002243,-0.96,4.69,42.96,96.2,2016191,1775,32,0.686,0.00
2026-07-11T23:21:39.657Z,25512627,3,32,1802.56,-5.03,DOWN,0.5,↗️ LEAN LONG,0.001741,-1.03,4.79,44.79,95.5,1616945,1775,28,0.686,0.00
2026-07-11T23:35:27.760Z,25512693,3,30,1787.62,-5.69,DOWN,-0.5,↘️ LEAN SHORT,0.001266,-2.41,8.56,43.18,94.6,6612587,1775,13,0.679,0.00
2026-07-12T00:08:17.739Z,25512856,4,51,1782.22,-5.54,DOWN,-0.5,↘️ LEAN SHORT,0.000553,-2.91,13.12,45.15,94.3,8815199,1775,7,0.497,0.00
2026-07-12T00:32:07.448Z,25512973,4,22,1780.09,-6.18,DOWN,0.5,↗️ LEAN LONG,0.000521,-1.46,9.8,47.31,97.5,10031448,1775,5,0.524,0.00
2026-07-12T01:20:58.778Z,25513215,4,40,1798.08,5.08,UP,0.5,↗️ LEAN LONG,0.000206,0.66,6.99,54.68,78.1,5403624,1775,23,0.472,0.00
2026-07-12T06:04:15.341Z,25514626,4,39,1796.38,-5.61,DOWN,1.5,⬆️ LONG,0.000946,-0.65,0.5,43.08,96.4,1070724,1775,21,0.446,0.00
2026-07-12T08:09:04.440Z,25515249,4,39,1805.71,6.06,UP,-1.5,⬇️ SHORT,0.001053,0.24,1.44,56.74,0.5,892243,1775,31,0.416,0.00
2026-07-12T14:47:17.928Z,25517232,4,29,1816.15,9.32,UP,-1.5,⬇️ SHORT,0.003107,0.09,-3.42,58.91,4.6,2525605,1800,16,0.371,0.00
2026-07-12T15:25:52.328Z,25517424,4,60,1822.30,6.21,UP,-0.5,↘️ LEAN SHORT,0.003568,0.96,-4.3,54.6,4.9,5095059,1800,22,0.375,0.00
2026-07-12T21:21:20.099Z,25519195,4,64,1812.76,-6.11,DOWN,-1.5,⬇️ SHORT,0.001229,-0.35,0.37,44.51,89.1,191337,1800,13,0.579,0.00
2026-07-12T22:01:03.249Z,25519393,4,17,1804.81,-5.78,DOWN,0.5,↗️ LEAN LONG,0.001921,-1.04,1.44,37.87,98.4,1089337,1800,5,0.578,0.00
2026-07-12T22:11:07.722Z,25519443,4,51,1802.91,5.33,UP,2.5,⬆️ LONG,0.001697,-1.2,4.27,42.98,97.8,4034348,1800,3,0.580,0.00
2026-07-13T00:04:52.017Z,25520011,4,40,1810.67,5.96,UP,-2,⬇️ SHORT,0.002354,0.29,-7.85,56.07,2.0,412458,1825,-14,0.788,0.00
2026-07-13T00:15:05.982Z,25520062,4,70,1837.64,16.81,UP,-2,⬇️ SHORT,0.002663,0.83,0.65,59.31,5.1,17436851,1825,13,0.799,0.00
2026-07-13T00:28:18.622Z,25520128,4,77,1830.49,-5.37,DOWN,-4,⬇️⬇️ STRONG SHORT,0.003261,1.09,5.65,56.44,5.0,17811537,1825,5,0.813,0.00
2026-07-13T00:38:52.706Z,25520181,4,40,1817.77,-9.12,DOWN,-1,↘️ LEAN SHORT,0.003059,0.42,8.1,54.33,11.3,18940309,1825,-7,0.887,0.00
2026-07-13T00:48:55.769Z,25520231,4,57,1819.27,8.03,UP,1,↗️ LEAN LONG,0.002932,-0.2,12.83,53.49,18.6,21069861,1825,-6,0.860,0.00
2026-07-13T01:10:03.772Z,25520337,4,53,1816.67,-7.25,DOWN,-1,↘️ LEAN SHORT,0.002843,-0.49,16.02,52.35,20.1,20209913,1825,-8,0.868,0.00
2026-07-13T01:20:41.197Z,25520390,4,61,1818.71,-7.16,DOWN,-3,⬇️⬇️ STRONG SHORT,0.003138,-1.13,6.41,48.22,85.7,4302206,1825,-6,0.871,0.00
2026-07-13T01:47:29.989Z,25520523,4,37,1811.72,-5.42,DOWN,-3,⬇️⬇️ STRONG SHORT,0.00362,-0.44,1.87,48.27,72.5,1227107,1825,-13,0.802,0.00
2026-07-13T01:57:40.100Z,25520574,4,56,1805.25,-5.36,DOWN,-3,⬇️⬇️ STRONG SHORT,0.003024,-0.98,1.86,46.98,79.7,1262157,1825,-20,0.849,0.00
2026-07-13T02:16:32.045Z,25520668,4,42,1805.77,6.41,UP,-1,↘️ LEAN SHORT,0.002942,-0.73,4.23,46.93,89.8,1950529,1825,-19,0.784,0.00
2026-07-13T03:07:51.292Z,25520924,4,68,1790.74,-12.21,DOWN,-3,⬇️⬇️ STRONG SHORT,0.002719,-0.43,6.05,47.75,77.3,4651675,1825,-34,0.833,0.00
2026-07-13T03:17:53.742Z,25520974,4,66,1792.67,8.21,UP,1,↗️ LEAN LONG,0.002402,-0.19,7.92,48.34,91.0,16195792,1825,-32,0.885,0.00
2026-07-13T03:27:53.900Z,25521023,4,50,1792.44,5.76,UP,1,↗️ LEAN LONG,0.002187,-0.08,8.93,49.05,90.9,16320972,1825,-33,0.909,0.00
2026-07-13T03:38:03.442Z,25521074,4,68,1777.57,-6.87,DOWN,-1.5,⬇️ SHORT,0.00172,-2.36,11.31,46.37,97.0,19810214,1825,-47,0.903,0.00
2026-07-13T05:00:30.704Z,25521485,3,28,1773.56,-6.08,DOWN,-1.5,⬇️ SHORT,0.001039,0.27,1.57,49.21,47.2,219931,1825,-51,0.839,0.00
2026-07-13T05:36:26.133Z,25521662,4,61,1781.21,5.91,UP,2.5,⬆️ LONG,0.000448,0.37,2.83,50.48,95.8,1824834,1825,-44,0.846,0.00
2026-07-13T07:24:03.204Z,25522196,4,52,1784.43,6.68,UP,1.5,⬆️ LONG,0.000346,0.53,0.41,52.79,48.8,195340,1825,-41,0.800,0.00
2026-07-13T08:48:16.798Z,25522612,4,49,1788.67,5.07,UP,1,↗️ LEAN LONG,0.000277,0.16,-0.49,51.53,56.4,122339,1800,-11,0.836,0.00
2026-07-13T12:37:19.304Z,25523751,4,52,1767.74,-7.02,DOWN,0,↔️ NEUTRAL,0.001824,-1.03,3.32,43.02,92.7,4156929,1800,-32,0.857,0.00
2026-07-13T13:41:54.991Z,25524073,4,41,1766.03,-6.79,DOWN,-1,↘️ LEAN SHORT,0.001792,0.46,3.44,49.05,91.8,2745367,1800,-34,0.874,0.00
2026-07-13T13:57:51.351Z,25524151,4,72,1769.18,5.19,UP,-1,↘️ LEAN SHORT,0.001592,0.54,5.42,50.53,85.9,4413559,1800,-31,0.876,0.00
2026-07-13T14:26:05.510Z,25524292,4,55,1771.44,5.38,UP,0,↔️ NEUTRAL,0.002446,0.77,7.37,49.84,68.8,3313238,1800,-29,0.916,0.00
2026-07-13T14:41:55.062Z,25524371,4,61,1774.49,5.49,UP,0,↔️ NEUTRAL,0.0023,0.71,7.4,51.4,67.1,3038101,1800,-26,0.885,0.00
2026-07-13T17:37:18.431Z,25525245,3,14,1764.91,-5.79,DOWN,-3,⬇️⬇️ STRONG SHORT,0.001934,0.07,1.67,50.09,80.8,737521,1800,-35,0.902,0.00
2026-07-13T17:52:34.259Z,25525320,4,48,1758.18,-7.03,DOWN,-0.5,↘️ LEAN SHORT,0.002059,-0.97,3,46.23,98.1,5658477,1800,-42,0.901,0.00
2026-07-13T18:12:54.502Z,25525420,4,63,1751.76,-5.73,DOWN,-0.5,↘️ LEAN SHORT,0.001299,-1.48,5.05,46.24,97.9,12534852,1800,-48,0.903,0.00
2026-07-13T18:24:41.065Z,25525479,4,44,1755.90,5.86,UP,2.5,⬆️ LONG,0.000957,-1.39,6.43,46.49,97.8,15774227,1800,-44,0.911,0.00
2026-07-13T19:34:33.235Z,25525828,3,43,1768.58,5.90,UP,2,⬆️ LONG,-0.000821,0.35,2.02,51.49,10.5,406973,1800,-31,0.848,0.00
2026-07-13T23:49:56.178Z,25527103,4,60,1770.71,5.95,UP,2,⬆️ LONG,-0.000261,0.76,0.82,54.62,19.6,549524,1775,-4,0.773,0.00
2026-07-14T00:12:44.844Z,25527217,4,38,1776.87,5.33,UP,-1,↘️ LEAN SHORT,0.000658,1.33,-3.21,56.93,1.3,1508285,1800,-23,0.802,0.00
2026-07-14T01:25:42.914Z,25527581,3,28,1791.15,5.08,UP,-1,↘️ LEAN SHORT,0.002178,0.45,-3.6,53.84,0.3,6546630,1800,-9,0.819,0.00
2026-07-14T02:27:28.201Z,25527888,4,30,1773.46,-5.48,DOWN,-1,↘️ LEAN SHORT,0.001845,-0.95,-2.71,44.43,44.2,1021114,1800,-27,0.822,0.00
2026-07-14T05:09:06.749Z,25528694,4,31,1789.26,5.85,UP,-1,↘️ LEAN SHORT,0.002484,0.32,-0.82,52.86,4.2,400444,1800,-11,0.879,0.00
2026-07-14T10:41:07.579Z,25530348,4,47,1791.26,5.79,UP,-1,↘️ LEAN SHORT,0.004635,0.87,1.39,52.85,5.9,825706,1800,-9,0.990,0.00
2026-07-14T10:57:54.821Z,25530432,4,52,1799.54,5.18,UP,-2,⬇️ SHORT,0.004533,1.37,3.85,58.12,4.2,7214484,1800,-0,0.988,0.00
2026-07-14T12:29:51.818Z,25530891,4,58,1796.67,-5.90,DOWN,-2,⬇️ SHORT,0.005255,-0.06,0.65,51.31,47.2,1746152,1800,-3,1.027,0.00
2026-07-14T12:41:40.393Z,25530949,4,66,1820.03,-5.35,DOWN,-1,↘️ LEAN SHORT,0.005852,1.01,8.72,52.35,10.8,20667235,1800,20,0.947,0.00
2026-07-14T12:51:41.943Z,25530999,4,74,1843.37,6.16,UP,0,↔️ NEUTRAL,0.006418,2.25,15.37,53.76,7.4,42082812,1825,18,0.843,0.00
2026-07-14T13:02:29.637Z,25531053,4,62,1862.31,9.61,UP,-0.5,↘️ LEAN SHORT,0.007112,4.05,21.38,54.22,6.4,56025076,1825,37,0.829,0.00
2026-07-14T13:20:52.700Z,25531145,4,54,1866.02,10.06,UP,-0.5,↘️ LEAN SHORT,0.007564,4.84,25.84,52.99,6.3,59523248,1825,41,0.861,0.00
2026-07-14T13:31:52.472Z,25531200,4,78,1872.81,-5.13,DOWN,-4.5,⬇️⬇️ STRONG SHORT,0.0079,5.11,26.65,52.36,5.3,67760809,1825,48,0.961,0.00
2026-07-14T13:41:52.613Z,25531250,4,79,1874.85,8.22,UP,-0.5,↘️ LEAN SHORT,0.008005,5.42,21.64,52.32,4.8,59676459,1825,50,0.970,0.00
2026-07-14T14:04:35.515Z,25531362,4,68,1863.28,-5.43,DOWN,-3.5,⬇️⬇️ STRONG SHORT,0.00765,1.76,8.16,48.24,9.5,24677791,1825,38,1.005,0.00
2026-07-14T14:18:42.530Z,25531432,4,75,1859.24,-5.37,DOWN,-1,↘️ LEAN SHORT,0.007297,1.9,7.06,49.61,11.2,25364608,1825,34,1.030,0.00
2026-07-14T14:34:42.786Z,25531512,4,31,1867.75,5.45,UP,-0.5,↘️ LEAN SHORT,0.007275,1.68,1.22,46.08,57.8,3019091,1825,43,0.963,0.00
2026-07-14T15:29:26.358Z,25531784,4,49,1880.89,5.28,UP,-1.5,⬇️ SHORT,0.007062,1.91,2.19,51.89,6.1,2477016,1825,56,0.934,0.00
2026-07-14T15:55:40.432Z,25531915,3,46,1872.98,-6.11,DOWN,-3.5,⬇️⬇️ STRONG SHORT,0.006917,0.21,3.71,50.16,3.9,11290337,1825,48,0.934,0.00
2026-07-14T22:21:21.219Z,25533831,4,31,1880.74,9.45,UP,-0.5,↘️ LEAN SHORT,0.005242,-0.06,-0.58,56.59,10.0,343242,1825,56,0.904,0.00
2026-07-14T22:33:27.215Z,25533891,4,29,1884.94,5.61,UP,-0.5,↘️ LEAN SHORT,0.005179,0.33,0.55,57.59,11.6,2412157,1825,60,0.902,0.00
2026-07-15T01:40:55.064Z,25534827,4,15,1870.67,-5.06,DOWN,-3,⬇️⬇️ STRONG SHORT,0.002594,-0.5,-2.68,46.5,80.9,676018,1825,46,0.478,0.00
2026-07-15T06:07:07.911Z,25536153,4,48,1885.88,6.23,UP,-1,↘️ LEAN SHORT,0.004111,1.27,2.14,52.3,1.2,2929714,1825,61,0.532,0.00
2026-07-15T06:35:44.003Z,25536296,4,45,1887.86,5.36,UP,-1,↘️ LEAN SHORT,0.004682,1.14,1.6,53.87,0.9,3417984,1825,63,0.531,0.00
2026-07-15T07:00:04.666Z,25536417,4,49,1874.76,-5.43,DOWN,-3,⬇️⬇️ STRONG SHORT,0.004888,0.08,2.28,48.69,7.1,3179630,1825,50,0.538,0.00
2026-07-15T07:22:27.231Z,25536528,4,37,1868.65,-5.60,DOWN,-3,⬇️⬇️ STRONG SHORT,0.004947,-1.08,1.55,46.29,74.7,1244482,1825,44,0.537,0.00
2026-07-15T10:27:04.955Z,25537451,4,29,1876.18,-5.47,DOWN,0.5,↗️ LEAN LONG,0.004781,-0.01,-0.24,44.98,26.1,317092,1850,26,0.682,0.00
2026-07-15T12:31:20.287Z,25538069,3,34,1890.25,11.51,UP,1,↗️ LEAN LONG,0.00315,0.66,-2.76,54.21,12.1,2626379,1850,40,0.586,0.00
2026-07-15T12:49:31.592Z,25538160,4,24,1900.69,9.52,UP,-1,↘️ LEAN SHORT,0.00335,0.97,-8.6,54.94,4.7,10177765,1850,51,0.572,0.00
2026-07-15T13:01:30.748Z,25538220,3,51,1928.91,5.24,UP,-1,↘️ LEAN SHORT,0.004049,2.25,-5.8,56.32,4.8,55716392,1875,54,0.618,0.00
2026-07-15T13:14:54.708Z,25538286,4,65,1936.67,5.93,UP,-1,↘️ LEAN SHORT,0.004604,2.87,-3.02,56.04,4.5,79582864,1875,62,0.679,0.00
2026-07-15T13:25:27.527Z,25538339,4,63,1932.49,-6.69,DOWN,-5,⬇️⬇️ STRONG SHORT,0.005221,3.41,-3.74,55.72,4.4,82024560,1875,57,0.841,0.00
2026-07-15T13:41:41.753Z,25538419,4,51,1933.38,-5.16,DOWN,-4.5,⬇️⬇️ STRONG SHORT,0.006202,3.09,-0.86,54.99,4.7,80313107,1875,58,0.835,0.00
2026-07-15T13:51:42.267Z,25538469,4,70,1916.35,-7.08,DOWN,-3.5,⬇️⬇️ STRONG SHORT,0.006385,1.08,2.15,52.13,7.8,62656388,1875,41,0.824,0.00
2026-07-15T14:03:44.423Z,25538529,4,60,1928.37,6.56,UP,-0.5,↘️ LEAN SHORT,0.006888,-0.02,0.86,49.78,49.0,6369422,1875,53,0.826,0.00
2026-07-15T14:16:31.097Z,25538593,4,54,1926.80,-5.17,DOWN,-2.5,⬇️ SHORT,0.006982,-0.25,-0.72,49.8,46.1,6395675,1875,52,0.835,0.00
2026-07-15T14:26:39.130Z,25538644,4,52,1919.42,-5.15,DOWN,-3,⬇️⬇️ STRONG SHORT,0.00706,-1.16,0.4,49.28,75.6,3648747,1900,19,0.838,0.00
2026-07-15T14:51:39.461Z,25538768,4,51,1927.55,5.15,UP,1,↗️ LEAN LONG,0.007734,0.63,0.92,51.59,27.6,1476136,1900,28,0.841,0.00
2026-07-15T15:08:51.762Z,25538854,4,65,1933.35,5.76,UP,0,↔️ NEUTRAL,0.00836,0.27,-1.2,50.56,33.0,1183726,1900,33,0.841,0.00
2026-07-15T16:04:19.249Z,25539130,4,54,1922.60,-6.89,DOWN,-1,↘️ LEAN SHORT,0.008693,-0.1,-2.35,49.09,12.0,746548,1900,23,0.859,0.00
2026-07-15T16:34:55.558Z,25539281,4,50,1913.66,-5.41,DOWN,-3,⬇️⬇️ STRONG SHORT,0.009113,-1.22,0.5,49.59,82.1,1710166,1900,14,0.822,0.00
2026-07-15T17:47:06.038Z,25539639,4,28,1927.64,6.45,UP,-1,↘️ LEAN SHORT,0.0099,1.2,1.04,53.52,1.7,1128014,1900,28,0.856,0.00
2026-07-15T18:13:07.375Z,25539769,3,27,1932.52,6.09,UP,-2,⬇️ SHORT,0.01,0.34,1.5,47.9,2.9,1682117,1900,33,0.856,0.00
2026-07-15T19:21:30.518Z,25540111,4,54,1918.43,-5.24,DOWN,-2,⬇️ SHORT,0.01,-0.68,0.57,45.69,93.4,924322,1900,18,0.822,0.00
2026-07-16T01:27:55.064Z,25541937,4,39,1913.86,5.31,UP,-2,⬇️ SHORT,0.004951,0.04,0.38,48.46,74.3,921790,1750,164,1.544,0.00
2026-07-16T01:51:31.829Z,25542054,4,36,1922.54,5.73,UP,-1,↘️ LEAN SHORT,0.00658,0.27,0.03,50.61,52.2,866114,1750,173,1.547,0.00
2026-07-16T03:50:15.343Z,25542647,4,61,1915.81,-5.28,DOWN,-3,⬇️⬇️ STRONG SHORT,0.005214,-0.08,0.02,48.97,59.9,945320,1750,166,1.553,0.00
2026-07-16T06:39:02.574Z,25543490,4,45,1914.86,-5.28,DOWN,-3,⬇️⬇️ STRONG SHORT,0.005995,-0.38,-1.86,47.68,39.2,489118,1750,165,1.533,0.00
2026-07-16T07:38:55.075Z,25543786,3,14,1907.51,-6.04,DOWN,-2,⬇️ SHORT,0.005392,-0.12,-2.23,48.51,99.2,1970533,1750,158,1.534,0.00
2026-07-16T08:10:28.726Z,25543943,4,35,1902.02,-5.59,DOWN,-2,⬇️ SHORT,0.006312,-0.25,1.56,45.56,96.6,5097763,1775,127,1.563,0.00
2026-07-16T08:25:44.280Z,25544019,4,67,1881.13,5.26,UP,1,↗️ LEAN LONG,0.005352,-2.54,11.09,45.16,96.3,32104498,1775,106,1.596,0.00
2026-07-16T08:46:02.307Z,25544121,4,28,1886.60,-5.86,DOWN,-3,⬇️⬇️ STRONG SHORT,0.004552,-2.4,13.14,47.53,94.3,28397652,1775,112,1.567,0.00
2026-07-16T09:01:39.137Z,25544198,4,56,1885.86,5.13,UP,1,↗️ LEAN LONG,0.003657,-2.23,13.08,46.64,94.5,28196917,1800,86,1.587,0.00
2026-07-16T11:50:43.169Z,25545040,3,27,1878.88,-5.63,DOWN,-1,↘️ LEAN SHORT,-0.000367,0.21,0.55,47.8,97.8,663588,1775,104,1.547,0.00
2026-07-16T12:37:55.332Z,25545275,4,25,1871.07,-8.50,DOWN,0,↔️ NEUTRAL,-0.00083,-1.07,-1.52,42.96,93.4,3114311,1775,96,1.538,0.00
2026-07-16T13:22:51.847Z,25545498,4,42,1880.32,6.25,UP,1,↗️ LEAN LONG,-0.000643,-0.78,-12.87,49.58,92.0,5965977,1775,105,1.534,0.00
2026-07-16T13:37:15.931Z,25545571,4,53,1887.07,5.35,UP,-1,↘️ LEAN SHORT,-0.000805,-0.35,-11.82,51.5,78.8,6803222,1775,112,1.534,0.00
2026-07-16T13:53:18.897Z,25545651,4,47,1880.54,5.53,UP,1,↗️ LEAN LONG,-0.000616,0.13,-11.57,52.71,21.7,1736640,1800,81,1.531,0.00
2026-07-16T14:10:19.362Z,25545736,3,38,1886.79,5.69,UP,1,↗️ LEAN LONG,0.000373,0.52,-4.59,52.93,20.2,1892951,1800,87,1.535,0.00
2026-07-16T14:22:55.938Z,25545799,3,33,1883.43,-5.04,DOWN,-1,↘️ LEAN SHORT,0.000858,0.5,-3.39,51.23,20.4,2402709,1800,83,1.535,0.00
2026-07-16T14:54:42.666Z,25545958,4,41,1879.29,-5.85,DOWN,-2,⬇️ SHORT,0.001706,0.38,-2.78,50.81,24.3,1374185,1800,79,1.532,0.00
2026-07-16T15:19:19.102Z,25546079,3,43,1875.71,5.85,UP,0,↔️ NEUTRAL,0.002135,-0.23,-0.58,48.56,93.2,1897047,1800,76,1.534,0.00
2026-07-16T15:29:31.408Z,25546130,4,56,1887.77,8.72,UP,-1,↘️ LEAN SHORT,0.003159,0,1.53,50.81,47.5,4194154,1800,88,1.535,0.00
2026-07-16T15:46:03.867Z,25546213,4,87,1878.83,-5.07,DOWN,-3,⬇️⬇️ STRONG SHORT,0.003368,-0.67,2.36,49.65,50.1,4416087,1800,79,1.536,0.00
2026-07-16T17:18:03.723Z,25546671,4,24,1866.45,-5.56,DOWN,-1,↘️ LEAN SHORT,0.005547,-0.99,-2.3,44.82,95.9,3319380,1800,66,1.535,0.00
2026-07-16T18:02:02.930Z,25546891,4,40,1868.78,5.12,UP,0,↔️ NEUTRAL,0.006705,-0.74,1.74,45.38,92.1,4424980,1800,69,1.559,0.00
2026-07-16T23:23:03.162Z,25548491,4,40,1856.59,-7.37,DOWN,-2.5,⬇️ SHORT,0.008308,-1.63,1.98,41.11,75.6,6688977,1825,32,1.691,0.00
2026-07-17T00:33:52.112Z,25548842,4,72,1854.14,-5.32,DOWN,-2,⬇️ SHORT,0.006225,0,0.23,47.41,88.8,803629,1900,-46,0.526,0.00
2026-07-17T01:20:16.070Z,25549074,4,42,1860.10,-6.62,DOWN,-2,⬇️ SHORT,0.006818,-0.29,2.75,45.34,89.2,9878184,1900,-40,0.526,0.00
2026-07-17T01:48:04.221Z,25549213,3,34,1851.61,-5.07,DOWN,-2,⬇️ SHORT,0.005647,-0.64,1.25,48.97,73.0,2057201,1900,-48,0.537,0.00
2026-07-17T02:10:03.619Z,25549323,4,43,1845.31,-5.68,DOWN,0,↔️ NEUTRAL,0.005383,-0.72,1.47,46.12,98.9,3058354,1900,-55,0.527,0.00
2026-07-17T03:06:39.437Z,25549606,4,54,1851.39,5.46,UP,2,⬆️ LONG,0.003536,-0.04,2.76,48.16,91.8,2774305,1900,-49,0.605,0.00
2026-07-17T04:20:41.884Z,25549974,3,22,1843.01,-5.18,DOWN,0,↔️ NEUTRAL,0.003405,-0.75,0.42,45.25,94.9,948083,1900,-57,0.607,0.00
2026-07-17T05:26:51.597Z,25550305,4,46,1838.22,-5.67,DOWN,0,↔️ NEUTRAL,0.003853,-0.28,0.77,45.65,94.0,1383620,1900,-62,0.628,0.00
2026-07-17T05:46:54.320Z,25550404,4,39,1824.14,-6.81,DOWN,1,↗️ LEAN LONG,0.003428,-1.36,3.65,42,95.7,10350878,1900,-76,0.657,0.00
2026-07-17T06:07:07.815Z,25550505,4,60,1827.45,7.35,UP,3,⬆️⬆️ STRONG LONG,0.003429,-0.01,6.35,44.35,97.3,21457477,1900,-73,0.679,0.00
2026-07-17T08:45:20.525Z,25551296,4,42,1824.84,5.33,UP,-0.5,↘️ LEAN SHORT,0.00363,-0.12,-11.23,48.93,73.2,1100328,1875,-50,0.738,0.00
2026-07-17T13:07:04.301Z,25552600,3,14,1815.45,-10.48,DOWN,-1.5,⬇️ SHORT,0.001297,-0.79,-3.11,39.97,76.0,2659649,1850,-35,0.637,0.00
2026-07-17T13:35:16.130Z,25552740,4,48,1806.96,-5.38,DOWN,2,⬆️ LONG,0.000592,-1.19,0.66,44.8,94.0,15600687,1850,-43,0.625,0.00
2026-07-17T13:50:05.413Z,25552813,4,69,1810.83,6.17,UP,3,⬆️⬆️ STRONG LONG,0.000362,-0.38,3.63,46.91,93.3,19564520,1850,-39,0.618,0.00
2026-07-17T14:00:21.533Z,25552863,4,61,1822.16,8.28,UP,-0.5,↘️ LEAN SHORT,0.002366,-0.39,5.1,47.79,88.0,20725007,1850,-28,0.613,0.00
2026-07-17T14:33:27.067Z,25553030,4,66,1815.92,-8.22,DOWN,-1.5,⬇️ SHORT,0.002932,-0.61,3.2,49.56,67.5,9094301,1850,-34,0.605,0.00
2026-07-17T15:07:51.381Z,25553201,3,38,1813.18,-5.08,DOWN,0,↔️ NEUTRAL,0,0,0,0,0.0,0,1850,-37,0.541,0.00
2026-07-17T15:31:19.444Z,25553319,4,47,1819.96,5.21,UP,-0.5,↘️ LEAN SHORT,0.002177,0.27,-1.64,50.53,85.0,1834074,1850,-30,0.573,0.00
2026-07-17T15:57:27.113Z,25553450,4,42,1828.27,5.17,UP,0.5,↗️ LEAN LONG,0.002326,0.44,-1.62,52.61,45.2,1532971,1850,-22,0.611,0.00
2026-07-17T17:08:17.917Z,25553804,4,38,1843.73,6.20,UP,1.5,⬆️ LONG,0.003465,0.67,1.15,51.39,18.1,4149011,1850,-6,0.640,0.00
2026-07-17T18:48:03.149Z,25554303,3,37,1844.71,6.39,UP,0.5,↗️ LEAN LONG,0.003956,-0.27,0.05,48.74,32.2,944904,1850,-5,0.635,0.00
2026-07-18T18:25:43.379Z,25561368,4,14,1859.79,10.23,UP,-1.5,⬇️ SHORT,0.00223,-0.08,1.96,62.15,31.5,8083159,1850,10,2.713,0.00
2026-07-19T02:07:40.987Z,25563666,4,48,1868.55,9.92,UP,-2,⬇️ SHORT,0.001607,-0.01,3.37,58.85,9.2,4983234,1850,19,0.843,0.00
2026-07-19T02:34:16.006Z,25563799,4,27,1872.69,6.65,UP,-2,⬇️ SHORT,0.002848,0.42,6.26,58.52,7.5,6913051,1850,23,0.842,0.00
2026-07-19T10:47:27.129Z,25566252,4,44,1871.81,5.62,UP,1,↗️ LEAN LONG,0.004754,0.54,2.89,54.23,23.4,244095,1850,22,1.012,0.00
2026-07-19T17:02:18.408Z,25568120,3,11,1857.98,-7.70,DOWN,0,↔️ NEUTRAL,0.007237,-0.2,1.19,39.99,96.7,368145,1850,8,1.240,0.00
2026-07-19T18:04:53.604Z,25568431,4,56,1860.43,-5.15,DOWN,-2,⬇️ SHORT,0.007048,0.02,0.32,50.48,57.3,876043,1850,10,1.223,0.00
2026-07-19T22:02:07.196Z,25569612,4,23,1865.24,7.02,UP,0.5,↗️ LEAN LONG,0.004935,-0.08,-0.34,47.39,96.9,474165,1850,15,1.402,0.00
2026-07-19T22:12:15.249Z,25569663,4,45,1863.16,6.38,UP,-0.5,↘️ LEAN SHORT,0.00435,-0.1,1.14,51.56,52.5,1024728,1850,13,1.402,0.00
2026-07-20T00:06:46.410Z,25570233,4,35,1872.63,6.72,UP,1,↗️ LEAN LONG,0.00285,0.38,2.28,50.47,24.3,156232,1850,23,0.844,0.00
2026-07-20T00:20:52.261Z,25570304,4,52,1883.09,-5.27,DOWN,-1,↘️ LEAN SHORT,0.003938,-0.09,7.68,54.44,25.2,8507505,1850,33,0.849,0.00
2026-07-20T00:39:55.348Z,25570399,4,37,1881.76,6.42,UP,1,↗️ LEAN LONG,0.003762,0.03,8.83,54.01,26.3,8657657,1850,32,0.846,0.00
2026-07-20T00:50:52.612Z,25570454,4,44,1871.83,-5.63,DOWN,-1,↘️ LEAN SHORT,0.003821,-0.5,8.99,53.83,27.1,8760568,1850,22,0.846,0.00
2026-07-20T01:07:05.236Z,25570535,4,56,1875.02,5.20,UP,0,↔️ NEUTRAL,0.003791,-0.52,11.78,52.23,35.4,9940524,1850,25,0.845,0.00
2026-07-20T01:19:07.926Z,25570595,4,40,1872.68,-5.42,DOWN,-2,⬇️ SHORT,0.004131,-0.59,8.35,48.64,51.7,3478284,1850,23,0.845,0.00
2026-07-20T01:43:40.082Z,25570718,4,43,1870.03,-5.08,DOWN,-2,⬇️ SHORT,0.005008,-0.46,7.54,47.73,55.6,3765176,1850,20,0.847,0.00
2026-07-20T01:53:42.341Z,25570767,4,42,1865.25,-6.21,DOWN,-2,⬇️ SHORT,0.004766,0.51,6.65,50.13,43.8,2902825,1850,15,0.848,0.00
2026-07-20T02:03:51.784Z,25570818,4,52,1876.18,7.21,UP,0,↔️ NEUTRAL,0.004933,0.65,5.89,49.93,42.2,3116894,1850,26,0.848,0.00
2026-07-20T02:20:14.795Z,25570900,4,33,1866.91,-8.63,DOWN,-3,⬇️⬇️ STRONG SHORT,0.005253,-0.08,2.15,48.26,78.2,1239021,1850,17,0.847,0.00
2026-07-20T02:33:30.951Z,25570965,3,24,1875.11,6.04,UP,-1,↘️ LEAN SHORT,0.00509,-0.02,2.03,49.85,79.7,1280109,1850,25,0.847,0.00
2026-07-20T02:43:43.315Z,25571015,4,29,1876.79,5.41,UP,0,↔️ NEUTRAL,0.005153,0.21,1.09,49.22,60.4,1439233,1850,27,0.847,0.00
2026-07-20T03:23:43.285Z,25571215,3,30,1870.98,-5.96,DOWN,-1,↘️ LEAN SHORT,0.004868,0.07,-0.42,46.45,18.8,472184,1850,21,0.844,0.00
2026-07-20T04:06:15.420Z,25571427,3,18,1871.80,-5.01,DOWN,-1,↘️ LEAN SHORT,0.004585,-0.27,1.06,49.49,95.0,120904,1850,22,0.845,0.00
2026-07-20T04:54:30.773Z,25571667,4,38,1868.33,-5.19,DOWN,-2,⬇️ SHORT,0.003821,-0.3,1.85,50.42,62.8,225078,1850,18,0.836,0.00
2026-07-20T05:11:39.364Z,25571753,3,14,1858.68,-5.91,DOWN,-1,↘️ LEAN SHORT,0.003409,-0.58,3.33,46.97,92.5,1503072,1850,9,0.840,0.00
2026-07-20T05:24:41.897Z,25571815,3,29,1855.20,-5.38,DOWN,-1,↘️ LEAN SHORT,0.002899,-0.62,5.49,46.72,97.2,11267736,1850,5,0.886,0.00
2026-07-20T06:34:17.582Z,25572163,4,25,1848.77,-5.87,DOWN,-1,↘️ LEAN SHORT,0.001862,-0.41,3.66,46,96.3,3215886,1850,-1,0.936,0.00
2026-07-20T07:23:30.361Z,25572407,3,27,1853.03,5.04,UP,-1,↘️ LEAN SHORT,0.001327,-0.26,5.75,45.57,86.1,7267383,1850,3,0.934,0.00
2026-07-20T08:37:53.289Z,25572778,4,43,1854.39,-6.85,DOWN,0,↔️ NEUTRAL,0.001861,0.04,3.94,44.99,14.6,1185108,1850,4,1.056,0.00
2026-07-20T08:49:53.645Z,25572838,4,37,1858.66,5.48,UP,0,↔️ NEUTRAL,0.001744,0.11,4.16,46.33,40.9,700737,1850,9,1.142,0.00
2026-07-20T11:09:54.948Z,25573535,4,28,1873.25,5.39,UP,-2,⬇️ SHORT,0.004237,0.31,-0.08,56.73,3.8,1338137,1850,23,1.155,0.00
2026-07-20T11:31:20.774Z,25573642,3,11,1876.88,5.43,UP,-1,↘️ LEAN SHORT,0.003476,0.2,-0.19,53.58,3.5,1622233,1850,27,1.157,0.00
2026-07-20T12:03:19.726Z,25573802,4,65,1882.20,-10.01,DOWN,-3,⬇️⬇️ STRONG SHORT,0.004156,0.96,8.53,53.71,8.5,7442497,1850,32,1.233,0.00
2026-07-20T13:33:42.151Z,25574251,4,49,1873.64,6.90,UP,1,↗️ LEAN LONG,0.002385,0.18,-2.65,53.55,99.2,1864861,1850,24,1.195,0.00
2026-07-20T13:47:05.904Z,25574317,4,26,1866.43,-8.02,DOWN,-3,⬇️⬇️ STRONG SHORT,0.002218,-0.02,-4.2,51.72,77.0,1965025,1850,16,1.194,0.00
2026-07-20T13:57:07.410Z,25574365,4,46,1860.49,-7.45,DOWN,-3,⬇️⬇️ STRONG SHORT,0.001909,-0.56,-2.55,48,86.7,3745626,1850,10,1.193,0.00
2026-07-20T14:21:06.138Z,25574485,4,38,1855.23,-5.07,DOWN,-3,⬇️⬇️ STRONG SHORT,0.001763,-0.98,1.88,47.79,88.1,4907567,1850,5,1.187,0.00
2026-07-20T14:50:32.338Z,25574632,3,42,1862.26,-5.43,DOWN,-2,⬇️ SHORT,0.001769,-0.4,5.78,48.63,69.9,3195053,1850,12,1.191,0.00
2026-07-20T15:03:20.315Z,25574695,4,59,1872.33,9.02,UP,1,↗️ LEAN LONG,0.000646,0.58,3.38,50.87,59.8,2207321,1850,22,1.192,0.00
2026-07-20T15:13:31.123Z,25574746,4,59,1882.17,6.36,UP,2,⬆️ LONG,0.000948,0.26,5.13,51.42,26.5,5255815,1850,32,1.185,0.00
2026-07-20T15:43:40.244Z,25574897,4,36,1887.73,6.52,UP,-1,↘️ LEAN SHORT,0.001752,0.27,5.2,51.13,6.4,4313086,1850,38,1.183,0.00
2026-07-20T15:55:06.800Z,25574954,4,43,1900.00,5.23,UP,-1.5,⬇️ SHORT,0.002329,1.05,8.89,53.05,5.9,11561343,1850,50,1.259,0.00
2026-07-20T16:08:19.178Z,25575018,4,75,1891.69,-5.09,DOWN,-3.5,⬇️⬇️ STRONG SHORT,0.002545,0.57,9.62,51.81,6.2,10998158,1850,42,1.219,0.00
2026-07-20T16:45:31.049Z,25575203,4,44,1895.51,-5.04,DOWN,-3.5,⬇️⬇️ STRONG SHORT,0.003091,1.42,8.29,50.46,4.5,8599753,1850,46,1.215,0.00
2026-07-20T17:52:07.547Z,25575534,4,44,1902.86,7.05,UP,-1.5,⬇️ SHORT,0.003476,0.28,-0.63,54.66,70.1,163853,1850,53,1.218,0.00
2026-07-20T18:02:54.892Z,25575588,4,32,1911.71,5.11,UP,-2.5,⬇️ SHORT,0.00378,0.06,1.13,59.19,7.3,4413500,1850,62,1.201,0.00
2026-07-20T18:13:19.393Z,25575638,4,34,1914.51,5.81,UP,-2.5,⬇️ SHORT,0.003899,0.33,1.8,57.57,3.3,11380710,1850,65,1.200,0.00
2026-07-20T18:23:31.516Z,25575689,4,49,1906.68,-5.35,DOWN,-4.5,⬇️⬇️ STRONG SHORT,0.004203,0,2.5,55.98,3.0,11766805,1850,57,1.192,0.00
2026-07-21T00:20:42.238Z,25577472,3,34,1906.17,5.34,UP,-1,↘️ LEAN SHORT,0.001809,0.22,-3.08,49.93,1.6,807476,1875,31,0.894,0.00
2026-07-21T02:07:15.875Z,25578002,3,38,1910.92,5.22,UP,0,↔️ NEUTRAL,0.001289,0.07,-2.63,46.81,58.1,42960,1875,36,1.035,0.00
2026-07-21T02:56:07.593Z,25578245,4,61,1918.09,8.05,UP,-0.5,↘️ LEAN SHORT,0.00286,0.34,-1.21,58.15,16.1,2008362,1875,43,0.960,0.00
2026-07-21T03:06:27.720Z,25578297,4,56,1921.85,5.16,UP,-0.5,↘️ LEAN SHORT,0.003298,1.02,0.65,55.13,19.8,3658589,1875,47,0.955,0.00
2026-07-21T05:49:41.874Z,25579109,4,47,1931.02,7.03,UP,-2.5,⬇️ SHORT,0.005755,0.7,-1.87,55.39,7.2,3404143,1875,56,0.986,0.00
2026-07-21T08:16:38.732Z,25579842,4,42,1936.42,6.50,UP,-1.5,⬇️ SHORT,0.004221,0.58,-0.58,47.98,7.3,1447450,1925,11,1.403,0.00
2026-07-21T08:28:16.651Z,25579900,4,64,1939.02,-8.46,DOWN,-3.5,⬇️⬇️ STRONG SHORT,0.00469,0.43,3.59,54.64,7.4,11923775,1925,14,1.341,0.00
2026-07-21T10:51:03.787Z,25580612,3,24,1932.51,-5.22,DOWN,-1,↘️ LEAN SHORT,-0.000522,-0.32,0.36,47.64,31.7,715283,1925,8,1.278,0.00
2026-07-21T12:20:27.621Z,25581058,4,41,1938.14,5.54,UP,-1.5,⬇️ SHORT,0.000267,0.2,-5.88,55.28,8.1,1316649,1925,13,1.305,0.00
2026-07-21T13:43:17.615Z,25581471,3,15,1927.65,-6.03,DOWN,-3,⬇️⬇️ STRONG SHORT,0.001839,-0.69,-1.96,47.46,89.5,508327,1925,3,1.266,0.00
2026-07-21T13:53:30.696Z,25581522,3,39,1933.40,5.70,UP,0,↔️ NEUTRAL,0.002444,-0.34,-1.92,49.76,63.2,714549,1925,8,1.266,0.00
2026-07-21T14:26:03.643Z,25581685,3,37,1929.56,-5.37,DOWN,-1,↘️ LEAN SHORT,0.002706,-0.31,-1.2,48.42,28.3,2800250,1925,5,1.279,0.00
2026-07-21T14:46:39.392Z,25581788,3,34,1935.32,5.20,UP,1,↗️ LEAN LONG,0.002872,0.33,-0.43,48.77,23.7,2761587,1925,10,1.250,0.00
2026-07-21T15:04:53.125Z,25581879,3,45,1924.44,-5.60,DOWN,-2,⬇️ SHORT,0.002817,-0.62,0.19,45.11,56.4,1864912,1925,-1,1.256,0.00
2026-07-21T17:47:14.091Z,25582688,4,19,1917.10,-6.91,DOWN,-0.5,↘️ LEAN SHORT,0.007204,0.29,-0.52,41.46,98.4,1382563,1925,-8,1.678,0.00
2026-07-21T18:07:15.118Z,25582788,3,44,1920.06,5.04,UP,1.5,⬆️ LONG,0.007672,-0.78,-1.13,44.91,97.9,2639680,1925,-5,1.678,0.00
2026-07-21T23:57:03.113Z,25584530,4,43,1928.16,5.09,UP,-0.5,↘️ LEAN SHORT,0.001086,0.18,0.91,57.02,20.9,690306,1925,3,1.696,0.00
2026-07-22T00:14:56.648Z,25584619,4,57,1937.02,5.36,UP,-0.5,↘️ LEAN SHORT,0.000927,0.7,2.07,61.12,3.8,1714258,1925,12,0.584,0.00
2026-07-22T05:20:32.457Z,25586141,4,40,1924.64,-6.02,DOWN,-2,⬇️ SHORT,0.005557,-0.02,-0.51,46.48,44.1,181967,1925,-0,0.805,0.00
2026-07-22T08:08:31.811Z,25586979,4,35,1920.06,6.49,UP,0,↔️ NEUTRAL,0.001338,0.02,1.1,50.21,66.5,981031,1925,-5,0.807,0.00
