qld_time,timestamp,symbol,side,limit_price,current_usd_value,mark_price,dist_pct,order_state
2026-07-10 17:58:38,2026-07-10T07:58:38.535Z,ETHUSDT,sell,1830,12511508.7,,,1
2026-07-10 17:58:38,2026-07-10T07:58:38.535Z,ETHUSDT,sell,1850,9387238.55,,,1
2026-07-10 17:58:38,2026-07-10T07:58:38.535Z,ETHUSDT,sell,1840,9267548.24,,,1
2026-07-10 17:58:38,2026-07-10T07:58:38.535Z,ETHUSDT,sell,2560,7775342.08,,,1
2026-07-10 17:58:38,2026-07-10T07:58:38.535Z,ETHUSDT,sell,1860,6842138.34,,,1
2026-07-10 17:58:38,2026-07-10T07:58:38.535Z,ETHUSDT,sell,1855,6494406.94,,,1
2026-07-10 17:58:38,2026-07-10T07:58:38.535Z,ETHUSDT,sell,1845,6405428.57,,,1
2026-07-10 17:58:38,2026-07-10T07:58:38.535Z,ETHUSDT,sell,1900,6317019.3,,,1
2026-07-10 17:58:38,2026-07-10T07:58:38.535Z,ETHUSDT,sell,1837,6303417.51,,,1
2026-07-10 17:58:38,2026-07-10T07:58:38.535Z,ETHUSDT,sell,1885,5582551.91,,,1
2026-07-10 17:58:38,2026-07-10T07:58:38.536Z,ETHUSDT,buy,1770,17869208.46,,,2
2026-07-10 17:58:38,2026-07-10T07:58:38.536Z,ETHUSDT,buy,1670,12081686.81,,,1
2026-07-10 17:58:38,2026-07-10T07:58:38.536Z,ETHUSDT,buy,1660,11970555.48,,,1
2026-07-10 17:58:38,2026-07-10T07:58:38.536Z,ETHUSDT,buy,1665,11471578.61,,,1
2026-07-10 17:58:38,2026-07-10T07:58:38.536Z,ETHUSDT,buy,1455,10173998.75,,,1
2026-07-10 17:58:38,2026-07-10T07:58:38.536Z,ETHUSDT,buy,1200,7619359.2,,,1
2026-07-10 17:58:38,2026-07-10T07:58:38.536Z,ETHUSDT,buy,1450,6543480.25,,,1
2026-07-10 17:58:38,2026-07-10T07:58:38.536Z,ETHUSDT,buy,1600,5999974.4,,,1
2026-07-10 17:58:38,2026-07-10T07:58:38.536Z,ETHUSDT,buy,1668,5692443.65,,,1
2026-07-10 17:58:38,2026-07-10T07:58:38.536Z,ETHUSDT,buy,1400,5642303.8,,,1
2026-07-10 17:58:38,2026-07-10T07:58:38.994Z,BTCUSDT,sell,64388,30006224.54,,,1
2026-07-10 17:58:38,2026-07-10T07:58:38.994Z,BTCUSDT,sell,68000,17754392,,,1
2026-07-10 17:58:38,2026-07-10T07:58:38.994Z,BTCUSDT,sell,64200,17702058.6,,,1
2026-07-10 17:58:38,2026-07-10T07:58:38.994Z,BTCUSDT,sell,65397.7,16712709.22,,,1
2026-07-10 17:58:38,2026-07-10T07:58:38.994Z,BTCUSDT,sell,79800,15560601,,,1
2026-07-10 17:58:38,2026-07-10T07:58:38.994Z,BTCUSDT,sell,64688,14018407.1,,,1
2026-07-10 17:58:38,2026-07-10T07:58:38.994Z,BTCUSDT,sell,64588,13791604.82,,,1
2026-07-10 17:58:38,2026-07-10T07:58:38.994Z,BTCUSDT,sell,64488,13577368.01,,,1
2026-07-10 17:58:38,2026-07-10T07:58:38.994Z,BTCUSDT,sell,64288,13298937.12,,,1
2026-07-10 17:58:38,2026-07-10T07:58:38.994Z,BTCUSDT,sell,64788,13141986.65,,,1
2026-07-10 17:58:38,2026-07-10T07:58:38.995Z,BTCUSDT,buy,63820,45316029.2,,,2
2026-07-10 17:58:38,2026-07-10T07:58:38.995Z,BTCUSDT,buy,52050,42450470.55,,,1
2026-07-10 17:58:38,2026-07-10T07:58:38.995Z,BTCUSDT,buy,48000,27898320,,,1
2026-07-10 17:58:38,2026-07-10T07:58:38.995Z,BTCUSDT,buy,49000,26205543,,,1
2026-07-10 17:58:38,2026-07-10T07:58:38.995Z,BTCUSDT,buy,50000,14342500,,,1
2026-07-10 17:58:38,2026-07-10T07:58:38.995Z,BTCUSDT,buy,61533,12353303.55,,,1
2026-07-10 17:58:38,2026-07-10T07:58:38.995Z,BTCUSDT,buy,62350,12350163.3,,,1
2026-07-10 17:58:38,2026-07-10T07:58:38.995Z,BTCUSDT,buy,61633,12332146.97,,,1
2026-07-10 17:58:38,2026-07-10T07:58:38.995Z,BTCUSDT,buy,61578,12315661.58,,,1
2026-07-10 17:58:38,2026-07-10T07:58:38.995Z,BTCUSDT,buy,61000,10746858,,,1
2026-07-10 18:00:38,2026-07-10T08:00:38.533Z,ETHUSDT,sell,1830,12511508.7,,,1
2026-07-10 18:00:38,2026-07-10T08:00:38.533Z,ETHUSDT,sell,1850,9388614.95,,,1
2026-07-10 18:00:38,2026-07-10T08:00:38.533Z,ETHUSDT,sell,1840,9267548.24,,,1
2026-07-10 18:00:38,2026-07-10T08:00:38.533Z,ETHUSDT,sell,2560,7775342.08,,,1
2026-07-10 18:00:38,2026-07-10T08:00:38.533Z,ETHUSDT,sell,1860,6842138.34,,,1
2026-07-10 18:00:38,2026-07-10T08:00:38.533Z,ETHUSDT,sell,1900,6556987.4,,,1
2026-07-10 18:00:38,2026-07-10T08:00:38.533Z,ETHUSDT,sell,1855,6494035.94,,,1
2026-07-10 18:00:38,2026-07-10T08:00:38.533Z,ETHUSDT,sell,1845,6405428.57,,,1
2026-07-10 18:00:38,2026-07-10T08:00:38.533Z,ETHUSDT,sell,1837,6280938.14,,,1
2026-07-10 18:00:38,2026-07-10T08:00:38.533Z,ETHUSDT,sell,1885,5582551.91,,,1
2026-07-10 18:00:38,2026-07-10T08:00:38.533Z,ETHUSDT,buy,1770,17869208.46,,,2
2026-07-10 18:00:38,2026-07-10T08:00:38.533Z,ETHUSDT,buy,1670,12081686.81,,,1
2026-07-10 18:00:38,2026-07-10T08:00:38.533Z,ETHUSDT,buy,1660,11970555.48,,,1
2026-07-10 18:00:38,2026-07-10T08:00:38.533Z,ETHUSDT,buy,1665,11471578.61,,,1
2026-07-10 18:00:38,2026-07-10T08:00:38.533Z,ETHUSDT,buy,1455,10173998.75,,,1
2026-07-10 18:00:38,2026-07-10T08:00:38.533Z,ETHUSDT,buy,1200,7619359.2,,,1
2026-07-10 18:00:38,2026-07-10T08:00:38.533Z,ETHUSDT,buy,1450,6543480.25,,,1
2026-07-10 18:00:38,2026-07-10T08:00:38.533Z,ETHUSDT,buy,1600,5999974.4,,,1
2026-07-10 18:00:38,2026-07-10T08:00:38.533Z,ETHUSDT,buy,1668,5692443.65,,,1
2026-07-10 18:00:38,2026-07-10T08:00:38.533Z,ETHUSDT,buy,1400,5642303.8,,,1
2026-07-10 18:00:39,2026-07-10T08:00:39.002Z,BTCUSDT,sell,64388,30022192.76,,,1
2026-07-10 18:00:39,2026-07-10T08:00:39.002Z,BTCUSDT,sell,68000,17754392,,,1
2026-07-10 18:00:39,2026-07-10T08:00:39.002Z,BTCUSDT,sell,64200,17717723.4,,,1
2026-07-10 18:00:39,2026-07-10T08:00:39.002Z,BTCUSDT,sell,65397.7,16712709.22,,,1
2026-07-10 18:00:39,2026-07-10T08:00:39.002Z,BTCUSDT,sell,79800,15560601,,,1
2026-07-10 18:00:39,2026-07-10T08:00:39.002Z,BTCUSDT,sell,64688,14018407.1,,,1
2026-07-10 18:00:39,2026-07-10T08:00:39.002Z,BTCUSDT,sell,64588,13791604.82,,,1
2026-07-10 18:00:39,2026-07-10T08:00:39.002Z,BTCUSDT,sell,64488,13577368.01,,,1
2026-07-10 18:00:39,2026-07-10T08:00:39.002Z,BTCUSDT,sell,64288,13299001.41,,,1
2026-07-10 18:00:39,2026-07-10T08:00:39.002Z,BTCUSDT,sell,64788,13141468.34,,,1
2026-07-10 18:00:39,2026-07-10T08:00:39.002Z,BTCUSDT,buy,63820,45316029.2,,,2
2026-07-10 18:00:39,2026-07-10T08:00:39.002Z,BTCUSDT,buy,52050,42450470.55,,,1
2026-07-10 18:00:39,2026-07-10T08:00:39.002Z,BTCUSDT,buy,48000,27898320,,,1
2026-07-10 18:00:39,2026-07-10T08:00:39.002Z,BTCUSDT,buy,49000,26205543,,,1
2026-07-10 18:00:39,2026-07-10T08:00:39.002Z,BTCUSDT,buy,50000,14342500,,,1
2026-07-10 18:00:39,2026-07-10T08:00:39.002Z,BTCUSDT,buy,61533,12353303.55,,,1
2026-07-10 18:00:39,2026-07-10T08:00:39.002Z,BTCUSDT,buy,62350,12350163.3,,,1
2026-07-10 18:00:39,2026-07-10T08:00:39.002Z,BTCUSDT,buy,61633,12332146.97,,,1
2026-07-10 18:00:39,2026-07-10T08:00:39.002Z,BTCUSDT,buy,61578,12315661.58,,,1
2026-07-10 18:00:39,2026-07-10T08:00:39.002Z,BTCUSDT,buy,61000,10746797,,,1
2026-07-10 18:02:38,2026-07-10T08:02:38.519Z,ETHUSDT,sell,1830,12511225.05,,,1
2026-07-10 18:02:38,2026-07-10T08:02:38.519Z,ETHUSDT,sell,1850,9383910.4,,,1
2026-07-10 18:02:38,2026-07-10T08:02:38.519Z,ETHUSDT,sell,1840,9267548.24,,,1
2026-07-10 18:02:38,2026-07-10T08:02:38.519Z,ETHUSDT,sell,2560,7775342.08,,,1
2026-07-10 18:02:38,2026-07-10T08:02:38.519Z,ETHUSDT,sell,1860,6842138.34,,,1
2026-07-10 18:02:38,2026-07-10T08:02:38.519Z,ETHUSDT,sell,1900,6556987.4,,,1
2026-07-10 18:02:38,2026-07-10T08:02:38.519Z,ETHUSDT,sell,1855,6494035.94,,,1
2026-07-10 18:02:38,2026-07-10T08:02:38.519Z,ETHUSDT,sell,1845,6405428.57,,,1
2026-07-10 18:02:38,2026-07-10T08:02:38.519Z,ETHUSDT,sell,1837,6280938.14,,,1
2026-07-10 18:02:38,2026-07-10T08:02:38.519Z,ETHUSDT,sell,1885,5582551.91,,,1
2026-07-10 18:02:38,2026-07-10T08:02:38.519Z,ETHUSDT,buy,1770,17869208.46,,,2
2026-07-10 18:02:38,2026-07-10T08:02:38.519Z,ETHUSDT,buy,1670,12081686.81,,,1
2026-07-10 18:02:38,2026-07-10T08:02:38.519Z,ETHUSDT,buy,1660,11970555.48,,,1
2026-07-10 18:02:38,2026-07-10T08:02:38.519Z,ETHUSDT,buy,1665,11471578.61,,,1
2026-07-10 18:02:38,2026-07-10T08:02:38.519Z,ETHUSDT,buy,1455,10173998.75,,,1
2026-07-10 18:02:38,2026-07-10T08:02:38.519Z,ETHUSDT,buy,1200,7619359.2,,,1
2026-07-10 18:02:38,2026-07-10T08:02:38.519Z,ETHUSDT,buy,1450,6543480.25,,,1
2026-07-10 18:02:38,2026-07-10T08:02:38.519Z,ETHUSDT,buy,1600,5999974.4,,,1
2026-07-10 18:02:38,2026-07-10T08:02:38.519Z,ETHUSDT,buy,1668,5692443.65,,,1
2026-07-10 18:02:38,2026-07-10T08:02:38.519Z,ETHUSDT,buy,1400,5642303.8,,,1
2026-07-10 18:02:38,2026-07-10T08:02:38.978Z,BTCUSDT,sell,64388,30314385.5,,,1
2026-07-10 18:02:38,2026-07-10T08:02:38.978Z,BTCUSDT,sell,68000,17774248,,,1
2026-07-10 18:02:38,2026-07-10T08:02:38.978Z,BTCUSDT,sell,64200,17701095.6,,,1
2026-07-10 18:02:38,2026-07-10T08:02:38.978Z,BTCUSDT,sell,65397.7,16847690.08,,,1
2026-07-10 18:02:38,2026-07-10T08:02:38.978Z,BTCUSDT,sell,79800,15560601,,,1
2026-07-10 18:02:38,2026-07-10T08:02:38.978Z,BTCUSDT,sell,64688,13918528.83,,,1
2026-07-10 18:02:38,2026-07-10T08:02:38.978Z,BTCUSDT,sell,64588,13791604.82,,,1
2026-07-10 18:02:38,2026-07-10T08:02:38.978Z,BTCUSDT,sell,64488,13577368.01,,,1
2026-07-10 18:02:38,2026-07-10T08:02:38.978Z,BTCUSDT,sell,64288,13299001.41,,,1
2026-07-10 18:02:38,2026-07-10T08:02:38.978Z,BTCUSDT,sell,64788,13141468.34,,,1
2026-07-10 18:02:38,2026-07-10T08:02:38.978Z,BTCUSDT,buy,63820,45316029.2,,,2
2026-07-10 18:02:38,2026-07-10T08:02:38.978Z,BTCUSDT,buy,52050,42450470.55,,,1
2026-07-10 18:02:38,2026-07-10T08:02:38.978Z,BTCUSDT,buy,48000,27898320,,,1
2026-07-10 18:02:38,2026-07-10T08:02:38.978Z,BTCUSDT,buy,49000,26205543,,,1
2026-07-10 18:02:38,2026-07-10T08:02:38.978Z,BTCUSDT,buy,50000,14342500,,,1
2026-07-10 18:02:38,2026-07-10T08:02:38.978Z,BTCUSDT,buy,61533,12353303.55,,,1
2026-07-10 18:02:38,2026-07-10T08:02:38.978Z,BTCUSDT,buy,62350,12350163.3,,,1
2026-07-10 18:02:38,2026-07-10T08:02:38.978Z,BTCUSDT,buy,61633,12332146.97,,,1
2026-07-10 18:02:38,2026-07-10T08:02:38.978Z,BTCUSDT,buy,61578,12315661.58,,,1
2026-07-10 18:02:38,2026-07-10T08:02:38.978Z,BTCUSDT,buy,61000,10746797,,,1
2026-07-10 18:04:38,2026-07-10T08:04:38.509Z,ETHUSDT,sell,1830,12511591.05,,,1
2026-07-10 18:04:38,2026-07-10T08:04:38.509Z,ETHUSDT,sell,1850,9383910.4,,,1
2026-07-10 18:04:38,2026-07-10T08:04:38.509Z,ETHUSDT,sell,1840,9267548.24,,,1
2026-07-10 18:04:38,2026-07-10T08:04:38.509Z,ETHUSDT,sell,2560,7775342.08,,,1
2026-07-10 18:04:38,2026-07-10T08:04:38.509Z,ETHUSDT,sell,1860,6842882.34,,,1
2026-07-10 18:04:38,2026-07-10T08:04:38.509Z,ETHUSDT,sell,1900,6556987.4,,,1
2026-07-10 18:04:38,2026-07-10T08:04:38.509Z,ETHUSDT,sell,1855,6494035.94,,,1
2026-07-10 18:04:38,2026-07-10T08:04:38.509Z,ETHUSDT,sell,1845,6405428.57,,,1
2026-07-10 18:04:38,2026-07-10T08:04:38.509Z,ETHUSDT,sell,1837,6280938.14,,,1
2026-07-10 18:04:38,2026-07-10T08:04:38.509Z,ETHUSDT,sell,1885,5564866.84,,,1
2026-07-10 18:04:38,2026-07-10T08:04:38.510Z,ETHUSDT,buy,1770,17869208.46,,,2
2026-07-10 18:04:38,2026-07-10T08:04:38.510Z,ETHUSDT,buy,1670,12081686.81,,,1
2026-07-10 18:04:38,2026-07-10T08:04:38.510Z,ETHUSDT,buy,1660,11970555.48,,,1
2026-07-10 18:04:38,2026-07-10T08:04:38.510Z,ETHUSDT,buy,1665,11471578.61,,,1
2026-07-10 18:04:38,2026-07-10T08:04:38.510Z,ETHUSDT,buy,1455,10173998.75,,,1
2026-07-10 18:04:38,2026-07-10T08:04:38.510Z,ETHUSDT,buy,1200,7619052,,,1
2026-07-10 18:04:38,2026-07-10T08:04:38.510Z,ETHUSDT,buy,1450,6543480.25,,,1
2026-07-10 18:04:38,2026-07-10T08:04:38.510Z,ETHUSDT,buy,1600,5999974.4,,,1
2026-07-10 18:04:38,2026-07-10T08:04:38.510Z,ETHUSDT,buy,1668,5692443.65,,,1
2026-07-10 18:04:38,2026-07-10T08:04:38.510Z,ETHUSDT,buy,1400,5642303.8,,,1
2026-07-10 18:04:38,2026-07-10T08:04:38.968Z,BTCUSDT,sell,64388,30378773.5,,,1
2026-07-10 18:04:38,2026-07-10T08:04:38.968Z,BTCUSDT,sell,64200,18397087.8,,,1
2026-07-10 18:04:38,2026-07-10T08:04:38.968Z,BTCUSDT,sell,68000,17798932,,,1
2026-07-10 18:04:38,2026-07-10T08:04:38.968Z,BTCUSDT,sell,65397.7,16847690.08,,,1
2026-07-10 18:04:38,2026-07-10T08:04:38.968Z,BTCUSDT,sell,79800,15560601,,,1
2026-07-10 18:04:38,2026-07-10T08:04:38.968Z,BTCUSDT,sell,64688,13918528.83,,,1
2026-07-10 18:04:38,2026-07-10T08:04:38.968Z,BTCUSDT,sell,64588,13791604.82,,,1
2026-07-10 18:04:38,2026-07-10T08:04:38.968Z,BTCUSDT,sell,64488,13577368.01,,,1
2026-07-10 18:04:38,2026-07-10T08:04:38.968Z,BTCUSDT,sell,64288,13304273.02,,,1
2026-07-10 18:04:38,2026-07-10T08:04:38.968Z,BTCUSDT,sell,64788,13141468.34,,,1
2026-07-10 18:04:38,2026-07-10T08:04:38.968Z,BTCUSDT,buy,63820,45316029.2,,,2
2026-07-10 18:04:38,2026-07-10T08:04:38.968Z,BTCUSDT,buy,52050,42450470.55,,,1
2026-07-10 18:04:38,2026-07-10T08:04:38.968Z,BTCUSDT,buy,48000,27898128,,,1
2026-07-10 18:04:38,2026-07-10T08:04:38.968Z,BTCUSDT,buy,49000,26205347,,,1
2026-07-10 18:04:38,2026-07-10T08:04:38.968Z,BTCUSDT,buy,50000,14342300,,,1
2026-07-10 18:04:38,2026-07-10T08:04:38.968Z,BTCUSDT,buy,61533,12353303.55,,,1
2026-07-10 18:04:38,2026-07-10T08:04:38.968Z,BTCUSDT,buy,62350,12350163.3,,,1
2026-07-10 18:04:38,2026-07-10T08:04:38.968Z,BTCUSDT,buy,61633,12332146.97,,,1
2026-07-10 18:04:38,2026-07-10T08:04:38.968Z,BTCUSDT,buy,61578,12315661.58,,,1
2026-07-10 18:04:38,2026-07-10T08:04:38.968Z,BTCUSDT,buy,61000,10746553,,,1
2026-07-10 18:06:38,2026-07-10T08:06:38.534Z,ETHUSDT,sell,1830,12511408.05,,,1
2026-07-10 18:06:38,2026-07-10T08:06:38.534Z,ETHUSDT,sell,1850,9388011.85,,,1
2026-07-10 18:06:38,2026-07-10T08:06:38.534Z,ETHUSDT,sell,1840,9266549.12,,,1
2026-07-10 18:06:38,2026-07-10T08:06:38.534Z,ETHUSDT,sell,2560,7775342.08,,,1
2026-07-10 18:06:38,2026-07-10T08:06:38.534Z,ETHUSDT,sell,1860,6842882.34,,,1
2026-07-10 18:06:38,2026-07-10T08:06:38.534Z,ETHUSDT,sell,1900,6556987.4,,,1
2026-07-10 18:06:38,2026-07-10T08:06:38.534Z,ETHUSDT,sell,1855,6494000.7,,,1
2026-07-10 18:06:38,2026-07-10T08:06:38.534Z,ETHUSDT,sell,1845,6405428.57,,,1
2026-07-10 18:06:38,2026-07-10T08:06:38.534Z,ETHUSDT,sell,1837,6280938.14,,,1
2026-07-10 18:06:38,2026-07-10T08:06:38.534Z,ETHUSDT,sell,1885,5562636.89,,,1
2026-07-10 18:06:38,2026-07-10T08:06:38.535Z,ETHUSDT,buy,1770,17869208.46,,,2
2026-07-10 18:06:38,2026-07-10T08:06:38.535Z,ETHUSDT,buy,1670,12081686.81,,,1
2026-07-10 18:06:38,2026-07-10T08:06:38.535Z,ETHUSDT,buy,1660,11970555.48,,,1
2026-07-10 18:06:38,2026-07-10T08:06:38.535Z,ETHUSDT,buy,1665,11471578.61,,,1
2026-07-10 18:06:38,2026-07-10T08:06:38.535Z,ETHUSDT,buy,1455,10173998.75,,,1
2026-07-10 18:06:38,2026-07-10T08:06:38.535Z,ETHUSDT,buy,1200,7619052,,,1
2026-07-10 18:06:38,2026-07-10T08:06:38.535Z,ETHUSDT,buy,1450,6543480.25,,,1
2026-07-10 18:06:38,2026-07-10T08:06:38.535Z,ETHUSDT,buy,1600,5999974.4,,,1
2026-07-10 18:06:38,2026-07-10T08:06:38.535Z,ETHUSDT,buy,1668,5692443.65,,,1
2026-07-10 18:06:38,2026-07-10T08:06:38.535Z,ETHUSDT,buy,1400,5642303.8,,,1
2026-07-10 18:06:39,2026-07-10T08:06:39.004Z,BTCUSDT,sell,64388,30376133.6,,,1
2026-07-10 18:06:39,2026-07-10T08:06:39.004Z,BTCUSDT,sell,64200,18395675.4,,,1
2026-07-10 18:06:39,2026-07-10T08:06:39.004Z,BTCUSDT,sell,68000,17798932,,,1
2026-07-10 18:06:39,2026-07-10T08:06:39.004Z,BTCUSDT,sell,65397.7,16847690.08,,,1
2026-07-10 18:06:39,2026-07-10T08:06:39.004Z,BTCUSDT,sell,79800,15560601,,,1
2026-07-10 18:06:39,2026-07-10T08:06:39.004Z,BTCUSDT,sell,64688,13918528.83,,,1
2026-07-10 18:06:39,2026-07-10T08:06:39.004Z,BTCUSDT,sell,64588,13791604.82,,,1
2026-07-10 18:06:39,2026-07-10T08:06:39.004Z,BTCUSDT,sell,64488,13587363.65,,,1
2026-07-10 18:06:39,2026-07-10T08:06:39.004Z,BTCUSDT,sell,64288,13314301.95,,,1
2026-07-10 18:06:39,2026-07-10T08:06:39.004Z,BTCUSDT,sell,64788,13141468.34,,,1
2026-07-10 18:06:39,2026-07-10T08:06:39.004Z,BTCUSDT,buy,63820,45316029.2,,,2
2026-07-10 18:06:39,2026-07-10T08:06:39.004Z,BTCUSDT,buy,52050,42450470.55,,,1
2026-07-10 18:06:39,2026-07-10T08:06:39.004Z,BTCUSDT,buy,48000,27898128,,,1
2026-07-10 18:06:39,2026-07-10T08:06:39.004Z,BTCUSDT,buy,49000,26205347,,,1
2026-07-10 18:06:39,2026-07-10T08:06:39.004Z,BTCUSDT,buy,50000,14342300,,,1
2026-07-10 18:06:39,2026-07-10T08:06:39.004Z,BTCUSDT,buy,61533,12353303.55,,,1
2026-07-10 18:06:39,2026-07-10T08:06:39.004Z,BTCUSDT,buy,62350,12350163.3,,,1
2026-07-10 18:06:39,2026-07-10T08:06:39.004Z,BTCUSDT,buy,61633,12332146.97,,,1
2026-07-10 18:06:39,2026-07-10T08:06:39.004Z,BTCUSDT,buy,61578,12315661.58,,,1
2026-07-10 18:06:39,2026-07-10T08:06:39.004Z,BTCUSDT,buy,61000,10746553,,,1
2026-07-10 18:08:38,2026-07-10T08:08:38.601Z,ETHUSDT,sell,1830,12511408.05,,,1
2026-07-10 18:08:38,2026-07-10T08:08:38.601Z,ETHUSDT,sell,1850,9388011.85,,,1
2026-07-10 18:08:38,2026-07-10T08:08:38.601Z,ETHUSDT,sell,1840,9266549.12,,,1
2026-07-10 18:08:38,2026-07-10T08:08:38.601Z,ETHUSDT,sell,2560,7775342.08,,,1
2026-07-10 18:08:38,2026-07-10T08:08:38.601Z,ETHUSDT,sell,1860,6842882.34,,,1
2026-07-10 18:08:38,2026-07-10T08:08:38.601Z,ETHUSDT,sell,1900,6556987.4,,,1
2026-07-10 18:08:38,2026-07-10T08:08:38.601Z,ETHUSDT,sell,1855,6486614.09,,,1
2026-07-10 18:08:38,2026-07-10T08:08:38.601Z,ETHUSDT,sell,1845,6405428.57,,,1
2026-07-10 18:08:38,2026-07-10T08:08:38.601Z,ETHUSDT,sell,1837,6280938.14,,,1
2026-07-10 18:08:38,2026-07-10T08:08:38.601Z,ETHUSDT,sell,1885,5562636.89,,,1
2026-07-10 18:08:38,2026-07-10T08:08:38.601Z,ETHUSDT,buy,1770,17869208.46,,,2
2026-07-10 18:08:38,2026-07-10T08:08:38.601Z,ETHUSDT,buy,1670,12081686.81,,,1
2026-07-10 18:08:38,2026-07-10T08:08:38.601Z,ETHUSDT,buy,1660,11970555.48,,,1
2026-07-10 18:08:38,2026-07-10T08:08:38.601Z,ETHUSDT,buy,1665,11471578.61,,,1
2026-07-10 18:08:38,2026-07-10T08:08:38.601Z,ETHUSDT,buy,1455,10173998.75,,,1
2026-07-10 18:08:38,2026-07-10T08:08:38.601Z,ETHUSDT,buy,1200,7619052,,,1
2026-07-10 18:08:38,2026-07-10T08:08:38.601Z,ETHUSDT,buy,1450,6543480.25,,,1
2026-07-10 18:08:38,2026-07-10T08:08:38.601Z,ETHUSDT,buy,1600,5999974.4,,,1
2026-07-10 18:08:38,2026-07-10T08:08:38.601Z,ETHUSDT,buy,1668,5692443.65,,,1
2026-07-10 18:08:38,2026-07-10T08:08:38.601Z,ETHUSDT,buy,1400,5642303.8,,,1
2026-07-10 18:08:39,2026-07-10T08:08:39.076Z,BTCUSDT,sell,64388,30376133.6,,,1
2026-07-10 18:08:39,2026-07-10T08:08:39.076Z,BTCUSDT,sell,64200,18366143.4,,,1
2026-07-10 18:08:39,2026-07-10T08:08:39.076Z,BTCUSDT,sell,68000,17777920,,,1
2026-07-10 18:08:39,2026-07-10T08:08:39.076Z,BTCUSDT,sell,65397.7,16847690.08,,,1
2026-07-10 18:08:39,2026-07-10T08:08:39.076Z,BTCUSDT,sell,79800,15560601,,,1
2026-07-10 18:08:39,2026-07-10T08:08:39.076Z,BTCUSDT,sell,64688,13918528.83,,,1
2026-07-10 18:08:39,2026-07-10T08:08:39.076Z,BTCUSDT,sell,64488,13587363.65,,,1
2026-07-10 18:08:39,2026-07-10T08:08:39.076Z,BTCUSDT,sell,64588,13533252.82,,,1
2026-07-10 18:08:39,2026-07-10T08:08:39.076Z,BTCUSDT,sell,64288,13304337.31,,,1
2026-07-10 18:08:39,2026-07-10T08:08:39.076Z,BTCUSDT,sell,64788,13141468.34,,,1
2026-07-10 18:08:39,2026-07-10T08:08:39.076Z,BTCUSDT,buy,63820,45316029.2,,,2
2026-07-10 18:08:39,2026-07-10T08:08:39.076Z,BTCUSDT,buy,52050,42450470.55,,,1
2026-07-10 18:08:39,2026-07-10T08:08:39.076Z,BTCUSDT,buy,48000,27898224,,,1
2026-07-10 18:08:39,2026-07-10T08:08:39.076Z,BTCUSDT,buy,49000,26205445,,,1
2026-07-10 18:08:39,2026-07-10T08:08:39.076Z,BTCUSDT,buy,50000,14342400,,,1
2026-07-10 18:08:39,2026-07-10T08:08:39.076Z,BTCUSDT,buy,61533,12353303.55,,,1
2026-07-10 18:08:39,2026-07-10T08:08:39.076Z,BTCUSDT,buy,62350,12350163.3,,,1
2026-07-10 18:08:39,2026-07-10T08:08:39.076Z,BTCUSDT,buy,61633,12332146.97,,,1
2026-07-10 18:08:39,2026-07-10T08:08:39.076Z,BTCUSDT,buy,61578,12315661.58,,,1
2026-07-10 18:08:39,2026-07-10T08:08:39.076Z,BTCUSDT,buy,61000,10746736,,,1
2026-07-10 18:10:38,2026-07-10T08:10:38.595Z,ETHUSDT,sell,1830,12509711.64,,,1
2026-07-10 18:10:38,2026-07-10T08:10:38.595Z,ETHUSDT,sell,1850,9387641.85,,,1
2026-07-10 18:10:38,2026-07-10T08:10:38.595Z,ETHUSDT,sell,1840,9266681.6,,,1
2026-07-10 18:10:38,2026-07-10T08:10:38.595Z,ETHUSDT,sell,2560,7775342.08,,,1
2026-07-10 18:10:38,2026-07-10T08:10:38.595Z,ETHUSDT,sell,1860,6842882.34,,,1
2026-07-10 18:10:38,2026-07-10T08:10:38.595Z,ETHUSDT,sell,1900,6556417.4,,,1
2026-07-10 18:10:38,2026-07-10T08:10:38.595Z,ETHUSDT,sell,1855,6486614.09,,,1
2026-07-10 18:10:38,2026-07-10T08:10:38.595Z,ETHUSDT,sell,1845,6405428.57,,,1
2026-07-10 18:10:38,2026-07-10T08:10:38.595Z,ETHUSDT,sell,1837,6280938.14,,,1
2026-07-10 18:10:38,2026-07-10T08:10:38.595Z,ETHUSDT,sell,1885,5562636.89,,,1
2026-07-10 18:10:38,2026-07-10T08:10:38.596Z,ETHUSDT,buy,1670,12081820.41,,,1
2026-07-10 18:10:38,2026-07-10T08:10:38.596Z,ETHUSDT,buy,1660,11970688.28,,,1
2026-07-10 18:10:38,2026-07-10T08:10:38.596Z,ETHUSDT,buy,1665,11471711.81,,,1
2026-07-10 18:10:38,2026-07-10T08:10:38.596Z,ETHUSDT,buy,1455,10173998.75,,,1
2026-07-10 18:10:38,2026-07-10T08:10:38.596Z,ETHUSDT,buy,1200,7621380,,,1
2026-07-10 18:10:38,2026-07-10T08:10:38.596Z,ETHUSDT,buy,1450,6543480.25,,,1
2026-07-10 18:10:38,2026-07-10T08:10:38.596Z,ETHUSDT,buy,1600,6000107.2,,,1
2026-07-10 18:10:38,2026-07-10T08:10:38.596Z,ETHUSDT,buy,1668,5660751.65,,,1
2026-07-10 18:10:38,2026-07-10T08:10:38.596Z,ETHUSDT,buy,1400,5642303.8,,,1
2026-07-10 18:10:38,2026-07-10T08:10:38.596Z,ETHUSDT,buy,1623,5075711.77,,,1
2026-07-10 18:10:39,2026-07-10T08:10:39.059Z,BTCUSDT,sell,64388,27961068.49,,,1
2026-07-10 18:10:39,2026-07-10T08:10:39.059Z,BTCUSDT,sell,64200,18409478.4,,,1
2026-07-10 18:10:39,2026-07-10T08:10:39.059Z,BTCUSDT,sell,68000,17778396,,,1
2026-07-10 18:10:39,2026-07-10T08:10:39.059Z,BTCUSDT,sell,65397.7,16847690.08,,,1
2026-07-10 18:10:39,2026-07-10T08:10:39.059Z,BTCUSDT,sell,79800,15560601,,,1
2026-07-10 18:10:39,2026-07-10T08:10:39.059Z,BTCUSDT,sell,64688,13912836.29,,,1
2026-07-10 18:10:39,2026-07-10T08:10:39.059Z,BTCUSDT,sell,64488,13587363.65,,,1
2026-07-10 18:10:39,2026-07-10T08:10:39.059Z,BTCUSDT,sell,64588,13538936.56,,,1
2026-07-10 18:10:39,2026-07-10T08:10:39.059Z,BTCUSDT,sell,64288,13304337.31,,,1
2026-07-10 18:10:39,2026-07-10T08:10:39.059Z,BTCUSDT,sell,64788,13141468.34,,,1
2026-07-10 18:10:39,2026-07-10T08:10:39.059Z,BTCUSDT,buy,52050,42450470.55,,,1
2026-07-10 18:10:39,2026-07-10T08:10:39.059Z,BTCUSDT,buy,48000,27898224,,,1
2026-07-10 18:10:39,2026-07-10T08:10:39.059Z,BTCUSDT,buy,49000,26205445,,,1
2026-07-10 18:10:39,2026-07-10T08:10:39.059Z,BTCUSDT,buy,50000,14342400,,,1
2026-07-10 18:10:39,2026-07-10T08:10:39.059Z,BTCUSDT,buy,61533,12353303.55,,,1
2026-07-10 18:10:39,2026-07-10T08:10:39.059Z,BTCUSDT,buy,62350,12350100.95,,,1
2026-07-10 18:10:39,2026-07-10T08:10:39.059Z,BTCUSDT,buy,61633,12332146.97,,,1
2026-07-10 18:10:39,2026-07-10T08:10:39.059Z,BTCUSDT,buy,61578,12315661.58,,,1
2026-07-10 18:10:39,2026-07-10T08:10:39.059Z,BTCUSDT,buy,61000,10742222,,,1
2026-07-10 18:10:39,2026-07-10T08:10:39.059Z,BTCUSDT,buy,54000,9409824,,,1
2026-07-10 18:12:38,2026-07-10T08:12:38.507Z,ETHUSDT,sell,1830,12508059.15,,,1
2026-07-10 18:12:38,2026-07-10T08:12:38.507Z,ETHUSDT,sell,1850,9382931.75,,,1
2026-07-10 18:12:38,2026-07-10T08:12:38.507Z,ETHUSDT,sell,1840,9268181.2,,,1
2026-07-10 18:12:38,2026-07-10T08:12:38.507Z,ETHUSDT,sell,2560,7775342.08,,,1
2026-07-10 18:12:38,2026-07-10T08:12:38.507Z,ETHUSDT,sell,1860,6842882.34,,,1
2026-07-10 18:12:38,2026-07-10T08:12:38.507Z,ETHUSDT,sell,1900,6556417.4,,,1
2026-07-10 18:12:38,2026-07-10T08:12:38.507Z,ETHUSDT,sell,1855,6486614.09,,,1
2026-07-10 18:12:38,2026-07-10T08:12:38.507Z,ETHUSDT,sell,1845,6405428.57,,,1
2026-07-10 18:12:38,2026-07-10T08:12:38.507Z,ETHUSDT,sell,1837,6280938.14,,,1
2026-07-10 18:12:38,2026-07-10T08:12:38.507Z,ETHUSDT,sell,1885,5562636.89,,,1
2026-07-10 18:12:38,2026-07-10T08:12:38.507Z,ETHUSDT,buy,1670,12081820.41,,,1
2026-07-10 18:12:38,2026-07-10T08:12:38.507Z,ETHUSDT,buy,1660,11970688.28,,,1
2026-07-10 18:12:38,2026-07-10T08:12:38.507Z,ETHUSDT,buy,1665,11471711.81,,,1
2026-07-10 18:12:38,2026-07-10T08:12:38.507Z,ETHUSDT,buy,1455,10173998.75,,,1
2026-07-10 18:12:38,2026-07-10T08:12:38.507Z,ETHUSDT,buy,1200,7621380,,,1
2026-07-10 18:12:38,2026-07-10T08:12:38.507Z,ETHUSDT,buy,1450,6543480.25,,,1
2026-07-10 18:12:38,2026-07-10T08:12:38.507Z,ETHUSDT,buy,1600,6000107.2,,,1
2026-07-10 18:12:38,2026-07-10T08:12:38.507Z,ETHUSDT,buy,1668,5660751.65,,,1
2026-07-10 18:12:38,2026-07-10T08:12:38.507Z,ETHUSDT,buy,1400,5642303.8,,,1
2026-07-10 18:12:38,2026-07-10T08:12:38.507Z,ETHUSDT,buy,1623,5075711.77,,,1
2026-07-10 18:12:38,2026-07-10T08:12:38.954Z,BTCUSDT,sell,64388,30360229.76,,,1
2026-07-10 18:12:38,2026-07-10T08:12:38.954Z,BTCUSDT,sell,64200,18397473,,,1
2026-07-10 18:12:38,2026-07-10T08:12:38.954Z,BTCUSDT,sell,68000,17778396,,,1
2026-07-10 18:12:38,2026-07-10T08:12:38.954Z,BTCUSDT,sell,65397.7,16847690.08,,,1
2026-07-10 18:12:38,2026-07-10T08:12:38.954Z,BTCUSDT,sell,79800,15560601,,,1
2026-07-10 18:12:38,2026-07-10T08:12:38.954Z,BTCUSDT,sell,64688,13912836.29,,,1
2026-07-10 18:12:38,2026-07-10T08:12:38.954Z,BTCUSDT,sell,64488,13587363.65,,,1
2026-07-10 18:12:38,2026-07-10T08:12:38.954Z,BTCUSDT,sell,64588,13538936.56,,,1
2026-07-10 18:12:38,2026-07-10T08:12:38.954Z,BTCUSDT,sell,64288,13321373.63,,,1
2026-07-10 18:12:38,2026-07-10T08:12:38.954Z,BTCUSDT,sell,64788,13141468.34,,,1
2026-07-10 18:12:38,2026-07-10T08:12:38.955Z,BTCUSDT,buy,52050,42450470.55,,,1
2026-07-10 18:12:38,2026-07-10T08:12:38.955Z,BTCUSDT,buy,48000,27898224,,,1
2026-07-10 18:12:38,2026-07-10T08:12:38.955Z,BTCUSDT,buy,49000,26205445,,,1
2026-07-10 18:12:38,2026-07-10T08:12:38.955Z,BTCUSDT,buy,50000,14342400,,,1
2026-07-10 18:12:38,2026-07-10T08:12:38.955Z,BTCUSDT,buy,61533,12353303.55,,,1
2026-07-10 18:12:38,2026-07-10T08:12:38.955Z,BTCUSDT,buy,62350,12350225.65,,,1
2026-07-10 18:12:38,2026-07-10T08:12:38.955Z,BTCUSDT,buy,61633,12332146.97,,,1
2026-07-10 18:12:38,2026-07-10T08:12:38.955Z,BTCUSDT,buy,61578,12315661.58,,,1
2026-07-10 18:12:38,2026-07-10T08:12:38.955Z,BTCUSDT,buy,61000,10742222,,,1
2026-07-10 18:12:38,2026-07-10T08:12:38.955Z,BTCUSDT,buy,54000,9409824,,,1
2026-07-10 18:14:38,2026-07-10T08:14:38.515Z,ETHUSDT,sell,1830,12513225.24,,,1
2026-07-10 18:14:38,2026-07-10T08:14:38.515Z,ETHUSDT,sell,1850,9382931.75,,,1
2026-07-10 18:14:38,2026-07-10T08:14:38.515Z,ETHUSDT,sell,1840,9266341.2,,,1
2026-07-10 18:14:38,2026-07-10T08:14:38.515Z,ETHUSDT,sell,2560,7775342.08,,,1
2026-07-10 18:14:38,2026-07-10T08:14:38.515Z,ETHUSDT,sell,1860,6842882.34,,,1
2026-07-10 18:14:38,2026-07-10T08:14:38.515Z,ETHUSDT,sell,1900,6556362.3,,,1
2026-07-10 18:14:38,2026-07-10T08:14:38.515Z,ETHUSDT,sell,1855,6486614.09,,,1
2026-07-10 18:14:38,2026-07-10T08:14:38.515Z,ETHUSDT,sell,1845,6405428.57,,,1
2026-07-10 18:14:38,2026-07-10T08:14:38.515Z,ETHUSDT,sell,1837,6280938.14,,,1
2026-07-10 18:14:38,2026-07-10T08:14:38.515Z,ETHUSDT,sell,1885,5562636.89,,,1
2026-07-10 18:14:38,2026-07-10T08:14:38.515Z,ETHUSDT,buy,1670,12081820.41,,,1
2026-07-10 18:14:38,2026-07-10T08:14:38.515Z,ETHUSDT,buy,1660,11920888.28,,,1
2026-07-10 18:14:38,2026-07-10T08:14:38.515Z,ETHUSDT,buy,1665,11471711.81,,,1
2026-07-10 18:14:38,2026-07-10T08:14:38.515Z,ETHUSDT,buy,1455,10173998.75,,,1
2026-07-10 18:14:38,2026-07-10T08:14:38.515Z,ETHUSDT,buy,1200,7621380,,,1
2026-07-10 18:14:38,2026-07-10T08:14:38.515Z,ETHUSDT,buy,1450,6543480.25,,,1
2026-07-10 18:14:38,2026-07-10T08:14:38.515Z,ETHUSDT,buy,1600,6008083.2,,,1
2026-07-10 18:14:38,2026-07-10T08:14:38.515Z,ETHUSDT,buy,1668,5660751.65,,,1
2026-07-10 18:14:38,2026-07-10T08:14:38.515Z,ETHUSDT,buy,1400,5642303.8,,,1
2026-07-10 18:14:38,2026-07-10T08:14:38.515Z,ETHUSDT,buy,1623,5075711.77,,,1
2026-07-10 18:14:38,2026-07-10T08:14:38.969Z,BTCUSDT,sell,64388,30360229.76,,,1
2026-07-10 18:14:38,2026-07-10T08:14:38.969Z,BTCUSDT,sell,64200,18376800.6,,,1
2026-07-10 18:14:38,2026-07-10T08:14:38.969Z,BTCUSDT,sell,68000,17779348,,,1
2026-07-10 18:14:38,2026-07-10T08:14:38.969Z,BTCUSDT,sell,65397.7,16847690.08,,,1
2026-07-10 18:14:38,2026-07-10T08:14:38.969Z,BTCUSDT,sell,79800,15560601,,,1
2026-07-10 18:14:38,2026-07-10T08:14:38.969Z,BTCUSDT,sell,64688,13912836.29,,,1
2026-07-10 18:14:38,2026-07-10T08:14:38.969Z,BTCUSDT,sell,64488,13587363.65,,,1
2026-07-10 18:14:38,2026-07-10T08:14:38.969Z,BTCUSDT,sell,64588,13540228.32,,,1
2026-07-10 18:14:38,2026-07-10T08:14:38.969Z,BTCUSDT,sell,64288,13321309.34,,,1
2026-07-10 18:14:38,2026-07-10T08:14:38.969Z,BTCUSDT,sell,64788,13141468.34,,,1
2026-07-10 18:14:38,2026-07-10T08:14:38.969Z,BTCUSDT,buy,52050,42450470.55,,,1
2026-07-10 18:14:38,2026-07-10T08:14:38.969Z,BTCUSDT,buy,48000,27898224,,,1
2026-07-10 18:14:38,2026-07-10T08:14:38.969Z,BTCUSDT,buy,49000,26205445,,,1
2026-07-10 18:14:38,2026-07-10T08:14:38.969Z,BTCUSDT,buy,50000,14342400,,,1
2026-07-10 18:14:38,2026-07-10T08:14:38.969Z,BTCUSDT,buy,61533,12353303.55,,,1
2026-07-10 18:14:38,2026-07-10T08:14:38.969Z,BTCUSDT,buy,62350,12350225.65,,,1
2026-07-10 18:14:38,2026-07-10T08:14:38.969Z,BTCUSDT,buy,61633,12332146.97,,,1
2026-07-10 18:14:38,2026-07-10T08:14:38.969Z,BTCUSDT,buy,61578,12315661.58,,,1
2026-07-10 18:14:38,2026-07-10T08:14:38.969Z,BTCUSDT,buy,61000,10742222,,,1
2026-07-10 18:14:38,2026-07-10T08:14:38.969Z,BTCUSDT,buy,54000,9409824,,,1
2026-07-10 18:16:38,2026-07-10T08:16:38.516Z,ETHUSDT,sell,1830,12513225.24,,,1
2026-07-10 18:16:38,2026-07-10T08:16:38.516Z,ETHUSDT,sell,1850,9382931.75,,,1
2026-07-10 18:16:38,2026-07-10T08:16:38.516Z,ETHUSDT,sell,1840,9266341.2,,,1
2026-07-10 18:16:38,2026-07-10T08:16:38.516Z,ETHUSDT,sell,2560,7775342.08,,,1
2026-07-10 18:16:38,2026-07-10T08:16:38.516Z,ETHUSDT,sell,1860,6842882.34,,,1
2026-07-10 18:16:38,2026-07-10T08:16:38.516Z,ETHUSDT,sell,1900,6556362.3,,,1
2026-07-10 18:16:38,2026-07-10T08:16:38.516Z,ETHUSDT,sell,1855,6486614.09,,,1
2026-07-10 18:16:38,2026-07-10T08:16:38.516Z,ETHUSDT,sell,1845,6405428.57,,,1
2026-07-10 18:16:38,2026-07-10T08:16:38.516Z,ETHUSDT,sell,1837,6280938.14,,,1
2026-07-10 18:16:38,2026-07-10T08:16:38.516Z,ETHUSDT,sell,1885,5561888.54,,,1
2026-07-10 18:16:38,2026-07-10T08:16:38.517Z,ETHUSDT,buy,1670,12081820.41,,,1
2026-07-10 18:16:38,2026-07-10T08:16:38.517Z,ETHUSDT,buy,1660,11918889.64,,,1
2026-07-10 18:16:38,2026-07-10T08:16:38.517Z,ETHUSDT,buy,1665,11471711.81,,,1
2026-07-10 18:16:38,2026-07-10T08:16:38.517Z,ETHUSDT,buy,1455,10173998.75,,,1
2026-07-10 18:16:38,2026-07-10T08:16:38.517Z,ETHUSDT,buy,1200,7621380,,,1
2026-07-10 18:16:38,2026-07-10T08:16:38.517Z,ETHUSDT,buy,1450,6543480.25,,,1
2026-07-10 18:16:38,2026-07-10T08:16:38.517Z,ETHUSDT,buy,1600,6008083.2,,,1
2026-07-10 18:16:38,2026-07-10T08:16:38.517Z,ETHUSDT,buy,1668,5660751.65,,,1
2026-07-10 18:16:38,2026-07-10T08:16:38.517Z,ETHUSDT,buy,1400,5642303.8,,,1
2026-07-10 18:16:38,2026-07-10T08:16:38.517Z,ETHUSDT,buy,1623,5075711.77,,,1
2026-07-10 18:16:38,2026-07-10T08:16:38.972Z,BTCUSDT,sell,64388,30338402.23,,,1
2026-07-10 18:16:38,2026-07-10T08:16:38.972Z,BTCUSDT,sell,64200,18444018,,,1
2026-07-10 18:16:38,2026-07-10T08:16:38.972Z,BTCUSDT,sell,68000,17779348,,,1
2026-07-10 18:16:38,2026-07-10T08:16:38.972Z,BTCUSDT,sell,65397.7,16847690.08,,,1
2026-07-10 18:16:38,2026-07-10T08:16:38.972Z,BTCUSDT,sell,79800,15560601,,,1
2026-07-10 18:16:38,2026-07-10T08:16:38.972Z,BTCUSDT,sell,64688,13917817.26,,,1
2026-07-10 18:16:38,2026-07-10T08:16:38.972Z,BTCUSDT,sell,64488,13587363.65,,,1
2026-07-10 18:16:38,2026-07-10T08:16:38.972Z,BTCUSDT,sell,64588,13540357.5,,,1
2026-07-10 18:16:38,2026-07-10T08:16:38.972Z,BTCUSDT,sell,64288,13321373.63,,,1
2026-07-10 18:16:38,2026-07-10T08:16:38.972Z,BTCUSDT,sell,64788,13190966.38,,,1
2026-07-10 18:16:38,2026-07-10T08:16:38.972Z,BTCUSDT,buy,52050,42450470.55,,,1
2026-07-10 18:16:38,2026-07-10T08:16:38.972Z,BTCUSDT,buy,48000,27898224,,,1
2026-07-10 18:16:38,2026-07-10T08:16:38.972Z,BTCUSDT,buy,49000,26205445,,,1
2026-07-10 18:16:38,2026-07-10T08:16:38.972Z,BTCUSDT,buy,50000,14342400,,,1
2026-07-10 18:16:38,2026-07-10T08:16:38.972Z,BTCUSDT,buy,61533,12353303.55,,,1
2026-07-10 18:16:38,2026-07-10T08:16:38.972Z,BTCUSDT,buy,62350,12350225.65,,,1
2026-07-10 18:16:38,2026-07-10T08:16:38.972Z,BTCUSDT,buy,61633,12332146.97,,,1
2026-07-10 18:16:38,2026-07-10T08:16:38.972Z,BTCUSDT,buy,61578,12315661.58,,,1
2026-07-10 18:16:38,2026-07-10T08:16:38.972Z,BTCUSDT,buy,61000,10795414,,,1
2026-07-10 18:16:38,2026-07-10T08:16:38.972Z,BTCUSDT,buy,54000,9409824,,,1
2026-07-10 18:18:17,2026-07-10T08:18:17.717Z,ETHUSDT,sell,1830,12308407.98,1785.065,2.517,1
2026-07-10 18:18:17,2026-07-10T08:18:17.717Z,ETHUSDT,sell,1850,9384689.25,1785.065,3.638,1
2026-07-10 18:18:17,2026-07-10T08:18:17.717Z,ETHUSDT,sell,1840,9358784.64,1785.065,3.077,1
2026-07-10 18:18:17,2026-07-10T08:18:17.717Z,ETHUSDT,sell,2560,7775342.08,1785.065,43.412,1
2026-07-10 18:18:17,2026-07-10T08:18:17.717Z,ETHUSDT,sell,1860,6842783.76,1785.065,4.198,1
2026-07-10 18:18:17,2026-07-10T08:18:17.717Z,ETHUSDT,sell,1900,6556267.3,1785.065,6.439,1
2026-07-10 18:18:17,2026-07-10T08:18:17.717Z,ETHUSDT,sell,1855,6486614.09,1785.065,3.918,1
2026-07-10 18:18:17,2026-07-10T08:18:17.717Z,ETHUSDT,sell,1845,6404290.2,1785.065,3.358,1
2026-07-10 18:18:17,2026-07-10T08:18:17.717Z,ETHUSDT,sell,1837,6280938.14,1785.065,2.909,1
2026-07-10 18:18:17,2026-07-10T08:18:17.717Z,ETHUSDT,sell,1885,5561888.54,1785.065,5.598,1
2026-07-10 18:18:17,2026-07-10T08:18:17.718Z,ETHUSDT,buy,1670,12081820.41,1785.065,-6.446,1
2026-07-10 18:18:17,2026-07-10T08:18:17.718Z,ETHUSDT,buy,1660,11918866.4,1785.065,-7.006,1
2026-07-10 18:18:17,2026-07-10T08:18:17.718Z,ETHUSDT,buy,1665,11471711.81,1785.065,-6.726,1
2026-07-10 18:18:17,2026-07-10T08:18:17.718Z,ETHUSDT,buy,1455,10173998.75,1785.065,-18.490,1
2026-07-10 18:18:17,2026-07-10T08:18:17.718Z,ETHUSDT,buy,1200,7621380,1785.065,-32.776,1
2026-07-10 18:18:17,2026-07-10T08:18:17.718Z,ETHUSDT,buy,1450,6493743.8,1785.065,-18.770,1
2026-07-10 18:18:17,2026-07-10T08:18:17.718Z,ETHUSDT,buy,1600,5996035.2,1785.065,-10.367,1
2026-07-10 18:18:17,2026-07-10T08:18:17.718Z,ETHUSDT,buy,1668,5660751.65,1785.065,-6.558,1
2026-07-10 18:18:17,2026-07-10T08:18:17.718Z,ETHUSDT,buy,1400,5642303.8,1785.065,-21.571,1
2026-07-10 18:18:17,2026-07-10T08:18:17.718Z,ETHUSDT,buy,1623,5075711.77,1785.065,-9.079,1
2026-07-10 18:18:17,2026-07-10T08:18:17.967Z,BTCUSDT,sell,64388,30142920.26,64312.025,0.118,1
2026-07-10 18:18:17,2026-07-10T08:18:17.967Z,BTCUSDT,sell,68000,17762348,64312.025,5.735,1
2026-07-10 18:18:17,2026-07-10T08:18:17.967Z,BTCUSDT,sell,65397.7,16712709.22,64312.025,1.688,1
2026-07-10 18:18:17,2026-07-10T08:18:17.967Z,BTCUSDT,sell,79800,15560601,64312.025,24.083,1
2026-07-10 18:18:17,2026-07-10T08:18:17.967Z,BTCUSDT,sell,64688,13918205.39,64312.025,0.585,1
2026-07-10 18:18:17,2026-07-10T08:18:17.967Z,BTCUSDT,sell,64488,13652496.53,64312.025,0.274,1
2026-07-10 18:18:17,2026-07-10T08:18:17.967Z,BTCUSDT,sell,64588,13567096.93,64312.025,0.429,1
2026-07-10 18:18:17,2026-07-10T08:18:17.967Z,BTCUSDT,sell,65555.5,13257223.21,64312.025,1.934,1
2026-07-10 18:18:17,2026-07-10T08:18:17.967Z,BTCUSDT,sell,64788,13141468.34,64312.025,0.740,1
2026-07-10 18:18:17,2026-07-10T08:18:17.967Z,BTCUSDT,sell,64188,12840937.78,64312.025,-0.193,2
2026-07-10 18:18:17,2026-07-10T08:18:17.967Z,BTCUSDT,buy,64200,55673212.8,64312.025,-0.174,2
2026-07-10 18:18:17,2026-07-10T08:18:17.967Z,BTCUSDT,buy,52050,42450470.55,64312.025,-19.066,1
2026-07-10 18:18:17,2026-07-10T08:18:17.967Z,BTCUSDT,buy,48000,27898224,64312.025,-25.364,1
2026-07-10 18:18:17,2026-07-10T08:18:17.967Z,BTCUSDT,buy,49000,26205445,64312.025,-23.809,1
2026-07-10 18:18:17,2026-07-10T08:18:17.967Z,BTCUSDT,buy,50000,14342400,64312.025,-22.254,1
2026-07-10 18:18:17,2026-07-10T08:18:17.967Z,BTCUSDT,buy,61533,12353303.55,64312.025,-4.321,1
2026-07-10 18:18:17,2026-07-10T08:18:17.967Z,BTCUSDT,buy,62350,12350225.65,64312.025,-3.051,1
2026-07-10 18:18:17,2026-07-10T08:18:17.967Z,BTCUSDT,buy,61633,12332146.97,64312.025,-4.166,1
2026-07-10 18:18:17,2026-07-10T08:18:17.967Z,BTCUSDT,buy,61578,12315661.58,64312.025,-4.251,1
2026-07-10 18:18:17,2026-07-10T08:18:17.967Z,BTCUSDT,buy,61000,10794438,64312.025,-5.150,1
2026-07-10 18:20:17,2026-07-10T08:20:17.728Z,ETHUSDT,sell,1830,12315263.16,1784.565,2.546,1
2026-07-10 18:20:17,2026-07-10T08:20:17.728Z,ETHUSDT,sell,1850,9381424,1784.565,3.667,1
2026-07-10 18:20:17,2026-07-10T08:20:17.728Z,ETHUSDT,sell,1840,9357735.84,1784.565,3.106,1
2026-07-10 18:20:17,2026-07-10T08:20:17.728Z,ETHUSDT,sell,2560,7775342.08,1784.565,43.452,1
2026-07-10 18:20:17,2026-07-10T08:20:17.728Z,ETHUSDT,sell,1860,6844643.76,1784.565,4.227,1
2026-07-10 18:20:17,2026-07-10T08:20:17.728Z,ETHUSDT,sell,1900,6556067.8,1784.565,6.469,1
2026-07-10 18:20:17,2026-07-10T08:20:17.728Z,ETHUSDT,sell,1855,6486614.09,1784.565,3.947,1
2026-07-10 18:20:17,2026-07-10T08:20:17.728Z,ETHUSDT,sell,1845,6421817.7,1784.565,3.387,1
2026-07-10 18:20:17,2026-07-10T08:20:17.728Z,ETHUSDT,sell,1837,6325876.67,1784.565,2.938,1
2026-07-10 18:20:17,2026-07-10T08:20:17.728Z,ETHUSDT,sell,1885,5561888.54,1784.565,5.628,1
2026-07-10 18:20:17,2026-07-10T08:20:17.728Z,ETHUSDT,buy,1670,12081820.41,1784.565,-6.420,1
2026-07-10 18:20:17,2026-07-10T08:20:17.728Z,ETHUSDT,buy,1660,11918866.4,1784.565,-6.980,1
2026-07-10 18:20:17,2026-07-10T08:20:17.728Z,ETHUSDT,buy,1665,11471711.81,1784.565,-6.700,1
2026-07-10 18:20:17,2026-07-10T08:20:17.728Z,ETHUSDT,buy,1455,10173998.75,1784.565,-18.468,1
2026-07-10 18:20:17,2026-07-10T08:20:17.728Z,ETHUSDT,buy,1200,7621380,1784.565,-32.757,1
2026-07-10 18:20:17,2026-07-10T08:20:17.728Z,ETHUSDT,buy,1450,6493743.8,1784.565,-18.748,1
2026-07-10 18:20:17,2026-07-10T08:20:17.728Z,ETHUSDT,buy,1600,5994035.2,1784.565,-10.342,1
2026-07-10 18:20:17,2026-07-10T08:20:17.728Z,ETHUSDT,buy,1668,5660751.65,1784.565,-6.532,1
2026-07-10 18:20:17,2026-07-10T08:20:17.728Z,ETHUSDT,buy,1400,5642303.8,1784.565,-21.550,1
2026-07-10 18:20:17,2026-07-10T08:20:17.728Z,ETHUSDT,buy,1623,5075711.77,1784.565,-9.053,1
2026-07-10 18:20:17,2026-07-10T08:20:17.991Z,BTCUSDT,sell,64388,26456192.16,64232.995,0.241,1
2026-07-10 18:20:17,2026-07-10T08:20:17.991Z,BTCUSDT,sell,68000,17803964,64232.995,5.865,1
2026-07-10 18:20:17,2026-07-10T08:20:17.991Z,BTCUSDT,sell,65397.7,16712709.22,64232.995,1.813,1
2026-07-10 18:20:17,2026-07-10T08:20:17.991Z,BTCUSDT,sell,79800,15560601,64232.995,24.235,1
2026-07-10 18:20:17,2026-07-10T08:20:17.991Z,BTCUSDT,sell,64688,14420637.09,64232.995,0.708,1
2026-07-10 18:20:17,2026-07-10T08:20:17.991Z,BTCUSDT,sell,64488,13663652.95,64232.995,0.397,1
2026-07-10 18:20:17,2026-07-10T08:20:17.991Z,BTCUSDT,sell,64588,13639306.31,64232.995,0.553,1
2026-07-10 18:20:17,2026-07-10T08:20:17.991Z,BTCUSDT,sell,64788,13141468.34,64232.995,0.864,1
2026-07-10 18:20:17,2026-07-10T08:20:17.991Z,BTCUSDT,sell,65555.5,13118638.88,64232.995,2.059,1
2026-07-10 18:20:17,2026-07-10T08:20:17.991Z,BTCUSDT,sell,64188,12840937.78,64232.995,-0.070,2
2026-07-10 18:20:17,2026-07-10T08:20:17.992Z,BTCUSDT,buy,64200,55673212.8,64232.995,-0.051,2
2026-07-10 18:20:17,2026-07-10T08:20:17.992Z,BTCUSDT,buy,52050,42450470.55,64232.995,-18.967,1
2026-07-10 18:20:17,2026-07-10T08:20:17.992Z,BTCUSDT,buy,48000,27897936,64232.995,-25.272,1
2026-07-10 18:20:17,2026-07-10T08:20:17.992Z,BTCUSDT,buy,49000,26205347,64232.995,-23.715,1
2026-07-10 18:20:17,2026-07-10T08:20:17.992Z,BTCUSDT,buy,50000,14342800,64232.995,-22.158,1
2026-07-10 18:20:17,2026-07-10T08:20:17.992Z,BTCUSDT,buy,61533,12353303.55,64232.995,-4.203,1
2026-07-10 18:20:17,2026-07-10T08:20:17.992Z,BTCUSDT,buy,62350,12350225.65,64232.995,-2.932,1
2026-07-10 18:20:17,2026-07-10T08:20:17.992Z,BTCUSDT,buy,61633,12332146.97,64232.995,-4.048,1
2026-07-10 18:20:17,2026-07-10T08:20:17.992Z,BTCUSDT,buy,61578,12315661.58,64232.995,-4.133,1
2026-07-10 18:20:17,2026-07-10T08:20:17.992Z,BTCUSDT,buy,61000,10707879,64232.995,-5.033,1
2026-07-10 18:22:17,2026-07-10T08:22:17.718Z,ETHUSDT,sell,1830,12251059.44,1784.11,2.572,1
2026-07-10 18:22:17,2026-07-10T08:22:17.718Z,ETHUSDT,sell,1850,9389704.6,1784.11,3.693,1
2026-07-10 18:22:17,2026-07-10T08:22:17.718Z,ETHUSDT,sell,1840,9084330.24,1784.11,3.133,1
2026-07-10 18:22:17,2026-07-10T08:22:17.718Z,ETHUSDT,sell,2560,7775342.08,1784.11,43.489,1
2026-07-10 18:22:17,2026-07-10T08:22:17.718Z,ETHUSDT,sell,1860,7067787.96,1784.11,4.254,1
2026-07-10 18:22:17,2026-07-10T08:22:17.718Z,ETHUSDT,sell,1900,6556067.8,1784.11,6.496,1
2026-07-10 18:22:17,2026-07-10T08:22:17.718Z,ETHUSDT,sell,1855,6486614.09,1784.11,3.973,1
2026-07-10 18:22:17,2026-07-10T08:22:17.718Z,ETHUSDT,sell,1845,6422077.85,1784.11,3.413,1
2026-07-10 18:22:17,2026-07-10T08:22:17.718Z,ETHUSDT,sell,1837,6325876.67,1784.11,2.965,1
2026-07-10 18:22:17,2026-07-10T08:22:17.718Z,ETHUSDT,sell,1885,5561888.54,1784.11,5.655,1
2026-07-10 18:22:17,2026-07-10T08:22:17.718Z,ETHUSDT,buy,1670,12081820.41,1784.11,-6.396,1
2026-07-10 18:22:17,2026-07-10T08:22:17.718Z,ETHUSDT,buy,1660,11918866.4,1784.11,-6.956,1
2026-07-10 18:22:17,2026-07-10T08:22:17.718Z,ETHUSDT,buy,1665,11471711.81,1784.11,-6.676,1
2026-07-10 18:22:17,2026-07-10T08:22:17.718Z,ETHUSDT,buy,1455,10173998.75,1784.11,-18.447,1
2026-07-10 18:22:17,2026-07-10T08:22:17.718Z,ETHUSDT,buy,1200,7621380,1784.11,-32.740,1
2026-07-10 18:22:17,2026-07-10T08:22:17.718Z,ETHUSDT,buy,1450,6493743.8,1784.11,-18.727,1
2026-07-10 18:22:17,2026-07-10T08:22:17.718Z,ETHUSDT,buy,1600,5994035.2,1784.11,-10.319,1
2026-07-10 18:22:17,2026-07-10T08:22:17.718Z,ETHUSDT,buy,1668,5660751.65,1784.11,-6.508,1
2026-07-10 18:22:17,2026-07-10T08:22:17.718Z,ETHUSDT,buy,1400,5642303.8,1784.11,-21.530,1
2026-07-10 18:22:17,2026-07-10T08:22:17.718Z,ETHUSDT,buy,1623,5075711.77,1784.11,-9.030,1
2026-07-10 18:22:18,2026-07-10T08:22:18.186Z,BTCUSDT,sell,64388,25611099.66,64239.985,0.230,1
2026-07-10 18:22:18,2026-07-10T08:22:18.186Z,BTCUSDT,sell,68000,17808112,64239.985,5.853,1
2026-07-10 18:22:18,2026-07-10T08:22:18.186Z,BTCUSDT,sell,65397.7,16712709.22,64239.985,1.802,1
2026-07-10 18:22:18,2026-07-10T08:22:18.186Z,BTCUSDT,sell,79800,15560601,64239.985,24.222,1
2026-07-10 18:22:18,2026-07-10T08:22:18.186Z,BTCUSDT,sell,64688,14440043.49,64239.985,0.697,1
2026-07-10 18:22:18,2026-07-10T08:22:18.186Z,BTCUSDT,sell,64588,13546299.59,64239.985,0.542,1
2026-07-10 18:22:18,2026-07-10T08:22:18.186Z,BTCUSDT,sell,64488,13515846.46,64239.985,0.386,1
2026-07-10 18:22:18,2026-07-10T08:22:18.186Z,BTCUSDT,sell,64788,13141468.34,64239.985,0.853,1
2026-07-10 18:22:18,2026-07-10T08:22:18.186Z,BTCUSDT,sell,65555.5,13118638.88,64239.985,2.048,1
2026-07-10 18:22:18,2026-07-10T08:22:18.186Z,BTCUSDT,sell,64188,12840937.78,64239.985,-0.081,2
2026-07-10 18:22:18,2026-07-10T08:22:18.186Z,BTCUSDT,buy,64200,55673212.8,64239.985,-0.062,2
2026-07-10 18:22:18,2026-07-10T08:22:18.186Z,BTCUSDT,buy,52050,42450470.55,64239.985,-18.976,1
2026-07-10 18:22:18,2026-07-10T08:22:18.186Z,BTCUSDT,buy,48000,27898128,64239.985,-25.280,1
2026-07-10 18:22:18,2026-07-10T08:22:18.186Z,BTCUSDT,buy,49000,26205543,64239.985,-23.724,1
2026-07-10 18:22:18,2026-07-10T08:22:18.186Z,BTCUSDT,buy,50000,14342500,64239.985,-22.167,1
2026-07-10 18:22:18,2026-07-10T08:22:18.186Z,BTCUSDT,buy,61533,12353303.55,64239.985,-4.214,1
2026-07-10 18:22:18,2026-07-10T08:22:18.186Z,BTCUSDT,buy,62350,12348729.25,64239.985,-2.942,1
2026-07-10 18:22:18,2026-07-10T08:22:18.186Z,BTCUSDT,buy,61633,12332146.97,64239.985,-4.058,1
2026-07-10 18:22:18,2026-07-10T08:22:18.186Z,BTCUSDT,buy,61578,12315661.58,64239.985,-4.144,1
2026-07-10 18:22:18,2026-07-10T08:22:18.186Z,BTCUSDT,buy,61000,10692690,64239.985,-5.044,1
2026-07-10 18:24:17,2026-07-10T08:24:17.704Z,ETHUSDT,sell,1830,12276461.67,1784.64,2.542,1
2026-07-10 18:24:17,2026-07-10T08:24:17.704Z,ETHUSDT,sell,1850,9397885.3,1784.64,3.662,1
2026-07-10 18:24:17,2026-07-10T08:24:17.704Z,ETHUSDT,sell,1840,9103725.68,1784.64,3.102,1
2026-07-10 18:24:17,2026-07-10T08:24:17.704Z,ETHUSDT,sell,2560,7775342.08,1784.64,43.446,1
2026-07-10 18:24:17,2026-07-10T08:24:17.704Z,ETHUSDT,sell,1860,7069653.54,1784.64,4.223,1
2026-07-10 18:24:17,2026-07-10T08:24:17.704Z,ETHUSDT,sell,1900,6557445.3,1784.64,6.464,1
2026-07-10 18:24:17,2026-07-10T08:24:17.704Z,ETHUSDT,sell,1855,6486614.09,1784.64,3.943,1
2026-07-10 18:24:17,2026-07-10T08:24:17.704Z,ETHUSDT,sell,1845,6422077.85,1784.64,3.382,1
2026-07-10 18:24:17,2026-07-10T08:24:17.704Z,ETHUSDT,sell,1837,6280938.14,1784.64,2.934,1
2026-07-10 18:24:17,2026-07-10T08:24:17.704Z,ETHUSDT,sell,1885,5561926.24,1784.64,5.624,1
2026-07-10 18:24:17,2026-07-10T08:24:17.704Z,ETHUSDT,buy,1670,12081820.41,1784.64,-6.424,1
2026-07-10 18:24:17,2026-07-10T08:24:17.704Z,ETHUSDT,buy,1660,11918036.4,1784.64,-6.984,1
2026-07-10 18:24:17,2026-07-10T08:24:17.704Z,ETHUSDT,buy,1665,11470796.06,1784.64,-6.704,1
2026-07-10 18:24:17,2026-07-10T08:24:17.704Z,ETHUSDT,buy,1455,10173998.75,1784.64,-18.471,1
2026-07-10 18:24:17,2026-07-10T08:24:17.704Z,ETHUSDT,buy,1200,7621359.6,1784.64,-32.760,1
2026-07-10 18:24:17,2026-07-10T08:24:17.704Z,ETHUSDT,buy,1450,6493743.8,1784.64,-18.751,1
2026-07-10 18:24:17,2026-07-10T08:24:17.704Z,ETHUSDT,buy,1600,5994035.2,1784.64,-10.346,1
2026-07-10 18:24:17,2026-07-10T08:24:17.704Z,ETHUSDT,buy,1668,5660751.65,1784.64,-6.536,1
2026-07-10 18:24:17,2026-07-10T08:24:17.704Z,ETHUSDT,buy,1400,5642303.8,1784.64,-21.553,1
2026-07-10 18:24:17,2026-07-10T08:24:17.704Z,ETHUSDT,buy,1623,5075711.77,1784.64,-9.057,1
2026-07-10 18:24:18,2026-07-10T08:24:18.185Z,BTCUSDT,sell,64388,24372403.31,64293.505,0.147,1
2026-07-10 18:24:18,2026-07-10T08:24:18.185Z,BTCUSDT,sell,68000,17809948,64293.505,5.765,1
2026-07-10 18:24:18,2026-07-10T08:24:18.185Z,BTCUSDT,sell,65397.7,16712709.22,64293.505,1.717,1
2026-07-10 18:24:18,2026-07-10T08:24:18.185Z,BTCUSDT,sell,79800,15560601,64293.505,24.118,1
2026-07-10 18:24:18,2026-07-10T08:24:18.185Z,BTCUSDT,sell,64688,14539921.76,64293.505,0.614,1
2026-07-10 18:24:18,2026-07-10T08:24:18.185Z,BTCUSDT,sell,64588,13558894.25,64293.505,0.458,1
2026-07-10 18:24:18,2026-07-10T08:24:18.185Z,BTCUSDT,sell,64488,13409634.72,64293.505,0.303,1
2026-07-10 18:24:18,2026-07-10T08:24:18.185Z,BTCUSDT,sell,64788,13142764.1,64293.505,0.769,1
2026-07-10 18:24:18,2026-07-10T08:24:18.185Z,BTCUSDT,sell,65555.5,13118638.88,64293.505,1.963,1
2026-07-10 18:24:18,2026-07-10T08:24:18.185Z,BTCUSDT,sell,64188,12840937.78,64293.505,-0.164,2
2026-07-10 18:24:18,2026-07-10T08:24:18.185Z,BTCUSDT,buy,64200,55673212.8,64293.505,-0.145,2
2026-07-10 18:24:18,2026-07-10T08:24:18.185Z,BTCUSDT,buy,52050,42450470.55,64293.505,-19.043,1
2026-07-10 18:24:18,2026-07-10T08:24:18.185Z,BTCUSDT,buy,48000,27898128,64293.505,-25.342,1
2026-07-10 18:24:18,2026-07-10T08:24:18.185Z,BTCUSDT,buy,49000,26205543,64293.505,-23.787,1
2026-07-10 18:24:18,2026-07-10T08:24:18.185Z,BTCUSDT,buy,63388,19194773.83,64293.505,-1.408,1
2026-07-10 18:24:18,2026-07-10T08:24:18.185Z,BTCUSDT,buy,63588,19150289.26,64293.505,-1.097,1
2026-07-10 18:24:18,2026-07-10T08:24:18.185Z,BTCUSDT,buy,63538,19092152.39,64293.505,-1.175,1
2026-07-10 18:24:18,2026-07-10T08:24:18.185Z,BTCUSDT,buy,63488,19074144.26,64293.505,-1.253,1
2026-07-10 18:24:18,2026-07-10T08:24:18.185Z,BTCUSDT,buy,63558,19067400,64293.505,-1.144,1
2026-07-10 18:24:18,2026-07-10T08:24:18.185Z,BTCUSDT,buy,50000,14342700,64293.505,-22.232,1
2026-07-10 18:26:17,2026-07-10T08:26:17.709Z,ETHUSDT,sell,1830,12300059.52,1782.73,2.652,1
2026-07-10 18:26:17,2026-07-10T08:26:17.709Z,ETHUSDT,sell,1850,9369080.8,1782.73,3.773,1
2026-07-10 18:26:17,2026-07-10T08:26:17.709Z,ETHUSDT,sell,1840,9191793.6,1782.73,3.212,1
2026-07-10 18:26:17,2026-07-10T08:26:17.709Z,ETHUSDT,sell,2560,7775342.08,1782.73,43.600,1
2026-07-10 18:26:17,2026-07-10T08:26:17.709Z,ETHUSDT,sell,1860,7077158.64,1782.73,4.334,1
2026-07-10 18:26:17,2026-07-10T08:26:17.709Z,ETHUSDT,sell,1900,6556495.3,1782.73,6.578,1
2026-07-10 18:26:17,2026-07-10T08:26:17.709Z,ETHUSDT,sell,1855,6484759.09,1782.73,4.054,1
2026-07-10 18:26:17,2026-07-10T08:26:17.709Z,ETHUSDT,sell,1845,6436612.76,1782.73,3.493,1
2026-07-10 18:26:17,2026-07-10T08:26:17.709Z,ETHUSDT,sell,1837,6280938.14,1782.73,3.044,1
2026-07-10 18:26:17,2026-07-10T08:26:17.709Z,ETHUSDT,sell,1885,5561888.54,1782.73,5.737,1
2026-07-10 18:26:17,2026-07-10T08:26:17.710Z,ETHUSDT,buy,1670,12071800.41,1782.73,-6.323,1
2026-07-10 18:26:17,2026-07-10T08:26:17.710Z,ETHUSDT,buy,1660,11916376.4,1782.73,-6.884,1
2026-07-10 18:26:17,2026-07-10T08:26:17.710Z,ETHUSDT,buy,1665,11470796.06,1782.73,-6.604,1
2026-07-10 18:26:17,2026-07-10T08:26:17.710Z,ETHUSDT,buy,1455,10173998.75,1782.73,-18.384,1
2026-07-10 18:26:17,2026-07-10T08:26:17.710Z,ETHUSDT,buy,1200,7621359.6,1782.73,-32.688,1
2026-07-10 18:26:17,2026-07-10T08:26:17.710Z,ETHUSDT,buy,1450,6493743.8,1782.73,-18.664,1
2026-07-10 18:26:17,2026-07-10T08:26:17.710Z,ETHUSDT,buy,1600,5994035.2,1782.73,-10.250,1
2026-07-10 18:26:17,2026-07-10T08:26:17.710Z,ETHUSDT,buy,1668,5660751.65,1782.73,-6.436,1
2026-07-10 18:26:17,2026-07-10T08:26:17.710Z,ETHUSDT,buy,1400,5642303.8,1782.73,-21.469,1
2026-07-10 18:26:17,2026-07-10T08:26:17.710Z,ETHUSDT,buy,1623,5075711.77,1782.73,-8.960,1
2026-07-10 18:26:18,2026-07-10T08:26:18.179Z,BTCUSDT,sell,64388,24011766.12,64229.485,0.247,1
2026-07-10 18:26:18,2026-07-10T08:26:18.179Z,BTCUSDT,sell,68000,17809948,64229.485,5.870,1
2026-07-10 18:26:18,2026-07-10T08:26:18.179Z,BTCUSDT,sell,65397.7,16712709.22,64229.485,1.819,1
2026-07-10 18:26:18,2026-07-10T08:26:18.179Z,BTCUSDT,sell,79800,15560601,64229.485,24.242,1
2026-07-10 18:26:18,2026-07-10T08:26:18.179Z,BTCUSDT,sell,64688,14551889.04,64229.485,0.714,1
2026-07-10 18:26:18,2026-07-10T08:26:18.179Z,BTCUSDT,sell,64588,13646927.7,64229.485,0.558,1
2026-07-10 18:26:18,2026-07-10T08:26:18.179Z,BTCUSDT,sell,64488,13377326.23,64229.485,0.402,1
2026-07-10 18:26:18,2026-07-10T08:26:18.179Z,BTCUSDT,sell,64788,13142764.1,64229.485,0.870,1
2026-07-10 18:26:18,2026-07-10T08:26:18.179Z,BTCUSDT,sell,65555.5,13118638.88,64229.485,2.064,1
2026-07-10 18:26:18,2026-07-10T08:26:18.179Z,BTCUSDT,sell,64188,12840937.78,64229.485,-0.065,2
2026-07-10 18:26:18,2026-07-10T08:26:18.179Z,BTCUSDT,buy,64200,55673212.8,64229.485,-0.046,2
2026-07-10 18:26:18,2026-07-10T08:26:18.179Z,BTCUSDT,buy,52050,42450470.55,64229.485,-18.962,1
2026-07-10 18:26:18,2026-07-10T08:26:18.179Z,BTCUSDT,buy,48000,27898128,64229.485,-25.268,1
2026-07-10 18:26:18,2026-07-10T08:26:18.179Z,BTCUSDT,buy,49000,26205543,64229.485,-23.711,1
2026-07-10 18:26:18,2026-07-10T08:26:18.179Z,BTCUSDT,buy,63388,19194773.83,64229.485,-1.310,1
2026-07-10 18:26:18,2026-07-10T08:26:18.179Z,BTCUSDT,buy,63588,19150289.26,64229.485,-0.999,1
2026-07-10 18:26:18,2026-07-10T08:26:18.179Z,BTCUSDT,buy,63538,19092152.39,64229.485,-1.077,1
2026-07-10 18:26:18,2026-07-10T08:26:18.179Z,BTCUSDT,buy,63488,19074144.26,64229.485,-1.154,1
2026-07-10 18:26:18,2026-07-10T08:26:18.179Z,BTCUSDT,buy,63558,19067400,64229.485,-1.045,1
2026-07-10 18:26:18,2026-07-10T08:26:18.179Z,BTCUSDT,buy,63288,19055194.06,64229.485,-1.466,1
2026-07-10 18:28:17,2026-07-10T08:28:17.712Z,ETHUSDT,sell,1830,12216902.49,1783.72,2.595,1
2026-07-10 18:28:17,2026-07-10T08:28:17.712Z,ETHUSDT,sell,1850,9377496.45,1783.72,3.716,1
2026-07-10 18:28:17,2026-07-10T08:28:17.712Z,ETHUSDT,sell,1840,9232122.72,1783.72,3.155,1
2026-07-10 18:28:17,2026-07-10T08:28:17.712Z,ETHUSDT,sell,2560,7775342.08,1783.72,43.520,1
2026-07-10 18:28:17,2026-07-10T08:28:17.712Z,ETHUSDT,sell,1860,7077158.64,1783.72,4.276,1
2026-07-10 18:28:17,2026-07-10T08:28:17.712Z,ETHUSDT,sell,1900,6556495.3,1783.72,6.519,1
2026-07-10 18:28:17,2026-07-10T08:28:17.712Z,ETHUSDT,sell,1855,6484759.09,1783.72,3.996,1
2026-07-10 18:28:17,2026-07-10T08:28:17.712Z,ETHUSDT,sell,1845,6436612.76,1783.72,3.436,1
2026-07-10 18:28:17,2026-07-10T08:28:17.712Z,ETHUSDT,sell,1837,6280938.14,1783.72,2.987,1
2026-07-10 18:28:17,2026-07-10T08:28:17.712Z,ETHUSDT,sell,1885,5561888.54,1783.72,5.678,1
2026-07-10 18:28:17,2026-07-10T08:28:17.712Z,ETHUSDT,buy,1670,12071800.41,1783.72,-6.375,1
2026-07-10 18:28:17,2026-07-10T08:28:17.712Z,ETHUSDT,buy,1660,11934953.46,1783.72,-6.936,1
2026-07-10 18:28:17,2026-07-10T08:28:17.712Z,ETHUSDT,buy,1665,11473794.72,1783.72,-6.656,1
2026-07-10 18:28:17,2026-07-10T08:28:17.712Z,ETHUSDT,buy,1455,10173998.75,1783.72,-18.429,1
2026-07-10 18:28:17,2026-07-10T08:28:17.712Z,ETHUSDT,buy,1200,7621359.6,1783.72,-32.725,1
2026-07-10 18:28:17,2026-07-10T08:28:17.712Z,ETHUSDT,buy,1450,6493743.8,1783.72,-18.709,1
2026-07-10 18:28:17,2026-07-10T08:28:17.712Z,ETHUSDT,buy,1600,5994014.4,1783.72,-10.300,1
2026-07-10 18:28:17,2026-07-10T08:28:17.712Z,ETHUSDT,buy,1668,5660751.65,1783.72,-6.488,1
2026-07-10 18:28:17,2026-07-10T08:28:17.712Z,ETHUSDT,buy,1400,5642303.8,1783.72,-21.512,1
2026-07-10 18:28:17,2026-07-10T08:28:17.712Z,ETHUSDT,buy,1623,5075711.77,1783.72,-9.010,1
2026-07-10 18:28:17,2026-07-10T08:28:17.969Z,BTCUSDT,sell,64388,23864060.05,64243.395,0.225,1
2026-07-10 18:28:17,2026-07-10T08:28:17.969Z,BTCUSDT,sell,68000,17945744,64243.395,5.847,1
2026-07-10 18:28:17,2026-07-10T08:28:17.969Z,BTCUSDT,sell,65397.7,16712709.22,64243.395,1.797,1
2026-07-10 18:28:17,2026-07-10T08:28:17.969Z,BTCUSDT,sell,79800,15560601,64243.395,24.215,1
2026-07-10 18:28:17,2026-07-10T08:28:17.969Z,BTCUSDT,sell,64688,14551889.04,64243.395,0.692,1
2026-07-10 18:28:17,2026-07-10T08:28:17.969Z,BTCUSDT,sell,64588,13713388.75,64243.395,0.536,1
2026-07-10 18:28:17,2026-07-10T08:28:17.969Z,BTCUSDT,sell,64488,13393383.74,64243.395,0.381,1
2026-07-10 18:28:17,2026-07-10T08:28:17.969Z,BTCUSDT,sell,64788,13216233.7,64243.395,0.848,1
2026-07-10 18:28:17,2026-07-10T08:28:17.969Z,BTCUSDT,sell,65555.5,13118638.88,64243.395,2.042,1
2026-07-10 18:28:17,2026-07-10T08:28:17.969Z,BTCUSDT,sell,64188,12840937.78,64243.395,-0.086,2
2026-07-10 18:28:17,2026-07-10T08:28:17.969Z,BTCUSDT,buy,64200,55673212.8,64243.395,-0.068,2
2026-07-10 18:28:17,2026-07-10T08:28:17.969Z,BTCUSDT,buy,52050,42450470.55,64243.395,-18.980,1
2026-07-10 18:28:17,2026-07-10T08:28:17.969Z,BTCUSDT,buy,48000,27898128,64243.395,-25.284,1
2026-07-10 18:28:17,2026-07-10T08:28:17.969Z,BTCUSDT,buy,49000,26205543,64243.395,-23.728,1
2026-07-10 18:28:17,2026-07-10T08:28:17.969Z,BTCUSDT,buy,63388,19194773.83,64243.395,-1.331,1
2026-07-10 18:28:17,2026-07-10T08:28:17.969Z,BTCUSDT,buy,63588,19150289.26,64243.395,-1.020,1
2026-07-10 18:28:17,2026-07-10T08:28:17.969Z,BTCUSDT,buy,63538,19092152.39,64243.395,-1.098,1
2026-07-10 18:28:17,2026-07-10T08:28:17.969Z,BTCUSDT,buy,63488,19074144.26,64243.395,-1.176,1
2026-07-10 18:28:17,2026-07-10T08:28:17.969Z,BTCUSDT,buy,63558,19067400,64243.395,-1.067,1
2026-07-10 18:28:17,2026-07-10T08:28:17.969Z,BTCUSDT,buy,63288,19055194.06,64243.395,-1.487,1
2026-07-10 18:30:18,2026-07-10T08:30:18.048Z,ETHUSDT,sell,1830,12196527.27,1784.63,2.542,1
2026-07-10 18:30:18,2026-07-10T08:30:18.048Z,ETHUSDT,sell,1850,9469010.4,1784.63,3.663,1
2026-07-10 18:30:18,2026-07-10T08:30:18.048Z,ETHUSDT,sell,1840,9064322.08,1784.63,3.103,1
2026-07-10 18:30:18,2026-07-10T08:30:18.048Z,ETHUSDT,sell,2560,7775342.08,1784.63,43.447,1
2026-07-10 18:30:18,2026-07-10T08:30:18.048Z,ETHUSDT,sell,1860,7077158.64,1784.63,4.223,1
2026-07-10 18:30:18,2026-07-10T08:30:18.048Z,ETHUSDT,sell,1900,6558406.7,1784.63,6.465,1
2026-07-10 18:30:18,2026-07-10T08:30:18.048Z,ETHUSDT,sell,1855,6487370.93,1784.63,3.943,1
2026-07-10 18:30:18,2026-07-10T08:30:18.048Z,ETHUSDT,sell,1845,6436612.76,1784.63,3.383,1
2026-07-10 18:30:18,2026-07-10T08:30:18.048Z,ETHUSDT,sell,1837,6280938.14,1784.63,2.935,1
2026-07-10 18:30:18,2026-07-10T08:30:18.048Z,ETHUSDT,sell,1885,5559963.96,1784.63,5.624,1
2026-07-10 18:30:18,2026-07-10T08:30:18.049Z,ETHUSDT,buy,1670,12069801.42,1784.63,-6.423,1
2026-07-10 18:30:18,2026-07-10T08:30:18.049Z,ETHUSDT,buy,1660,11934418.94,1784.63,-6.984,1
2026-07-10 18:30:18,2026-07-10T08:30:18.049Z,ETHUSDT,buy,1665,11473794.72,1784.63,-6.703,1
2026-07-10 18:30:18,2026-07-10T08:30:18.049Z,ETHUSDT,buy,1455,10173998.75,1784.63,-18.470,1
2026-07-10 18:30:18,2026-07-10T08:30:18.049Z,ETHUSDT,buy,1200,7621359.6,1784.63,-32.759,1
2026-07-10 18:30:18,2026-07-10T08:30:18.049Z,ETHUSDT,buy,1450,6493743.8,1784.63,-18.751,1
2026-07-10 18:30:18,2026-07-10T08:30:18.049Z,ETHUSDT,buy,1600,5994060.8,1784.63,-10.346,1
2026-07-10 18:30:18,2026-07-10T08:30:18.049Z,ETHUSDT,buy,1668,5660751.65,1784.63,-6.535,1
2026-07-10 18:30:18,2026-07-10T08:30:18.049Z,ETHUSDT,buy,1400,5642303.8,1784.63,-21.552,1
2026-07-10 18:30:18,2026-07-10T08:30:18.049Z,ETHUSDT,buy,1623,5075711.77,1784.63,-9.057,1
2026-07-10 18:30:18,2026-07-10T08:30:18.520Z,BTCUSDT,sell,64388,23689117.86,64285.075,0.160,1
2026-07-10 18:30:18,2026-07-10T08:30:18.520Z,BTCUSDT,sell,68000,17946016,64285.075,5.779,1
2026-07-10 18:30:18,2026-07-10T08:30:18.520Z,BTCUSDT,sell,65397.7,16712709.22,64285.075,1.731,1
2026-07-10 18:30:18,2026-07-10T08:30:18.520Z,BTCUSDT,sell,79800,15560601,64285.075,24.135,1
2026-07-10 18:30:18,2026-07-10T08:30:18.520Z,BTCUSDT,sell,64688,14551889.04,64285.075,0.627,1
2026-07-10 18:30:18,2026-07-10T08:30:18.520Z,BTCUSDT,sell,64588,13712678.28,64285.075,0.471,1
2026-07-10 18:30:18,2026-07-10T08:30:18.520Z,BTCUSDT,sell,64488,13393835.16,64285.075,0.316,1
2026-07-10 18:30:18,2026-07-10T08:30:18.520Z,BTCUSDT,sell,64788,13220185.76,64285.075,0.782,1
2026-07-10 18:30:18,2026-07-10T08:30:18.520Z,BTCUSDT,sell,65555.5,13118638.88,64285.075,1.976,1
2026-07-10 18:30:18,2026-07-10T08:30:18.520Z,BTCUSDT,sell,64188,12840937.78,64285.075,-0.151,2
2026-07-10 18:30:18,2026-07-10T08:30:18.520Z,BTCUSDT,buy,64200,55673212.8,64285.075,-0.132,2
2026-07-10 18:30:18,2026-07-10T08:30:18.520Z,BTCUSDT,buy,52050,42450470.55,64285.075,-19.033,1
2026-07-10 18:30:18,2026-07-10T08:30:18.520Z,BTCUSDT,buy,48000,27898032,64285.075,-25.333,1
2026-07-10 18:30:18,2026-07-10T08:30:18.520Z,BTCUSDT,buy,49000,26205543,64285.075,-23.777,1
2026-07-10 18:30:18,2026-07-10T08:30:18.520Z,BTCUSDT,buy,63388,19194773.83,64285.075,-1.395,1
2026-07-10 18:30:18,2026-07-10T08:30:18.520Z,BTCUSDT,buy,63588,19150289.26,64285.075,-1.084,1
2026-07-10 18:30:18,2026-07-10T08:30:18.520Z,BTCUSDT,buy,63538,19092152.39,64285.075,-1.162,1
2026-07-10 18:30:18,2026-07-10T08:30:18.520Z,BTCUSDT,buy,63488,19074144.26,64285.075,-1.240,1
2026-07-10 18:30:18,2026-07-10T08:30:18.520Z,BTCUSDT,buy,63558,19067400,64285.075,-1.131,1
2026-07-10 18:30:18,2026-07-10T08:30:18.520Z,BTCUSDT,buy,63288,19055194.06,64285.075,-1.551,1
2026-07-10 18:32:17,2026-07-10T08:32:17.708Z,ETHUSDT,sell,1830,12208859.64,1785.795,2.475,1
2026-07-10 18:32:17,2026-07-10T08:32:17.708Z,ETHUSDT,sell,1850,9499294.9,1785.795,3.595,1
2026-07-10 18:32:17,2026-07-10T08:32:17.708Z,ETHUSDT,sell,1840,9063276.96,1785.795,3.035,1
2026-07-10 18:32:17,2026-07-10T08:32:17.708Z,ETHUSDT,sell,2560,7775342.08,1785.795,43.354,1
2026-07-10 18:32:17,2026-07-10T08:32:17.708Z,ETHUSDT,sell,1860,7077074.94,1785.795,4.155,1
2026-07-10 18:32:17,2026-07-10T08:32:17.708Z,ETHUSDT,sell,1900,6558406.7,1785.795,6.395,1
2026-07-10 18:32:17,2026-07-10T08:32:17.708Z,ETHUSDT,sell,1855,6487370.93,1785.795,3.875,1
2026-07-10 18:32:17,2026-07-10T08:32:17.708Z,ETHUSDT,sell,1845,6419662.74,1785.795,3.315,1
2026-07-10 18:32:17,2026-07-10T08:32:17.708Z,ETHUSDT,sell,1837,6280938.14,1785.795,2.867,1
2026-07-10 18:32:17,2026-07-10T08:32:17.708Z,ETHUSDT,sell,1885,5559963.96,1785.795,5.555,1
2026-07-10 18:32:17,2026-07-10T08:32:17.708Z,ETHUSDT,buy,1670,12069801.42,1785.795,-6.484,1
2026-07-10 18:32:17,2026-07-10T08:32:17.708Z,ETHUSDT,buy,1660,11934418.94,1785.795,-7.044,1
2026-07-10 18:32:17,2026-07-10T08:32:17.708Z,ETHUSDT,buy,1665,11473794.72,1785.795,-6.764,1
2026-07-10 18:32:17,2026-07-10T08:32:17.708Z,ETHUSDT,buy,1455,10173998.75,1785.795,-18.524,1
2026-07-10 18:32:17,2026-07-10T08:32:17.708Z,ETHUSDT,buy,1200,7621359.6,1785.795,-32.803,1
2026-07-10 18:32:17,2026-07-10T08:32:17.708Z,ETHUSDT,buy,1450,6493743.8,1785.795,-18.804,1
2026-07-10 18:32:17,2026-07-10T08:32:17.708Z,ETHUSDT,buy,1600,5994060.8,1785.795,-10.404,1
2026-07-10 18:32:17,2026-07-10T08:32:17.708Z,ETHUSDT,buy,1668,5660002.72,1785.795,-6.596,1
2026-07-10 18:32:17,2026-07-10T08:32:17.708Z,ETHUSDT,buy,1400,5642303.8,1785.795,-21.604,1
2026-07-10 18:32:17,2026-07-10T08:32:17.708Z,ETHUSDT,buy,1623,5075711.77,1785.795,-9.116,1
2026-07-10 18:32:18,2026-07-10T08:32:18.166Z,BTCUSDT,sell,64388,23406390.15,64278.595,0.170,1
2026-07-10 18:32:18,2026-07-10T08:32:18.166Z,BTCUSDT,sell,68000,17946696,64278.595,5.789,1
2026-07-10 18:32:18,2026-07-10T08:32:18.166Z,BTCUSDT,sell,65397.7,16712709.22,64278.595,1.741,1
2026-07-10 18:32:18,2026-07-10T08:32:18.166Z,BTCUSDT,sell,79800,15560601,64278.595,24.147,1
2026-07-10 18:32:18,2026-07-10T08:32:18.166Z,BTCUSDT,sell,64688,14566443.84,64278.595,0.637,1
2026-07-10 18:32:18,2026-07-10T08:32:18.166Z,BTCUSDT,sell,64588,13728114.81,64278.595,0.481,1
2026-07-10 18:32:18,2026-07-10T08:32:18.166Z,BTCUSDT,sell,64488,13349531.9,64278.595,0.326,1
2026-07-10 18:32:18,2026-07-10T08:32:18.166Z,BTCUSDT,sell,64788,13222129.4,64278.595,0.792,1
2026-07-10 18:32:18,2026-07-10T08:32:18.166Z,BTCUSDT,sell,65555.5,13118638.88,64278.595,1.987,1
2026-07-10 18:32:18,2026-07-10T08:32:18.166Z,BTCUSDT,sell,64188,12840937.78,64278.595,-0.141,2
2026-07-10 18:32:18,2026-07-10T08:32:18.167Z,BTCUSDT,buy,64200,55673212.8,64278.595,-0.122,2
2026-07-10 18:32:18,2026-07-10T08:32:18.167Z,BTCUSDT,buy,52050,42450470.55,64278.595,-19.024,1
2026-07-10 18:32:18,2026-07-10T08:32:18.167Z,BTCUSDT,buy,48000,27898032,64278.595,-25.325,1
2026-07-10 18:32:18,2026-07-10T08:32:18.167Z,BTCUSDT,buy,49000,26205543,64278.595,-23.769,1
2026-07-10 18:32:18,2026-07-10T08:32:18.167Z,BTCUSDT,buy,63388,19194773.83,64278.595,-1.386,1
2026-07-10 18:32:18,2026-07-10T08:32:18.167Z,BTCUSDT,buy,63488,19174074.37,64278.595,-1.230,1
2026-07-10 18:32:18,2026-07-10T08:32:18.167Z,BTCUSDT,buy,63588,19150289.26,64278.595,-1.074,1
2026-07-10 18:32:18,2026-07-10T08:32:18.167Z,BTCUSDT,buy,63538,19092152.39,64278.595,-1.152,1
2026-07-10 18:32:18,2026-07-10T08:32:18.167Z,BTCUSDT,buy,63558,19067400,64278.595,-1.121,1
2026-07-10 18:32:18,2026-07-10T08:32:18.167Z,BTCUSDT,buy,63288,19055194.06,64278.595,-1.541,1
2026-07-10 18:34:17,2026-07-10T08:34:17.710Z,ETHUSDT,sell,1830,12211006.23,1784.405,2.555,1
2026-07-10 18:34:17,2026-07-10T08:34:17.710Z,ETHUSDT,sell,1850,9486738.95,1784.405,3.676,1
2026-07-10 18:34:17,2026-07-10T08:34:17.710Z,ETHUSDT,sell,1840,9063324.8,1784.405,3.116,1
2026-07-10 18:34:17,2026-07-10T08:34:17.710Z,ETHUSDT,sell,2560,7775342.08,1784.405,43.465,1
2026-07-10 18:34:17,2026-07-10T08:34:17.710Z,ETHUSDT,sell,1860,7077374.4,1784.405,4.236,1
2026-07-10 18:34:17,2026-07-10T08:34:17.710Z,ETHUSDT,sell,1900,6558406.7,1784.405,6.478,1
2026-07-10 18:34:17,2026-07-10T08:34:17.710Z,ETHUSDT,sell,1855,6487370.93,1784.405,3.956,1
2026-07-10 18:34:17,2026-07-10T08:34:17.710Z,ETHUSDT,sell,1845,6420123.99,1784.405,3.396,1
2026-07-10 18:34:17,2026-07-10T08:34:17.710Z,ETHUSDT,sell,1837,6280991.41,1784.405,2.947,1
2026-07-10 18:34:17,2026-07-10T08:34:17.710Z,ETHUSDT,sell,1885,5559963.96,1784.405,5.637,1
2026-07-10 18:34:17,2026-07-10T08:34:17.710Z,ETHUSDT,buy,1670,12069801.42,1784.405,-6.411,1
2026-07-10 18:34:17,2026-07-10T08:34:17.710Z,ETHUSDT,buy,1660,11934418.94,1784.405,-6.972,1
2026-07-10 18:34:17,2026-07-10T08:34:17.710Z,ETHUSDT,buy,1665,11473794.72,1784.405,-6.692,1
2026-07-10 18:34:17,2026-07-10T08:34:17.710Z,ETHUSDT,buy,1455,10173998.75,1784.405,-18.460,1
2026-07-10 18:34:17,2026-07-10T08:34:17.710Z,ETHUSDT,buy,1200,7621359.6,1784.405,-32.751,1
2026-07-10 18:34:17,2026-07-10T08:34:17.710Z,ETHUSDT,buy,1450,6493743.8,1784.405,-18.740,1
2026-07-10 18:34:17,2026-07-10T08:34:17.710Z,ETHUSDT,buy,1600,5994011.2,1784.405,-10.334,1
2026-07-10 18:34:17,2026-07-10T08:34:17.710Z,ETHUSDT,buy,1668,5660002.72,1784.405,-6.523,1
2026-07-10 18:34:17,2026-07-10T08:34:17.710Z,ETHUSDT,buy,1400,5642303.8,1784.405,-21.542,1
2026-07-10 18:34:17,2026-07-10T08:34:17.710Z,ETHUSDT,buy,1623,5075711.77,1784.405,-9.045,1
2026-07-10 18:34:17,2026-07-10T08:34:17.960Z,BTCUSDT,sell,64388,23113102.81,64246.735,0.220,1
2026-07-10 18:34:17,2026-07-10T08:34:17.960Z,BTCUSDT,sell,68000,18020544,64246.735,5.842,1
2026-07-10 18:34:17,2026-07-10T08:34:17.960Z,BTCUSDT,sell,65397.7,16712709.22,64246.735,1.791,1
2026-07-10 18:34:17,2026-07-10T08:34:17.960Z,BTCUSDT,sell,79800,15560601,64246.735,24.209,1
2026-07-10 18:34:17,2026-07-10T08:34:17.960Z,BTCUSDT,sell,64688,14534099.84,64246.735,0.687,1
2026-07-10 18:34:17,2026-07-10T08:34:17.960Z,BTCUSDT,sell,64588,13782304.14,64246.735,0.531,1
2026-07-10 18:34:17,2026-07-10T08:34:17.960Z,BTCUSDT,sell,64488,13349531.9,64246.735,0.376,1
2026-07-10 18:34:17,2026-07-10T08:34:17.960Z,BTCUSDT,sell,64788,13222129.4,64246.735,0.842,1
2026-07-10 18:34:17,2026-07-10T08:34:17.960Z,BTCUSDT,sell,65555.5,13118638.88,64246.735,2.037,1
2026-07-10 18:34:17,2026-07-10T08:34:17.960Z,BTCUSDT,sell,64188,12840937.78,64246.735,-0.091,2
2026-07-10 18:34:17,2026-07-10T08:34:17.960Z,BTCUSDT,buy,64200,55673212.8,64246.735,-0.073,2
2026-07-10 18:34:17,2026-07-10T08:34:17.960Z,BTCUSDT,buy,52050,42450470.55,64246.735,-18.984,1
2026-07-10 18:34:17,2026-07-10T08:34:17.960Z,BTCUSDT,buy,48000,27898032,64246.735,-25.288,1
2026-07-10 18:34:17,2026-07-10T08:34:17.960Z,BTCUSDT,buy,49000,26205543,64246.735,-23.732,1
2026-07-10 18:34:17,2026-07-10T08:34:17.960Z,BTCUSDT,buy,63388,19194773.83,64246.735,-1.337,1
2026-07-10 18:34:17,2026-07-10T08:34:17.960Z,BTCUSDT,buy,63488,19174074.37,64246.735,-1.181,1
2026-07-10 18:34:17,2026-07-10T08:34:17.960Z,BTCUSDT,buy,63588,19150289.26,64246.735,-1.025,1
2026-07-10 18:34:17,2026-07-10T08:34:17.960Z,BTCUSDT,buy,63538,19092152.39,64246.735,-1.103,1
2026-07-10 18:34:17,2026-07-10T08:34:17.960Z,BTCUSDT,buy,63558,19067400,64246.735,-1.072,1
2026-07-10 18:34:17,2026-07-10T08:34:17.960Z,BTCUSDT,buy,63288,19055194.06,64246.735,-1.492,1
2026-07-10 18:36:17,2026-07-10T08:36:17.720Z,ETHUSDT,sell,1830,12176964.57,1785.43,2.496,1
2026-07-10 18:36:17,2026-07-10T08:36:17.720Z,ETHUSDT,sell,1850,9492612.7,1785.43,3.616,1
2026-07-10 18:36:17,2026-07-10T08:36:17.720Z,ETHUSDT,sell,1840,9069689.36,1785.43,3.056,1
2026-07-10 18:36:17,2026-07-10T08:36:17.720Z,ETHUSDT,sell,2560,7775342.08,1785.43,43.383,1
2026-07-10 18:36:17,2026-07-10T08:36:17.720Z,ETHUSDT,sell,1860,7080413.64,1785.43,4.177,1
2026-07-10 18:36:17,2026-07-10T08:36:17.720Z,ETHUSDT,sell,1900,6556407.9,1785.43,6.417,1
2026-07-10 18:36:17,2026-07-10T08:36:17.720Z,ETHUSDT,sell,1855,6487370.93,1785.43,3.897,1
2026-07-10 18:36:17,2026-07-10T08:36:17.720Z,ETHUSDT,sell,1845,6419670.12,1785.43,3.336,1
2026-07-10 18:36:17,2026-07-10T08:36:17.720Z,ETHUSDT,sell,1837,6279705.51,1785.43,2.888,1
2026-07-10 18:36:17,2026-07-10T08:36:17.720Z,ETHUSDT,sell,1885,5559963.96,1785.43,5.577,1
2026-07-10 18:36:17,2026-07-10T08:36:17.720Z,ETHUSDT,buy,1670,12069801.42,1785.43,-6.465,1
2026-07-10 18:36:17,2026-07-10T08:36:17.720Z,ETHUSDT,buy,1660,11931098.94,1785.43,-7.025,1
2026-07-10 18:36:17,2026-07-10T08:36:17.720Z,ETHUSDT,buy,1665,11473794.72,1785.43,-6.745,1
2026-07-10 18:36:17,2026-07-10T08:36:17.720Z,ETHUSDT,buy,1455,10173998.75,1785.43,-18.507,1
2026-07-10 18:36:17,2026-07-10T08:36:17.720Z,ETHUSDT,buy,1200,7621359.6,1785.43,-32.789,1
2026-07-10 18:36:17,2026-07-10T08:36:17.720Z,ETHUSDT,buy,1450,6493743.8,1785.43,-18.787,1
2026-07-10 18:36:17,2026-07-10T08:36:17.720Z,ETHUSDT,buy,1600,5994011.2,1785.43,-10.386,1
2026-07-10 18:36:17,2026-07-10T08:36:17.720Z,ETHUSDT,buy,1668,5660002.72,1785.43,-6.577,1
2026-07-10 18:36:17,2026-07-10T08:36:17.720Z,ETHUSDT,buy,1400,5642303.8,1785.43,-21.588,1
2026-07-10 18:36:17,2026-07-10T08:36:17.720Z,ETHUSDT,buy,1623,5075711.77,1785.43,-9.098,1
2026-07-10 18:36:18,2026-07-10T08:36:18.184Z,BTCUSDT,sell,64388,22693936.93,64240.02,0.230,1
2026-07-10 18:36:18,2026-07-10T08:36:18.184Z,BTCUSDT,sell,68000,18010208,64240.02,5.853,1
2026-07-10 18:36:18,2026-07-10T08:36:18.184Z,BTCUSDT,sell,65397.7,16791905.84,64240.02,1.802,1
2026-07-10 18:36:18,2026-07-10T08:36:18.184Z,BTCUSDT,sell,79800,15560601,64240.02,24.222,1
2026-07-10 18:36:18,2026-07-10T08:36:18.184Z,BTCUSDT,sell,64688,14534099.84,64240.02,0.697,1
2026-07-10 18:36:18,2026-07-10T08:36:18.184Z,BTCUSDT,sell,64588,13846181.68,64240.02,0.542,1
2026-07-10 18:36:18,2026-07-10T08:36:18.184Z,BTCUSDT,sell,64488,13279046.52,64240.02,0.386,1
2026-07-10 18:36:18,2026-07-10T08:36:18.184Z,BTCUSDT,sell,64788,13222129.4,64240.02,0.853,1
2026-07-10 18:36:18,2026-07-10T08:36:18.184Z,BTCUSDT,sell,65555.5,13119032.22,64240.02,2.048,1
2026-07-10 18:36:18,2026-07-10T08:36:18.184Z,BTCUSDT,sell,64188,12840937.78,64240.02,-0.081,2
2026-07-10 18:36:18,2026-07-10T08:36:18.185Z,BTCUSDT,buy,64200,55673212.8,64240.02,-0.062,2
2026-07-10 18:36:18,2026-07-10T08:36:18.185Z,BTCUSDT,buy,52050,42450470.55,64240.02,-18.976,1
2026-07-10 18:36:18,2026-07-10T08:36:18.185Z,BTCUSDT,buy,48000,27898032,64240.02,-25.280,1
2026-07-10 18:36:18,2026-07-10T08:36:18.185Z,BTCUSDT,buy,49000,26205543,64240.02,-23.724,1
2026-07-10 18:36:18,2026-07-10T08:36:18.185Z,BTCUSDT,buy,63388,19334354.21,64240.02,-1.326,1
2026-07-10 18:36:18,2026-07-10T08:36:18.185Z,BTCUSDT,buy,63488,19174074.37,64240.02,-1.171,1
2026-07-10 18:36:18,2026-07-10T08:36:18.185Z,BTCUSDT,buy,63588,19150289.26,64240.02,-1.015,1
2026-07-10 18:36:18,2026-07-10T08:36:18.185Z,BTCUSDT,buy,63538,19092152.39,64240.02,-1.093,1
2026-07-10 18:36:18,2026-07-10T08:36:18.185Z,BTCUSDT,buy,63558,19067400,64240.02,-1.062,1
2026-07-10 18:36:18,2026-07-10T08:36:18.185Z,BTCUSDT,buy,63288,19055194.06,64240.02,-1.482,1
2026-07-10 18:38:17,2026-07-10T08:38:17.717Z,ETHUSDT,sell,1830,12198304.2,1783.915,2.583,1
2026-07-10 18:38:17,2026-07-10T08:38:17.717Z,ETHUSDT,sell,1850,9500847.05,1783.915,3.704,1
2026-07-10 18:38:17,2026-07-10T08:38:17.717Z,ETHUSDT,sell,1840,9083851.84,1783.915,3.144,1
2026-07-10 18:38:17,2026-07-10T08:38:17.717Z,ETHUSDT,sell,2560,7775342.08,1783.915,43.505,1
2026-07-10 18:38:17,2026-07-10T08:38:17.717Z,ETHUSDT,sell,1860,7078553.64,1783.915,4.265,1
2026-07-10 18:38:17,2026-07-10T08:38:17.717Z,ETHUSDT,sell,1900,6556407.9,1783.915,6.507,1
2026-07-10 18:38:17,2026-07-10T08:38:17.717Z,ETHUSDT,sell,1855,6487070.42,1783.915,3.985,1
2026-07-10 18:38:17,2026-07-10T08:38:17.717Z,ETHUSDT,sell,1845,6430264.11,1783.915,3.424,1
2026-07-10 18:38:17,2026-07-10T08:38:17.717Z,ETHUSDT,sell,1837,6320580.6,1783.915,2.976,1
2026-07-10 18:38:17,2026-07-10T08:38:17.717Z,ETHUSDT,sell,1885,5559963.96,1783.915,5.666,1
2026-07-10 18:38:17,2026-07-10T08:38:17.718Z,ETHUSDT,buy,1670,12069801.42,1783.915,-6.386,1
2026-07-10 18:38:17,2026-07-10T08:38:17.718Z,ETHUSDT,buy,1660,11931098.94,1783.915,-6.946,1
2026-07-10 18:38:17,2026-07-10T08:38:17.718Z,ETHUSDT,buy,1665,11473794.72,1783.915,-6.666,1
2026-07-10 18:38:17,2026-07-10T08:38:17.718Z,ETHUSDT,buy,1455,10173998.75,1783.915,-18.438,1
2026-07-10 18:38:17,2026-07-10T08:38:17.718Z,ETHUSDT,buy,1200,7621359.6,1783.915,-32.732,1
2026-07-10 18:38:17,2026-07-10T08:38:17.718Z,ETHUSDT,buy,1450,6479243.8,1783.915,-18.718,1
2026-07-10 18:38:17,2026-07-10T08:38:17.718Z,ETHUSDT,buy,1600,5994011.2,1783.915,-10.310,1
2026-07-10 18:38:17,2026-07-10T08:38:17.718Z,ETHUSDT,buy,1668,5660002.72,1783.915,-6.498,1
2026-07-10 18:38:17,2026-07-10T08:38:17.718Z,ETHUSDT,buy,1400,5642303.8,1783.915,-21.521,1
2026-07-10 18:38:17,2026-07-10T08:38:17.718Z,ETHUSDT,buy,1623,5075711.77,1783.915,-9.020,1
2026-07-10 18:38:18,2026-07-10T08:38:18.183Z,BTCUSDT,sell,64388,22609653.04,64150.345,0.370,1
2026-07-10 18:38:18,2026-07-10T08:38:18.183Z,BTCUSDT,sell,68000,18010616,64150.345,6.001,1
2026-07-10 18:38:18,2026-07-10T08:38:18.183Z,BTCUSDT,sell,65397.7,16712709.22,64150.345,1.944,1
2026-07-10 18:38:18,2026-07-10T08:38:18.183Z,BTCUSDT,sell,79800,15560601,64150.345,24.395,1
2026-07-10 18:38:18,2026-07-10T08:38:18.183Z,BTCUSDT,sell,64688,14533129.52,64150.345,0.838,1
2026-07-10 18:38:18,2026-07-10T08:38:18.183Z,BTCUSDT,sell,64588,13852640.48,64150.345,0.682,1
2026-07-10 18:38:18,2026-07-10T08:38:18.183Z,BTCUSDT,sell,64788,13354815.23,64150.345,0.994,1
2026-07-10 18:38:18,2026-07-10T08:38:18.183Z,BTCUSDT,sell,64488,13311290.52,64150.345,0.526,1
2026-07-10 18:38:18,2026-07-10T08:38:18.183Z,BTCUSDT,sell,65555.5,13119032.22,64150.345,2.190,1
2026-07-10 18:38:18,2026-07-10T08:38:18.183Z,BTCUSDT,sell,64188,12840937.78,64150.345,0.059,2
2026-07-10 18:38:18,2026-07-10T08:38:18.183Z,BTCUSDT,buy,52050,42450470.55,64150.345,-18.862,1
2026-07-10 18:38:18,2026-07-10T08:38:18.183Z,BTCUSDT,buy,48000,27898032,64150.345,-25.176,1
2026-07-10 18:38:18,2026-07-10T08:38:18.183Z,BTCUSDT,buy,49000,26205543,64150.345,-23.617,1
2026-07-10 18:38:18,2026-07-10T08:38:18.183Z,BTCUSDT,buy,63558,20158754.42,64150.345,-0.923,1
2026-07-10 18:38:18,2026-07-10T08:38:18.183Z,BTCUSDT,buy,63388,19194773.83,64150.345,-1.188,1
2026-07-10 18:38:18,2026-07-10T08:38:18.183Z,BTCUSDT,buy,63588,19163197.62,64150.345,-0.877,1
2026-07-10 18:38:18,2026-07-10T08:38:18.183Z,BTCUSDT,buy,63488,19128616.96,64150.345,-1.032,1
2026-07-10 18:38:18,2026-07-10T08:38:18.183Z,BTCUSDT,buy,63538,19092152.39,64150.345,-0.955,1
2026-07-10 18:38:18,2026-07-10T08:38:18.183Z,BTCUSDT,buy,63288,19055194.06,64150.345,-1.344,1
2026-07-10 18:38:18,2026-07-10T08:38:18.183Z,BTCUSDT,buy,50000,14341850,64150.345,-22.058,1
2026-07-10 18:40:17,2026-07-10T08:40:17.732Z,ETHUSDT,sell,1830,12167690.13,1783.835,2.588,1
2026-07-10 18:40:17,2026-07-10T08:40:17.732Z,ETHUSDT,sell,1850,9489269.75,1783.835,3.709,1
2026-07-10 18:40:17,2026-07-10T08:40:17.732Z,ETHUSDT,sell,1840,9061586,1783.835,3.149,1
2026-07-10 18:40:17,2026-07-10T08:40:17.732Z,ETHUSDT,sell,2560,7775342.08,1783.835,43.511,1
2026-07-10 18:40:17,2026-07-10T08:40:17.732Z,ETHUSDT,sell,1860,7073083.38,1783.835,4.270,1
2026-07-10 18:40:17,2026-07-10T08:40:17.732Z,ETHUSDT,sell,1900,6556407.9,1783.835,6.512,1
2026-07-10 18:40:17,2026-07-10T08:40:17.732Z,ETHUSDT,sell,1855,6514895.42,1783.835,3.989,1
2026-07-10 18:40:17,2026-07-10T08:40:17.732Z,ETHUSDT,sell,1845,6430636.8,1783.835,3.429,1
2026-07-10 18:40:17,2026-07-10T08:40:17.732Z,ETHUSDT,sell,1837,6320968.2,1783.835,2.980,1
2026-07-10 18:40:17,2026-07-10T08:40:17.732Z,ETHUSDT,sell,1885,5562212.76,1783.835,5.671,1
2026-07-10 18:40:17,2026-07-10T08:40:17.733Z,ETHUSDT,buy,1670,12069801.42,1783.835,-6.381,1
2026-07-10 18:40:17,2026-07-10T08:40:17.733Z,ETHUSDT,buy,1660,11912500.3,1783.835,-6.942,1
2026-07-10 18:40:17,2026-07-10T08:40:17.733Z,ETHUSDT,buy,1665,11473794.72,1783.835,-6.662,1
2026-07-10 18:40:17,2026-07-10T08:40:17.733Z,ETHUSDT,buy,1455,10173998.75,1783.835,-18.434,1
2026-07-10 18:40:17,2026-07-10T08:40:17.733Z,ETHUSDT,buy,1200,7621359.6,1783.835,-32.729,1
2026-07-10 18:40:17,2026-07-10T08:40:17.733Z,ETHUSDT,buy,1450,6479243.8,1783.835,-18.714,1
2026-07-10 18:40:17,2026-07-10T08:40:17.733Z,ETHUSDT,buy,1600,5994011.2,1783.835,-10.306,1
2026-07-10 18:40:17,2026-07-10T08:40:17.733Z,ETHUSDT,buy,1668,5660002.72,1783.835,-6.494,1
2026-07-10 18:40:17,2026-07-10T08:40:17.733Z,ETHUSDT,buy,1400,5645514,1783.835,-21.517,1
2026-07-10 18:40:17,2026-07-10T08:40:17.733Z,ETHUSDT,buy,1623,5075711.77,1783.835,-9.016,1
2026-07-10 18:40:17,2026-07-10T08:40:17.993Z,BTCUSDT,sell,64388,22563100.51,64154.515,0.364,1
2026-07-10 18:40:17,2026-07-10T08:40:17.993Z,BTCUSDT,sell,68000,17999532,64154.515,5.994,1
2026-07-10 18:40:17,2026-07-10T08:40:17.993Z,BTCUSDT,sell,65397.7,16712709.22,64154.515,1.938,1
2026-07-10 18:40:17,2026-07-10T08:40:17.993Z,BTCUSDT,sell,79800,15560601,64154.515,24.387,1
2026-07-10 18:40:17,2026-07-10T08:40:17.993Z,BTCUSDT,sell,64688,14533129.52,64154.515,0.832,1
2026-07-10 18:40:17,2026-07-10T08:40:17.993Z,BTCUSDT,sell,64588,13854061.41,64154.515,0.676,1
2026-07-10 18:40:17,2026-07-10T08:40:17.993Z,BTCUSDT,sell,64788,13382026.19,64154.515,0.987,1
2026-07-10 18:40:17,2026-07-10T08:40:17.993Z,BTCUSDT,sell,64488,13311548.47,64154.515,0.520,1
2026-07-10 18:40:17,2026-07-10T08:40:17.993Z,BTCUSDT,sell,65555.5,13119032.22,64154.515,2.184,1
2026-07-10 18:40:17,2026-07-10T08:40:17.993Z,BTCUSDT,sell,64188,12840937.78,64154.515,0.052,2
2026-07-10 18:40:17,2026-07-10T08:40:17.993Z,BTCUSDT,buy,64200,55673212.8,64154.515,0.071,2
2026-07-10 18:40:17,2026-07-10T08:40:17.993Z,BTCUSDT,buy,52050,42450470.55,64154.515,-18.868,1
2026-07-10 18:40:17,2026-07-10T08:40:17.993Z,BTCUSDT,buy,48000,27898032,64154.515,-25.181,1
2026-07-10 18:40:17,2026-07-10T08:40:17.993Z,BTCUSDT,buy,49000,26205543,64154.515,-23.622,1
2026-07-10 18:40:17,2026-07-10T08:40:17.993Z,BTCUSDT,buy,63558,20158754.42,64154.515,-0.930,1
2026-07-10 18:40:17,2026-07-10T08:40:17.993Z,BTCUSDT,buy,63388,19194773.83,64154.515,-1.195,1
2026-07-10 18:40:17,2026-07-10T08:40:17.993Z,BTCUSDT,buy,63588,19163197.62,64154.515,-0.883,1
2026-07-10 18:40:17,2026-07-10T08:40:17.993Z,BTCUSDT,buy,63488,19128616.96,64154.515,-1.039,1
2026-07-10 18:40:17,2026-07-10T08:40:17.993Z,BTCUSDT,buy,63538,19092152.39,64154.515,-0.961,1
2026-07-10 18:40:17,2026-07-10T08:40:17.993Z,BTCUSDT,buy,63288,19055194.06,64154.515,-1.351,1
