time,agg_taker_buy_vol,agg_taker_sell_vol,cum_vol_delta
1775865600000,8220445.2595,9059533.3697,-839088.1102
1775869200000,8603083.4457,10875216.9827,-3111221.6472
1775872800000,8281880.4757,8911278.8569,-3740620.0284
1775876400000,8541210.6863,13785732.1506,-8985141.4927
1775880000000,8879431.4503,7834669.5579,-7940379.6003
1775883600000,10245483.6187,16668453.3062,-14363349.2878
1775887200000,10994038.4271,8192319.4064,-11561630.2671
1775890800000,5269705.2084,8496543.8368,-14788468.8955
1775894400000,10352571.2035,9206072.3323,-13641970.0243
1775898000000,21344682.3438,15833662.5984,-8130950.2789
1775901600000,7546762.9431,7786943.7047,-8371131.0405
1775905200000,8765944.3125,7538016.7994,-7143203.5274
1775908800000,6453099.4027,5784633.6324,-6474737.7571
1775912400000,12513187.7777,13964775.094,-7926325.0734
1775916000000,5611346.1852,5774863.5563,-8089842.4445
1775919600000,14375848.5995,13049673.193,-6763667.038
1775923200000,33170663.2066,22120361.6502,4286634.5184
1775926800000,15297746.0879,12068435.2248,7515945.3815
1775930400000,85109623.369,63128504.3378,29497064.4127
1775934000000,61396816.1175,56254538.7223,34639341.8079
1775937600000,23913874.6441,38407292.5609,20145923.8911
1775941200000,12812025.5422,16594099.2157,16363850.2176
1775944800000,13430418.6608,17984291.6416,11809977.2368
1775948400000,13881867.6491,21492316.6102,4199528.2757
1775952000000,20468891.3088,20350408.6767,4318010.9078
1775955600000,82346249.9037,95970696.4831,-9306435.6716
1775959200000,32104206.8678,32503968.4705,-9706197.2743
1775962800000,22742159.9954,27061985.2187,-14026022.4976
1775966400000,24239380.1352,18566252.1793,-8352894.5417
1775970000000,12802601.8062,15640963.1634,-11191255.8989
1775973600000,7574932.7852,7869329.6188,-11485652.7325
1775977200000,11328111.5112,9214756.3806,-9372297.6019
1775980800000,9475615.3325,11016746.5782,-10913428.8476
1775984400000,9281025.9802,8592825.5482,-10225228.4156
1775988000000,25375579.805,37701340.8448,-22550989.4554
1775991600000,11890262.0165,10196841.8953,-20857569.3342
1775995200000,26772472.4859,34411632.7535,-28496729.6018
1775998800000,30666866.6232,39455920.3394,-37285783.318
1776002400000,32182104.9199,35212426.8291,-40316105.2272
1776006000000,20766945.204,17674759.5441,-37223919.5673
1776009600000,11683727.1473,12232410.0717,-37772602.4917
1776013200000,26003339.8214,13263231.0757,-25032493.746
1776016800000,12236732.0667,11354724.0547,-24150485.734
1776020400000,4717486.1866,8280574.2258,-27713573.7732
1776024000000,21417670.0302,15502431.015,-21798334.758
1776027600000,9629096.8173,10426164.9651,-22595402.9058
1776031200000,35851083.9029,33371920.3945,-20116239.3974
1776034800000,9866235.8067,15295339.9369,-25545343.5276
1776038400000,21876038.2168,16746094.9231,-20415400.2339
1776042000000,9946144.8491,10987326.9277,-21456582.3125
1776045600000,9380181.1359,13211014.1088,-25287415.2854
1776049200000,9278836.4872,8605657.5883,-24614236.3865
1776052800000,9753686.438,9060910.5242,-23921460.4727
1776056400000,13234490.0387,12929511.8178,-23616482.2518
1776060000000,25586858.4303,13936253.4605,-11965877.282
1776063600000,23456575.9743,18148628.9815,-6657930.2892
1776067200000,14911033.605,20247054.1804,-11993950.8646
1776070800000,10211229.2131,6802441.3978,-8585163.0493
1776074400000,8761195.9673,11014845.3397,-10838812.4217
1776078000000,9953588.4246,8375967.0999,-9261191.097
1776081600000,36303602.8905,26118976.8121,923434.9814
1776085200000,67387940.1217,52202053.765,16109321.3381
1776088800000,66460476.5842,57471554.0279,25098243.8944
1776092400000,38468081.3504,56967846.095,6598479.1498
1776096000000,39876814.2356,36476280.7565,9999012.6289
1776099600000,24568831.315,26450709.8143,8117134.1296
1776103200000,15846587.7973,14992129.0889,8971592.838
1776106800000,87457704.1152,63121969.2007,33307327.7525
1776110400000,23847863.4471,37553642.4534,19601548.7462
1776114000000,17507463.7991,15262171.7256,21846840.8197
1776117600000,217408760.5863,196315566.086,42940035.32
1776121200000,166157310.3752,173406945.5558,35690400.1394
1776124800000,51112805.0872,58670753.045,28132452.1816
1776128400000,41217443.4895,41290385.0154,28059510.6557
1776132000000,30904517.1063,31530655.4834,27433372.2786
1776135600000,20270075.7592,22206979.4471,25496468.5907
1776139200000,22199167.2665,16921647.3002,30773988.557
1776142800000,26254027.3485,34033637.9915,22994377.914
1776146400000,33763605.4781,24627924.5361,32130058.856
1776150000000,52069429.7778,60484837.4316,23714651.2022
1776153600000,67375393.839,48613211.4651,42476833.5761
1776157200000,30372867.7145,28729909.2189,44119792.0717
1776160800000,22164458.9559,24518394.2539,41765856.7737
1776164400000,29434384.1172,22800183.5033,48400057.3876
1776168000000,21192905.8527,24385456.1431,45207507.0972
1776171600000,74493408.8919,70291560.4417,49409355.5474
1776175200000,130193894.223,139055737.7583,40547512.0121
1776178800000,98060421.4096,100602807.8614,38005125.5603
1776182400000,35466718.9696,53663381.0008,19808463.5291
1776186000000,31497501.3985,35457717.6905,15848247.2371
1776189600000,39103329.6761,54354464.3498,597112.5634
1776193200000,37390919.709,34220308.46,3767723.8124
1776196800000,17614316.0193,15560658.2318,5821381.5999
1776200400000,18936892.6054,12327536.9821,12430737.2232
1776204000000,18860615.244,22083785.942,9207566.5252
1776207600000,13464426.3741,13622057.5404,9049935.3589
1776211200000,23947400.0666,22217005.536,10780329.8895
1776214800000,16756441.08,16379870.7051,11156900.2644
1776218400000,11131822.0577,17220674.6048,5068047.7173
1776222000000,7881528.508,7068860.5671,5880715.6582
1776225600000,11338195.9691,9976311.981,7242599.6463
1776229200000,14938260.4781,23031755.7953,-850895.6709
1776232800000,11062148.8533,11966740.1646,-1755486.9822
1776236400000,24984725.0448,27980500.148,-4751262.0854
1776240000000,35384403.6613,25469026.8477,5164114.7282
1776243600000,8317038.6499,11187694.7387,2293458.6394
1776247200000,15437627.8739,17602414.1633,128672.35
1776250800000,24627350.9451,19908099.7224,4847923.5727
1776254400000,21054801.0372,15322531.1141,10580193.4958
1776258000000,26667057.3968,27658438.2885,9588812.6041
1776261600000,34490881.7392,31882845.1228,12196849.2205
1776265200000,35111795.8929,43468193.9132,3840451.2002
1776268800000,27583040.4598,24757968.9273,6665522.7327
1776272400000,32614404.7764,35471449.326,3808478.1831
1776276000000,19416455.7821,22768228.5219,456705.4433
1776279600000,47911028.5238,42286120.1169,6081613.8502
1776283200000,18764335.4605,26147517.8695,-1301568.5588
1776286800000,23737079.0334,17253624.0459,5181886.4287
1776290400000,34631180.4023,33608109.3874,6204957.4436
1776294000000,19152775.8489,29899883.5357,-4542150.2432
1776297600000,9738009.249,11006269.6186,-5810410.6128
1776301200000,10581390.2443,13301960.5416,-8530980.9101
1776304800000,17473087.8352,17693482.7652,-8751375.8401
1776308400000,11102198.668,9341903.2194,-6991080.3915
1776312000000,12303957.0482,15838079.5204,-10525202.8637
1776315600000,16801294.1675,12559169.4898,-6283078.186
1776319200000,12446135.7161,10962252.7393,-4799195.2092
1776322800000,24368936.4579,27669057.0678,-8099315.8191
1776326400000,17644383.7142,22686313.313,-13141245.4179
1776330000000,18928678.6374,24096432.5764,-18308999.3569
1776333600000,26074923.4938,24126580.6594,-16360656.5225
1776337200000,15126304.3355,12459135.3115,-13693487.4985
1776340800000,23949841.6332,19705575.5702,-9449221.4355
1776344400000,80925273.8597,87885548.8612,-16409496.437
1776348000000,89898051.296,93988282.5144,-20499727.6554
1776351600000,76639961.0759,57387011.5498,-1246778.1293
1776355200000,46802735.3888,49766428.8988,-4210471.6393
1776358800000,29526446.7685,26360935.5732,-1044960.444
1776362400000,33418315.3051,37413368.9056,-5040014.0445
1776366000000,42579278.7397,36732545.9679,806718.7273
1776369600000,28669450.1846,38692427.9398,-9216259.0279
1776373200000,12668708.9907,19833877.0152,-16381427.0524
1776376800000,17441898.9376,15914626.4509,-14854154.5657
1776380400000,12976959.7601,10758593.5698,-12635788.3754
1776384000000,11845460.7792,11335814.5353,-12126142.1315
1776387600000,20380209.7177,23221094.3139,-14967026.7277
1776391200000,8402291.3918,10331253.9444,-16895989.2803
1776394800000,7269922.2744,9214724.2858,-18840791.2917
1776398400000,6323928.8059,8306718.539,-20823581.0248
1776402000000,17044745.3694,21123087.9909,-24901923.6463
1776405600000,16906334.756,15892699.1978,-23888288.0881
1776409200000,18032016.366,14705728.7737,-20562000.4958
1776412800000,34171925.264,28710586.6194,-15100661.8512
1776416400000,50778223.8776,42112012.7384,-6434450.712
1776420000000,32989861.2617,40711286.0633,-14155875.5136
1776423600000,17889396.9571,22666190.2369,-18932668.7934
1776427200000,59566402.273,48005649.2942,-7371915.8146
1776430800000,249037284.1426,203677834.6867,37987533.6413
1776434400000,124880255.7292,120392320.3486,42475469.0219
1776438000000,56775715.9079,68964262.0406,30286922.8892
1776441600000,62645151.4697,59541444.3593,33390629.9996
1776445200000,49127634.9022,60906846.5984,21611418.3034
1776448800000,45062727.8163,45363324.2211,21310821.8986
1776452400000,31888699.9754,23126998.2076,30072523.6664
1776456000000,14892745.0948,18245145.0377,26720123.7235
1776459600000,15199405.7958,20845043.2435,21074486.2758
1776463200000,94175095.1329,42798464.0413,72451117.3674
1776466800000,29300275.3717,27229868.6776,74521524.0615
1776470400000,20102170.9665,21121373.2139,73502321.8141
1776474000000,10730185.739,12947781.9078,71284725.6453
1776477600000,9909943.1352,10284473.7208,70910195.0597
1776481200000,16008277.7892,26116605.4187,60801867.4302
1776484800000,12379606.0867,13716904.0932,59464569.4237
1776488400000,7507797.6475,6758856.1927,60213510.8785
1776492000000,9287308.6939,8595623.9607,60905195.6117
1776495600000,8777905.2304,15219905.9297,54463194.9124
1776499200000,50070208.4171,72897194.2644,31636209.0651
1776502800000,20803555.612,24889937.1943,27549827.4828
1776506400000,38591686.7674,46278428.5956,19863085.6546
1776510000000,31634382.0172,40707454.2044,10790013.4674
1776513600000,19859308.5012,20609950.1041,10039371.8645
1776517200000,22546086.8702,21166832.8276,11418625.9071
1776520800000,32268295.5304,52141052.1853,-8454130.7478
1776524400000,20929026.7241,28349462.8312,-15874566.8549
1776528000000,29132000.1405,29295518.7416,-16038085.456
1776531600000,16434408.6034,22343856.0149,-21947532.8675
1776535200000,33463667.025,31591635.926,-20075501.7685
1776538800000,15669601.4234,10124336.9966,-14530237.3417
1776542400000,11656721.1373,7395980.3568,-10269496.5612
1776546000000,10550142.5952,8549076.3706,-8268430.3366
1776549600000,10549829.4525,7008886.9089,-4727487.793
1776553200000,6439503.5993,7928905.3644,-6216889.5581
1776556800000,6788281.2114,8889390.5105,-8317998.8572
1776560400000,15863450.0318,8537256.611,-991805.4364
1776564000000,16004726.3143,21826709.3964,-6813788.5185
1776567600000,7263092.728,9718230.9806,-9268926.7711
1776571200000,25073984.714,32675327.7073,-16870269.7644
1776574800000,10211534.4262,11177553.8291,-17836289.1673
1776578400000,30716635.1672,28928254.9891,-16047908.9892
1776582000000,58038545.7938,72795254.0959,-30804617.2913
1776585600000,15157557.6455,16576925.5282,-32223985.174
1776589200000,15375843.8652,27140312.6291,-43988453.9379
1776592800000,15326368.9523,16311486.6045,-44973571.5901
1776596400000,18455900.1839,17583392.4122,-44101063.8184
1776600000000,28333963.7361,22500991.297,-38268091.3793
1776603600000,37518087.979,33621573.3211,-34371576.7214
1776607200000,24914620.3102,19294160.2601,-28751116.6713
1776610800000,26506961.4237,26230790.3334,-28474945.581
1776614400000,30742982.2607,36338463.3787,-34070426.699
1776618000000,41350018.8102,50422138.0662,-43142545.955
1776621600000,38466653.6647,43315496.7985,-47991389.0888
1776625200000,23914099.7177,20409555.1068,-44486844.4779
1776628800000,38722220.2213,57069831.659,-62834455.9156
1776632400000,23724539.2756,22009394.1767,-61119310.8167
1776636000000,64814777.6252,70105746.0051,-66410279.1966
1776639600000,26322106.1645,28589893.5649,-68678066.597
1776643200000,35160936.4935,28699321.9314,-62216452.0349
1776646800000,24888547.7101,22717540.3502,-60045444.675
1776650400000,17110631.5783,15677120.6597,-58611933.7564
1776654000000,14196902.5225,10096712.729,-54511743.9629
1776657600000,11251806.4361,13741099.9654,-57001037.4922
1776661200000,17989787.8756,16165692.278,-55176941.8946
1776664800000,18680911.5884,14641148.63,-51137178.9362
1776668400000,78982316.7945,77162386.1071,-49317248.2488
1776672000000,32710295.0116,29796285.56,-46403238.7972
1776675600000,23829039.0165,16635083.0741,-39209282.8548
1776679200000,20038281.8108,18868891.2151,-38039892.2591
1776682800000,17191746.1001,16036726.2255,-36884872.3845
1776686400000,27077708.393,26840042.3995,-36647206.391
1776690000000,43444879.2064,45355700.6517,-38558027.8363
1776693600000,56020812.6677,83403541.1138,-65940756.2824
1776697200000,54478640.3274,53468884.7549,-64931000.7099
1776700800000,19301038.8081,21984653.1094,-67614615.0112
1776704400000,33039973.4791,28883156.1778,-63457797.7099
1776708000000,62716341.4135,52881408.2575,-53622864.5539
1776711600000,18158731.925,23825940.2911,-59290072.92
1776715200000,28198736.7106,26369750.0687,-57461086.2781
1776718800000,36311582.972,40641522.6984,-61791026.0045
1776722400000,13945497.6769,13200827.093,-61046355.4206
1776726000000,21881142.0246,21511195.641,-60676409.037
1776729600000,17784709.0089,12740418.7015,-55632118.7296
1776733200000,14696525.674,13071106.6078,-54006699.6634
1776736800000,11801066.4533,15478905.5915,-57684538.8016
1776740400000,16264677.3551,17716039.2837,-59135900.7302
1776744000000,12301218.8181,10401345.1944,-57236027.1065
1776747600000,9011765.4117,11201125.643,-59425387.3378
1776751200000,14116200.6208,12761494.2037,-58070680.9207
1776754800000,25365163.9557,14760329.0277,-47465845.9927
1776758400000,25006877.5682,21713858.9962,-44172827.4207
1776762000000,12860723.8481,12310642.6492,-43622746.2218
1776765600000,17538690.9609,15470889.6817,-41554944.9426
1776769200000,18815560.9405,27017734.3202,-49757118.3223
1776772800000,36104155.562,39403433.9489,-53056396.7092
1776776400000,29013140.3382,21926690.8405,-45969947.2115
1776780000000,34789142.6765,39124756.0254,-50305560.5604
1776783600000,32013478.1056,32505197.8159,-50797280.2707
1776787200000,23702086.9685,30175076.0785,-57270269.3807
1776790800000,40493197.3614,48605126.5703,-65382198.5896
1776794400000,18154260.6686,18358705.4271,-65586643.3481
1776798000000,50818515.3019,53323519.9204,-68091647.9666
1776801600000,50309652.3673,45227136.1368,-63009131.7361
1776805200000,7554448.7421,8026261.6516,-63480944.6456
1776808800000,11672708.3945,14342506.9549,-66150743.206
1776812400000,19106226.2212,15145923.8816,-62190440.8664
1776816000000,16841825.4508,13706850.9678,-59055466.3834
1776819600000,13999149.5659,11710039.6949,-56766356.5124
1776823200000,92108596.654,70019100.6912,-34676860.5496
1776826800000,44771093.3579,41230003.8186,-31135771.0103
1776830400000,17137567.9728,20280473.0942,-34278676.1317
1776834000000,116925280.2455,124360234.2661,-41713630.1523
1776837600000,22359221.1026,27141619.1119,-46496028.1616
1776841200000,26508212.0589,40304750.1186,-60292566.2213
1776844800000,28029846.5984,26253433.717,-58516153.3399
1776848400000,15798951.7027,16782882.1637,-59500083.8009
1776852000000,12553408.6687,15588924.5295,-62535599.6617
1776855600000,29410026.0242,20880996.0111,-54006569.6486
1776859200000,36127399.0868,30211949.8408,-48091120.4026
1776862800000,78854963.1645,63671762.39,-32907919.6281
1776866400000,65667753.4346,56142107.2764,-23382273.4699
1776870000000,60674109.5612,51351934.4263,-14060098.335
1776873600000,38230901.6121,49691376.0526,-25520572.7755
1776877200000,31828460.7275,22931311.5983,-16623423.6463
1776880800000,17387405.2084,17275282.8917,-16511301.3296
1776884400000,28813629.4971,22889561.7017,-10587233.5342
1776888000000,17473457.7076,18187564.5992,-11301340.4258
1776891600000,16513135.3118,15813381.3805,-10601586.4945
1776895200000,12697343.9148,11262656.2658,-9166898.8455
1776898800000,22460335.368,30081764.9312,-16788328.4087
1776902400000,79836088.189,61405929.138,1641830.6423
1776906000000,22193577.5974,15566345.8591,8269062.3806
1776909600000,33839919.6706,43848844.8523,-1739862.8011
1776913200000,32160795.8626,37437370.6649,-7016437.6034
1776916800000,20658769.6105,13626157.572,16174.4351
1776920400000,16986995.5367,22786498.089,-5783328.1172
1776924000000,24738101.0325,26327248.5849,-7372475.6696
1776927600000,23038336.3135,32913735.3979,-17247874.754
1776931200000,32303362.4738,28116117.6756,-13060629.9558
1776934800000,45043526.7607,65508069.2986,-33525172.4937
1776938400000,33502000.0402,39692708.5218,-39715880.9753
1776942000000,25709298.741,25311303.828,-39317886.0623
1776945600000,25276129.0565,31844427.1414,-45886184.1472
1776949200000,27908655.7572,26180972.8991,-44158501.2891
1776952800000,31439660.3485,25091117.4596,-37809958.4002
1776956400000,32303803.1027,31927582.9486,-37433738.2461
1776960000000,18706502.2026,17242375.8397,-35969611.8832
1776963600000,89719191.6631,102115302.4617,-48365722.6818
1776967200000,30121863.778,29314578.9756,-47558437.8794
1776970800000,17468838.5278,27720249.1674,-57809848.519
1776974400000,25571067.5265,22313664.2076,-54552445.2001
1776978000000,9271608.3716,14714202.4362,-59995039.2647
1776981600000,19664703.6629,17245497.8363,-57575833.4381
1776985200000,10079554.056,12275659.2513,-59771938.6334
1776988800000,13748234.5818,13610881.0864,-59634585.138
1776992400000,12886627.0152,15345644.166,-62093602.2888
1776996000000,11220045.2,16961842.0133,-67835399.1021
1776999600000,19592240.7685,24632477.0795,-72875635.4131
1777003200000,15607200.0261,16206954.1016,-73475389.4886
1777006800000,28011194.5175,23990497.0461,-69454692.0172
1777010400000,11312396.9774,15528257.4836,-73670552.5234
1777014000000,27799461.4595,14853381.9673,-60724473.0312
1777017600000,23748634.0585,21903026.126,-58878865.0987
1777021200000,15939818.5733,16290643.6252,-59229690.1506
1777024800000,10628160.97,10795611.0055,-59397140.1861
1777028400000,34830381.8407,29255956.0487,-53822714.3941
1777032000000,17814778.3828,23968684.7461,-59976620.7574
1777035600000,22998756.6542,25933246.1964,-62911110.2996
1777039200000,33616073.0107,33280180.7203,-62575218.0092
1777042800000,30521439.1999,33332182.8873,-65385961.6966
1777046400000,12784185.2709,15692895.7277,-68294672.1534
1777050000000,18074970.5499,17613142.3389,-67832843.9424
1777053600000,10886335.0329,13109770.0983,-70056279.0078
1777057200000,13592179.7515,12285788.0615,-68749887.3178
1777060800000,16454342.6993,15176975.6163,-67472520.2348
1777064400000,14543615.7722,17843681.9765,-70772586.4391
1777068000000,13239753.2208,10475888.9635,-68008722.1818
1777071600000,3595305.1129,3947065.2295,-68360482.2984
1777075200000,4293336.7062,4424952.8241,-68492098.4163
1777078800000,5898295.2782,3859801.89,-66453605.0281
1777082400000,3878582.0642,5477387.3297,-68052410.2936
1777086000000,4061612.8647,3876819.0259,-67867616.4548
1777089600000,2752889.8105,3776116.0762,-68890842.7205
1777093200000,3203038.2295,3532524.2035,-69220328.6945
1777096800000,4073619.303,3445472.289,-68592181.6805
1777100400000,4767003.4475,3304232.1706,-67129410.4036
1777104000000,3632754.0832,3060542.7745,-66557199.0949
1777107600000,9204703.8203,10800088.3735,-68152583.6481
1777111200000,5458623.0026,4849278.1003,-67543238.7458
1777114800000,5275190.6624,9044760.6634,-71312808.7468
1777118400000,10781064.217,6823555.6708,-67355300.2006
1777122000000,5397362.2424,5077649.6013,-67035587.5595
1777125600000,6634771.8856,9347970.4019,-69748786.0758
1777129200000,11901136.2055,19762840.6327,-77610490.503
1777132800000,23719050.697,20152490.4995,-74043930.3055
1777136400000,9646333.3829,9868271.6157,-74265868.5383
1777140000000,5789508.0774,8530928.7278,-77007289.1887
1777143600000,4235670.4691,6427398.593,-79199017.3126
1777147200000,3068304.9376,4581418.6897,-80712131.0647
1777150800000,7437470.9135,6436892.6489,-79711552.8001
1777154400000,4964423.6368,4923648.1538,-79670777.3171
1777158000000,4970035.9886,4180857.1502,-78881598.4787
1777161600000,6316112.1988,7052227.6455,-79617713.9254
1777165200000,4377406.0834,7280176.242,-82520484.084
1777168800000,2863917.3409,4785426.5744,-84441993.3175
1777172400000,4468276.8478,9875677.6953,-89849394.165
1777176000000,7247653.8822,5934578.3244,-88536318.6072
1777179600000,36976986.2539,29634095.6743,-81193428.0276
1777183200000,7960923.7528,9932201.4828,-83164705.7576
1777186800000,5231941.2586,6297242.6978,-84230007.1968
1777190400000,12305918.0966,9753049.2641,-81677138.3643
1777194000000,6826163.6021,6386878.2453,-81237853.0075
1777197600000,5615290.2714,6259582.5184,-81882145.2545
1777201200000,8004052.6305,7219384.6641,-81097477.2881
1777204800000,10363458.558,14903758.5683,-85637777.2984
1777208400000,12331438.7403,7202076.8876,-80508415.4457
1777212000000,32391121.4919,30993543.2153,-79110837.1691
1777215600000,9633427.7792,10660962.6136,-80138372.0035
1777219200000,7832591.7464,14749055.7798,-87054836.0369
1777222800000,9110152.7835,7698581.957,-85643265.2104
1777226400000,40559690.4634,29226768.0378,-74310342.7848
1777230000000,29195770.1987,25243615.6143,-70358188.2004
1777233600000,11671148.6465,13323382.5551,-72010422.109
1777237200000,24888212.9386,30068127.0159,-77190336.1863
1777240800000,32611394.1424,34843762.8318,-79422704.8757
1777244400000,29872673.4379,27332546.0673,-76882577.5051
1777248000000,41501464.8985,32481484.7303,-67862597.3369
1777251600000,55012293.6875,50821170.7233,-63671474.3727
1777255200000,16068858.3606,13096939.357,-60699555.3691
1777258800000,19071733.4919,16896609.7809,-58524431.6581
1777262400000,17536974.9953,22913401.0729,-63900857.7357
1777266000000,82173554.7755,115671545.0856,-97398848.0458
1777269600000,31588147.3772,29031266.7574,-94841967.426
1777273200000,22429310.7,20608848.4214,-93021505.1474
1777276800000,25375536.1871,29668398.2921,-97314367.2524
1777280400000,19321662.9726,18258928.753,-96251633.0328
1777284000000,8545167.4405,9542889.8164,-97249355.4087
1777287600000,10069882.6231,11113390.4908,-98292863.2764
1777291200000,13010975.5895,21875661.5912,-107157549.2781
1777294800000,45671758.6526,60599521.5768,-122085312.2023
1777298400000,44991538.1537,44530624.8065,-121624398.8551
1777302000000,96944633.432,116973211.3938,-141652976.8169
1777305600000,25244461.7873,25402011.3068,-141810526.3364
1777309200000,33214034.6287,34580478.1935,-143176969.9012
1777312800000,17189437.2242,19504138.1305,-145491670.8075
1777316400000,17226435.4752,21883143.7723,-150148379.1046
1777320000000,12771299.984,15059400.2825,-152436479.4031
1777323600000,6850708.6798,11639009.492,-157224780.2153
1777327200000,11729122.6681,9880030.3196,-155375687.8668
1777330800000,17292516.2654,11580799.5505,-149663971.1519
1777334400000,11105775.9269,11266750.3385,-149824945.5635
1777338000000,7580965.1643,11371665.3102,-153615645.7094
1777341600000,14431493.9326,22719276.4546,-161903428.2314
1777345200000,8915845.9691,11229046.1613,-164216628.4236
1777348800000,12187185.0674,13294624.3877,-165324067.7439
1777352400000,17498237.0751,18611594.4285,-166437425.0973
1777356000000,18284420.1299,26906625.0196,-175059629.987
1777359600000,20472458.0281,18563557.9452,-173150729.9041
1777363200000,13554472.9622,13544499.8099,-173140756.7518
1777366800000,14184315.8719,14333081.4889,-173289522.3688
1777370400000,11222047.5115,12517476.6021,-174584951.4594
1777374000000,21880338.4856,20869536.725,-173574149.6988
1777377600000,14985082.787,12917146.1717,-171506213.0835
1777381200000,41103293.5672,47418955.7091,-177821875.2254
1777384800000,29701492.9608,30109941.776,-178230324.0406
1777388400000,23641134.3396,18692287.7792,-173281477.4802
1777392000000,24118158.7286,16780003.165,-165943321.9166
1777395600000,19158761.437,13845009.0934,-160629569.573
1777399200000,18257475.5238,12115346.7123,-154487440.7615
1777402800000,20437586.6133,17856969.1986,-151906823.3468
1777406400000,7428022.1085,8393598.8649,-152872400.1032
1777410000000,9709058.3589,12000610.4899,-155163952.2342
1777413600000,4648431.4298,5521055.6708,-156036576.4752
1777417200000,6051979.2725,6423039.1194,-156407636.3221
1777420800000,11440823.4993,7199548.8493,-152166361.6721
1777424400000,23010764.0528,22552963.4534,-151708561.0727
1777428000000,10674675.4971,18410782.5569,-159444668.1325
1777431600000,47248919.8871,32940488.4824,-145136236.7278
1777435200000,53932795.0322,54858953.2767,-146062394.9723
1777438800000,24076157.619,24309155.5735,-146295392.9268
1777442400000,24974458.0514,20553313.4001,-141874248.2755
1777446000000,12493163.3519,20671483.617,-150052568.5406
1777449600000,9605586.1362,14433071.9964,-154880054.4008
1777453200000,33250949.037,26088070.8235,-147717176.1873
1777456800000,26557531.4312,25723111.3077,-146882756.0638
1777460400000,15527519.6399,16775925.0144,-148131161.4383
1777464000000,39515552.7747,39294006.3047,-147909614.9683
1777467600000,38331981.5195,42753518.9515,-152331152.4003
1777471200000,28212754.3036,24109900.7147,-148228298.8114
1777474800000,55817033.4131,66154546.7374,-158565812.1357
1777478400000,36441649.5297,39505346.7219,-161629509.3279
1777482000000,25595019.0438,19769653.1511,-155804143.4352
1777485600000,108787319.9814,139899880.0053,-186916703.4591
1777489200000,33960648.1661,34742175.4078,-187698230.7008
1777492800000,27838887.7019,29940965.4943,-189800308.4932
1777496400000,27576256.217,31317657.3662,-193541709.6424
1777500000000,14499485.2671,11444281.8753,-190486506.2506
1777503600000,13177101.9731,10983789.4401,-188293193.7176
1777507200000,27037078.189,18591252.8546,-179847368.3832
1777510800000,16382971.2139,19748386.6919,-183212783.8612
1777514400000,23813344.5858,31622131.5491,-191021570.8245
1777518000000,12505383.9304,13697957.1484,-192214144.0425
1777521600000,13528392.9299,20003330.7158,-198689081.8284
1777525200000,15097794.7117,21056609.4352,-204647896.5519
1777528800000,11413137.9167,12257384.332,-205492142.9672
1777532400000,30971075.5648,25385122.5534,-199906189.9558
1777536000000,21670433.3372,13874818.4777,-192110575.0963
1777539600000,17001033.7105,12318320.9732,-187427862.359
1777543200000,9369664.0424,9648150.2548,-187706348.5714
1777546800000,18151422.7279,22355163.4917,-191910089.3352
1777550400000,13820603.3685,12806285.7738,-190895771.7405
1777554000000,22180963.8137,18842939.9122,-187557747.839
1777557600000,29627835.9506,30788551.5919,-188718463.4803
1777561200000,15854285.5677,16020310.008,-188884487.9206
1777564800000,7640384.2808,9920303.4595,-191164407.0993
1777568400000,12481700.0026,9951526.9452,-188634234.0419
1777572000000,10104094.1783,7822829.5454,-186352969.409
1777575600000,11239324.1282,9321527.3315,-184435172.6123
1777579200000,7151163.1375,6318723.7628,-183602733.2376
1777582800000,6386333.6073,8022277.3637,-185238676.994
1777586400000,3855509.8106,6835015.3087,-188218182.4921
1777590000000,4382742.6616,4801104.808,-188636544.6385
1777593600000,8738196.8804,5765737.1041,-185664084.8622
1777597200000,9602135.2643,7813606.3196,-183875555.9175
1777600800000,8823706.5625,6650001.6312,-181701850.9862
1777604400000,41847241.5569,32707175.6111,-172561785.0404
1777608000000,9490944.0368,12758945.5273,-175829786.5309
1777611600000,7703296.298,8021178.5899,-176147668.8228
1777615200000,13610122.6758,16487110.5382,-179024656.6852
1777618800000,15936512.9671,12301899.7161,-175390043.4342
1777622400000,15623995.7662,11543035.8853,-171309083.5533
1777626000000,7822962.6527,8491162.0292,-171977282.9298
1777629600000,10041677.3382,9251154.4547,-171186760.0463
1777633200000,26596578.764,14433133.49,-159023314.7723
1777636800000,60832458.4591,47215768.3474,-145406624.6606
1777640400000,52931828.6601,43527323.6204,-136002119.6209
1777644000000,36288991.0857,44791284.9206,-144504413.4558
1777647600000,25299192.7369,28310521.4785,-147515742.1974
1777651200000,24751172.8216,30918065.0434,-153682634.4192
1777654800000,12837383.9956,10690180.9023,-151535431.3259
1777658400000,9189501.4925,11290021.3278,-153635951.1612
1777662000000,7496524.8232,9983593.9483,-156123020.2863
1777665600000,15922296.5673,31298410.5174,-171499134.2364
1777669200000,11442917.4461,14859518.1182,-174915734.9085
1777672800000,6591397.7928,5596035.3126,-173920372.4283
1777676400000,4784893.0913,4933528.7667,-174069008.1037
1777680000000,5698180.3502,4615814.278,-172986642.0315
1777683600000,5160126.7463,4433314.1145,-172259829.3997
1777687200000,8345133.5184,5920372.0253,-169835067.9066
1777690800000,6242047.4898,4493168.9271,-168086189.3439
1777694400000,3014533.5411,5763497.3043,-170835153.1071
1777698000000,3527680.0052,6536804.4898,-173844277.5917
1777701600000,6726746.0732,5165736.2404,-172283267.7589
1777705200000,6186904.2814,10342257.336,-176438620.8135
1777708800000,6246546.7267,5421334.7314,-175613408.8182
1777712400000,4690288.7081,4445576.8668,-175368696.9769
1777716000000,4181026.8433,4370863.3705,-175558533.5041
1777719600000,3421765.7291,5261789.2737,-177398557.0487
1777723200000,4424088.6692,4878318.9868,-177852787.3663
1777726800000,11252202.1011,7127135.4858,-173727720.751
1777730400000,4993089.7471,5193070.8803,-173927701.8842
1777734000000,4391423.0647,4129266.1976,-173665545.0171
1777737600000,8197831.215,6140558.5879,-171608272.39
1777741200000,2945279.4217,4682023.3167,-173345016.285
1777744800000,7839418.2765,10217774.8511,-175723372.8596
1777748400000,4211579.2247,3551897.895,-175063691.5299
1777752000000,3325068.7816,3487577.4378,-175226200.1861
1777755600000,45127332.9212,26134694.3453,-156233561.6102
1777759200000,29294957.4651,23420501.3302,-150359105.4753
1777762800000,10427424.2105,12436790.7946,-152368472.0594
1777766400000,8888362.3498,13399375.8705,-156879485.5801
1777770000000,6410446.1036,11031773.0885,-161500812.565
1777773600000,11036402.8081,10823420.7883,-161287830.5452
1777777200000,5602870.5139,8851099.3231,-164536059.3544
1777780800000,5946820.1327,6479689.3077,-165068928.5294
1777784400000,3044436.5944,3519572.0031,-165544063.9381
1777788000000,4907946.4601,4539663.3149,-165175780.7929
1777791600000,8888708.8344,6823130.1461,-163110202.1046
1777795200000,3805381.5024,4375240.2555,-163680060.8577
1777798800000,14772668.726,8403402.4973,-157310794.629
1777802400000,3455625.3813,4360360.1182,-158215529.3659
1777806000000,16791614.6974,11330152.5892,-152754067.2577
1777809600000,18768835.9489,14185480.3649,-148170711.6737
1777813200000,8278338.3513,12751911.5433,-152644284.8657
1777816800000,7814047.9155,9871331.7265,-154701568.6767
1777820400000,11621969.6371,18054568.7948,-161134167.8344
1777824000000,15393257.1359,24239701.2557,-169980611.9542
1777827600000,14067652.5012,13965803.1963,-169878762.6493
1777831200000,3350981.5276,4894547.7185,-171422328.8402
1777834800000,13395414.5438,9018501.7959,-167045416.0923
1777838400000,26160038.2183,26172245.8058,-167057623.6798
1777842000000,13628094.3901,17457136.5556,-170886665.8453
1777845600000,55171959.7679,46178089.4453,-161892795.5227
1777849200000,23186347.2946,29911595.8905,-168618044.1186
1777852800000,21599311.1175,27556992.7604,-174575725.7615
1777856400000,41142386.1351,35752687.2427,-169186026.8691
1777860000000,112677251.7155,107340379.9243,-163849155.0779
1777863600000,63920182.4701,55981451.0169,-155910423.6247
1777867200000,43553585.9848,40291330.2358,-152648167.8757
1777870800000,25424193.7782,39803322.4903,-167027296.5878
1777874400000,28271985.8418,43513912.6552,-182269223.4012
1777878000000,18438023.8089,24931181.8772,-188762381.4695
1777881600000,19099491.5231,19869087.5665,-189531977.5129
1777885200000,17153991.5707,17864282.5059,-190242268.4481
1777888800000,112005080.9127,121562796.675,-199799984.2104
1777892400000,19210793.9141,26478515.3746,-207067705.6709
1777896000000,21189704.3173,19837623.3204,-205715624.674
1777899600000,38099401.8036,39082310.5843,-206698533.4547
1777903200000,76386517.6719,70111394.8767,-200423410.6595
1777906800000,70808760.8353,90058802.5454,-219673452.3696
1777910400000,47220881.4326,46514227.6608,-218966798.5978
1777914000000,37269591.6867,39630703.7315,-221327910.6426
1777917600000,22396491.8654,31762534.6425,-230693953.4197
1777921200000,17045911.1171,19278432.9389,-232926475.2415
1777924800000,9846593.6411,10386447.2409,-233466328.8413
1777928400000,9498526.3993,6726289.8419,-230694092.2839
1777932000000,10178075.436,11654498.0108,-232170514.8587
1777935600000,7024932.2362,11929319.0529,-237074901.6754
1777939200000,10033068.2774,8481660.9204,-235523494.3184
1777942800000,10297601.7248,8803596.7065,-234029489.3001
1777946400000,26124078.2371,20277347.3475,-228182758.4105
1777950000000,39584889.5481,43308199.0607,-231906067.9231
1777953600000,17641072.3993,19369330.5956,-233634326.1194
1777957200000,33681301.967,28055917.6822,-228008941.8346
1777960800000,18970408.1644,28270777.37,-237309311.0402
1777964400000,28822752.2903,30925160.2124,-239411718.9623
1777968000000,11976616.5445,16096045.0568,-243531147.4746
1777971600000,11406469.8497,18091339.8436,-250216017.4685
1777975200000,18851568.4265,9554446.6929,-240918895.7349
1777978800000,16248770.0548,14647676.4872,-239317802.1673
1777982400000,23616949.9956,19809165.0264,-235510017.1981
1777986000000,62526501.6296,56293900.3227,-229277415.8912
1777989600000,48897767.5026,54186471.4624,-234566119.851
1777993200000,20443657.8652,23659133.0847,-237781595.0705
1777996800000,32888753.666,37101879.538,-241994720.9425
1778000400000,19524216.2628,20910693.6141,-243381198.2938
1778004000000,16679705.7815,13021204.1404,-239722696.6527
1778007600000,9748785.5778,8869530.444,-238843441.5189
1778011200000,33050970.1808,19457493.5481,-225249964.8862
1778014800000,16533360.6433,18590639.4316,-227307243.6745
1778018400000,26352179.5595,37022920.5965,-237977984.7115
1778022000000,16301943.1561,23879988.9551,-245556030.5105
1778025600000,19928459.75,17009562.7907,-242637133.5512
1778029200000,19617706.9619,19796777.62,-242816204.2093
1778032800000,13244827.3084,13622585.9071,-243193962.808
1778036400000,17801552.4955,14607631.6208,-240000041.9333
1778040000000,12931323.7099,19733110.0621,-246801828.2855
1778043600000,18170615.2173,23595919.3132,-252227132.3814
1778047200000,16614222.2366,11657903.0317,-247270813.1765
1778050800000,17743481.2093,13546509.6679,-243073841.6351
1778054400000,49325979.6793,30692853.5724,-224440715.5282
1778058000000,104175673.3465,92759108.2897,-213024150.4714
1778061600000,37412479.1841,39744636.3977,-215356307.685
1778065200000,58484600.3215,66836887.9976,-223708595.3611
1778068800000,40026763.4873,43858136.8934,-227539968.7672
1778072400000,79678807.8708,95042444.1667,-242903605.0631
1778076000000,91529114.7072,108053325.142,-259427815.4979
1778079600000,38075510.2689,44915639.337,-266267944.566
1778083200000,33466049.4859,46640268.6048,-279442163.6849
1778086800000,18537407.9244,31423338.3579,-292328094.1184
1778090400000,30753881.1825,40668017.1583,-302242230.0942
1778094000000,14987485.478,16574550.0647,-303829294.6809
1778097600000,21556847.7368,32345211.3861,-314617658.3302
1778101200000,12794728.7211,24305591.8312,-326128521.4403
1778104800000,10261569.7255,20516427.5049,-336383379.2197
1778108400000,14688203.8223,26291920.7566,-347987096.154
1778112000000,16085320.2133,41678964.237,-373580740.1777
1778115600000,30745477.1663,45685140.2832,-388520403.2946
1778119200000,32190364.9441,41108480.4474,-397438518.7979
1778122800000,19582070.5331,20780576.61,-398637024.8748
1778126400000,15430135.003,17294438.5727,-400501328.4445
1778130000000,16670094.0455,20933814.811,-404765049.21
1778133600000,24271930.1907,28780363.4942,-409273482.5135
1778137200000,28862954.0865,33032649.2374,-413443177.6644
1778140800000,23733497.3578,29139920.9898,-418849601.2964
1778144400000,18215759.8316,28755732.0218,-429389573.4866
1778148000000,17550033.8276,28750974.2101,-440590513.8691
1778151600000,15341280.922,21891347.9689,-447140580.916
1778155200000,21464134.8648,24296730.3933,-449973176.4445
1778158800000,57725846.3084,82606825.4729,-474854155.609
1778162400000,75954320.4049,108291650.1152,-507191485.3193
1778166000000,45022307.0166,59680283.116,-521849461.4187
1778169600000,32410229.7573,50940488.557,-540379720.2184
1778173200000,34616405.053,56746152.9147,-562509468.0801
1778176800000,30241374.6928,45668517.4229,-577936610.8102
1778180400000,24474622.6004,39481434.8073,-592943423.0171
1778184000000,28976289.8159,85490046.8824,-649457180.0836
1778187600000,20780052.7559,33401916.6797,-662079044.0074
1778191200000,23463554.8021,37937743.3618,-676553232.5671
1778194800000,11795113.5692,17825578.4605,-682583697.4584
1778198400000,12963085.4082,22357239.2143,-691977851.2645
1778202000000,13423726.3811,20029413.539,-698583538.4224
1778205600000,28608511.9518,40929225.2805,-710904251.7511
1778209200000,22347091.7621,35034178.4088,-723591338.3978
1778212800000,12888493.2387,20026654.5887,-730729499.7478
1778216400000,11162303.6294,25769026.3205,-745336222.4389
1778220000000,22993235.645,57992758.8528,-780335745.6467
1778223600000,49376577.4481,31050435.3823,-762009603.5809
1778227200000,29958025.5936,31130282.883,-763181860.8703
1778230800000,23567563.3179,26164726.8982,-765779024.4506
1778234400000,24793304.8282,20579970.0527,-761565689.6751
1778238000000,37569126.2003,20084071.5863,-744080635.0611
1778241600000,24251946.5652,34287334.7061,-754116023.202
1778245200000,37139000.0919,50151551.4303,-767128574.5404
1778248800000,35962429.3479,44747377.8276,-775913523.0201
1778252400000,22704238.1532,28837871.6733,-782047156.5402
1778256000000,19986066.3943,25410667.4952,-787471757.6411
1778259600000,42874144.0089,54054812.8505,-798652426.4827
1778263200000,40411786.9502,46468980.9299,-804709620.4624
1778266800000,22709220.8446,43238465.2647,-825238864.8825
1778270400000,15759160.3314,55799898.6665,-865279603.2176
1778274000000,14929581.708,27684577.8458,-878034599.3554
1778277600000,11877123.8496,26713797.7351,-892871273.2409
1778281200000,9082800.9117,26774378.6745,-910562851.0037
1778284800000,10943625.2625,23286585.9353,-922905811.6765
1778288400000,15632061.3641,23794872.6499,-931068622.9623
1778292000000,13961772.4787,18146678.9103,-935253529.3939
1778295600000,10343800.6056,15580914.8996,-940490643.6879
1778299200000,19882617.9553,60106322.2631,-980714347.9957
1778302800000,8366191.6661,10101429.6607,-982449585.9903
1778306400000,19114708.3388,12210172.1357,-975545049.7872
1778310000000,14848711.4124,14317685.5504,-975014023.9252
1778313600000,15817239.1934,15528508.6675,-974725293.3993
1778317200000,8591926.4212,14990113.4401,-981123480.4182
1778320800000,5040116.2242,10170401.299,-986253765.493
1778324400000,5859760.6966,10729066.8699,-991123071.6663
1778328000000,6366024.3713,9525587.279,-994282634.574
1778331600000,5347176.8778,9993393.1468,-998928850.843
1778335200000,12727250.916,18666175.0064,-1004867774.9334
1778338800000,23175936.8171,23702290.4245,-1005394128.5408
1778342400000,26445013.7547,28157767.3948,-1007106882.1809
1778346000000,42580483.2665,39085815.4652,-1003612214.3796
1778349600000,18232745.8361,23374749.468,-1008754218.0115
1778353200000,14421205.7357,16150620.6991,-1010483632.9749
1778356800000,4774757.8628,11928548.4752,-1017637423.5873
1778360400000,5741877.2363,14116641.0398,-1026012187.3908
1778364000000,7705892.3663,12510772.9376,-1030817067.9621
1778367600000,5942693.6836,13903618.8777,-1038777993.1562
1778371200000,9522629.6091,16353939.1564,-1045609302.7035
1778374800000,10818553.8695,20994268.3863,-1055785017.2203
1778378400000,8162553.6127,13247756.2409,-1060870219.8485
1778382000000,11991056.9808,15758386.6768,-1064637549.5445
1778385600000,7142044.5317,14825984.5213,-1072321489.5341
1778389200000,6802461.5403,12342759.2267,-1077861787.2205
1778392800000,12574148.5263,25553659.3914,-1090841298.0856
1778396400000,8043533.5663,13621430.2165,-1096419194.7358
1778400000000,11137670.9907,15093015.2719,-1100374539.017
1778403600000,8328287.3366,14461275.8089,-1106507527.4893
1778407200000,12096773.4098,22879504.7681,-1117290258.8476
1778410800000,11725415.9358,20431801.8953,-1125996644.8071
1778414400000,8941355.1671,12953134.0839,-1130008423.7239
1778418000000,16267901.4428,21684131.0382,-1135424653.3193
1778421600000,14360764.3076,23248349.7966,-1144312238.8083
1778425200000,52202900.3127,39299406.0115,-1131408744.5071
1778428800000,37384232.1917,26740826.2733,-1120765338.5887
1778432400000,271126342.6429,66640113.4108,-916279109.3566
1778436000000,19331158.2835,24740043.7406,-921687994.8137
1778439600000,23667458.8069,20805035.3338,-918825571.3406
1778443200000,48588370.7087,75547330.7315,-945784531.3634
1778446800000,26379302.5863,30023678.3726,-949428907.1497
1778450400000,72772183.1124,63806351.0514,-940463075.0887
1778454000000,48422833.5137,48707676.8627,-940747918.4377
1778457600000,32009543.6651,50848630.9622,-959587005.7348
1778461200000,19644610.1535,18346831.0313,-958289226.6126
1778464800000,14128646.6332,21811457.4642,-965972037.4436
1778468400000,36352913.7321,53407666.3742,-983026790.0857
1778472000000,17299687.851,18973984.7635,-984701086.9982
1778475600000,15720208.3796,16573967.8291,-985554846.4477
1778479200000,12965584.9518,19721845.134,-992311106.6299
1778482800000,7563478.2861,11656370.6826,-996403999.0264
1778486400000,14473139.8564,14978956.1873,-996909815.3573
1778490000000,8415127.9229,7286777.8748,-995781465.3092
1778493600000,8833032.4611,11173487.214,-998121920.0621
1778497200000,7314236.765,10578990.8982,-1001386674.1953
1778500800000,29232735.85,33300139.679,-1005454078.0243
1778504400000,50013409.0414,61619163.64,-1017059832.6229
1778508000000,54911889.1307,62760314.3127,-1024908257.8049
1778511600000,33336215.2664,33191666.2863,-1024763708.8248
1778515200000,34348262.9872,43269323.7469,-1033684769.5845
1778518800000,18336741.4291,20232514.5272,-1035580542.6826
1778522400000,17918516.3628,22157443.5239,-1039819469.8437
1778526000000,12447317.3723,14983323.5882,-1042355476.0596
1778529600000,13231830.8591,18481364.9838,-1047605010.1843
1778533200000,9729912.2534,9227203.1998,-1047102301.1307
1778536800000,11053796.1879,9474500.0785,-1045523005.0213
1778540400000,6610977.4823,6579599.0424,-1045491626.5814
1778544000000,10156210.033,9975435.917,-1045310852.4654
1778547600000,44837895.6894,58728175.96,-1059201132.736
1778551200000,16776843.3001,14784286.174,-1057208575.6099
1778554800000,8451685.1696,12328389.9031,-1061085280.3434
1778558400000,8901368.2995,11805078.5365,-1063988990.5804
1778562000000,8207618.962,14317408.6761,-1070098780.2945
1778565600000,12523659.7207,19222888.6944,-1076798009.2682
1778569200000,37483956.1829,54324411.0522,-1093638464.1375
1778572800000,45544855.46,48844237.1865,-1096937845.864
1778576400000,23770477.9045,20828221.4971,-1093995589.4566
1778580000000,17394078.9031,26389616.164,-1102991126.7175
1778583600000,22413006.3335,26798302.1798,-1107376422.5638
1778587200000,31298469.9249,34244933.9263,-1110322886.5652
1778590800000,43318112.2994,59984626.6445,-1126989400.9103
1778594400000,50759900.8466,53926680.8586,-1130156180.9223
1778598000000,44151193.4195,54625211.6726,-1140630199.1754
1778601600000,27519733.9761,30746885.9063,-1143857351.1056
1778605200000,20138140.5315,18287765.9404,-1142006976.5145
1778608800000,19661408.4984,18478868.9008,-1140824436.9169
1778612400000,25050263.7933,25218171.0052,-1140992344.1288
1778616000000,17782128.3933,24294546.5894,-1147504762.3249
1778619600000,16030931.7552,17209498.1489,-1148683328.7186
1778623200000,14256645.2642,16310742.7537,-1150737426.2081
1778626800000,8291650.6776,15930770.0574,-1158376545.5879
1778630400000,9953693.4127,10904692.168,-1159327544.3432
1778634000000,17731488.2841,15459668.4567,-1157055724.5158
1778637600000,14170575.4864,14268905.7088,-1157154054.7382
1778641200000,13662982.1475,12010356.0214,-1155501428.6121
1778644800000,12129728.6367,11086566.1463,-1154458266.1217
1778648400000,7456691.9987,15587696.3516,-1162589270.4746
1778652000000,9661537.0374,8211083.2887,-1161138816.7259
1778655600000,7703849.911,9116571.3898,-1162551538.2047
1778659200000,35036803.0738,28657827.7152,-1156172562.8461
1778662800000,32391268.8987,28424694.2816,-1152205988.229
1778666400000,15096896.8153,20572779.4986,-1157681870.9123
1778670000000,22525876.0022,18917091.6697,-1154073086.5798
1778673600000,40167137.0437,52832295.6723,-1166738245.2084
1778677200000,47208261.639,56698485.557,-1176228469.1264
1778680800000,45167507.5407,47000144.8243,-1178061106.41
1778684400000,51944360.2472,77672403.055,-1203789149.2178
1778688000000,42981046.4483,37965096.6301,-1198773199.3996
1778691600000,15880344.2316,19366982.151,-1202259837.319
1778695200000,21784599.9371,20372081.8885,-1200847319.2704
1778698800000,10005993.7181,15296276.0207,-1206137601.573
1778702400000,8340271.1885,7634067.3068,-1205431397.6913
1778706000000,5423623.0431,8845619.7785,-1208853394.4267
1778709600000,7591661.4349,9412235.7207,-1210673968.7125
1778713200000,6403153.1558,8450070.8451,-1212720886.4018
1778716800000,13852688.2942,11483323.9254,-1210351522.033
1778720400000,7688400.0765,11130045.8031,-1213793167.7596
1778724000000,16673451.1695,33722265.3893,-1230841981.9794
1778727600000,18813987.1122,27738763.9231,-1239766758.7903
1778731200000,13725696.6243,9896577.2113,-1235937639.3773
1778734800000,22228253.4436,15938439.1221,-1229647825.0558
1778738400000,17909206.1367,20634656.0001,-1232373274.9192
1778742000000,13715759.3874,11124870.6334,-1229782386.1652
1778745600000,17871923.9966,14975827.2399,-1226886289.4085
1778749200000,13314540.1191,14763889.8974,-1228335639.1868
1778752800000,13182737.6583,13300050.2324,-1228452951.7609
1778756400000,19209867.1889,11449526.2923,-1220692610.8643
1778760000000,14130327.5624,16419622.1156,-1222981905.4175
1778763600000,27971999.464,38980559.5716,-1233990465.5251
1778767200000,58186653.5384,50169987.1482,-1225973799.1349
1778770800000,51571565.0827,49007483.8052,-1223409717.8574
1778774400000,65245729.7366,56232344.7046,-1214396332.8254
1778778000000,41057449.3718,47553175.7528,-1220892059.2064
1778781600000,46913564.755,30789735.2095,-1204768229.6609
1778785200000,18560224.6958,26818525.1467,-1213026530.1118
1778788800000,14121214.9623,19218798.1312,-1218124113.2807
1778792400000,14364075.1237,11349250.8764,-1215109289.0334
1778796000000,10465922.9218,8801364.8581,-1213444730.9697
1778799600000,13480439.2386,23376962.2859,-1223341254.017
1778803200000,20104445.7965,18833558.7598,-1222070366.9803
1778806800000,16581991.7433,38533479.9115,-1244021855.1485
1778810400000,28774800.8669,50048725.0733,-1265295779.3549
1778814000000,11873061.6218,27895724.5581,-1281318442.2912
1778817600000,9029743.6075,13653172.9489,-1285941871.6326
1778821200000,42723823.1708,63421278.2512,-1306639326.713
1778824800000,20736105.4572,26062005.4663,-1311965226.7221
1778828400000,28137536.0015,20259489.2547,-1304087179.9753
1778832000000,20775996.3584,22254630.2267,-1305565813.8436
1778835600000,11447548.849,12259648.2529,-1306377913.2475
1778839200000,15900232.9284,14809882.2582,-1305287562.5773
1778842800000,11759476.5214,11792198.8626,-1305320284.9185
1778846400000,13470029.9047,15672689.1363,-1307522944.1501
1778850000000,79965976.9331,118761813.2078,-1346318780.4248
1778853600000,64045314.7081,70117491.4416,-1352390957.1583
1778857200000,25434453.7193,20545491.7751,-1347501995.2141
1778860800000,21413310.4287,21664941.5233,-1347753626.3087
1778864400000,17177486.0489,14681237.3532,-1345257377.613
1778868000000,17864020.2274,14780614.0176,-1342173971.4032
1778871600000,9072472.1929,12052185.5038,-1345153684.7141
1778875200000,10971220.4987,17019054.0891,-1351201518.3045
1778878800000,8579900.8184,12057215.7692,-1354678833.2553
1778882400000,7637758.9554,8411736.3767,-1355452810.6766
1778886000000,6982637.5443,5333505.2096,-1353803678.3419
1778889600000,8425897.4985,6038595.3428,-1351416376.1862
1778893200000,5675254.699,6671033.8342,-1352412155.3214
1778896800000,6054404.7377,4959165.6842,-1351316916.2679
1778900400000,4633059.2578,5162294.6053,-1351846151.6154
1778904000000,8926476.6292,10658565.0482,-1353578240.0344
1778907600000,4763304.2994,4545251.0567,-1353360186.7917
1778911200000,13685671.3727,18693866.3497,-1358368381.7687
1778914800000,77800300.971,80799191.4937,-1361367272.2914
1778918400000,11768189.1731,12740929.3228,-1362340012.4411
1778922000000,46273571.1857,68289693.407,-1384356134.6624
1778925600000,25776163.7539,36839183.1721,-1395419154.0806
1778929200000,21097964.1362,16931804.6174,-1391252994.5618
1778932800000,13010234.6166,11408816.9506,-1389651576.8958
1778936400000,12942153.0426,15221088.1093,-1391930511.9625
1778940000000,18152864.5048,17751104.3788,-1391528751.8365
1778943600000,11285715.0344,18862087.0672,-1399105123.8693
1778947200000,15275877.5072,28636606.9653,-1412465853.3274
1778950800000,6627421.5017,6194593.5411,-1412033025.3668
1778954400000,8971611.579,4449610.7457,-1407511024.5335
1778958000000,5302125.5483,4634787.9403,-1406843686.9255
1778961600000,5513929.3341,4772951.8771,-1406102709.4685
1778965200000,6385432.1157,6559906.9261,-1406277184.2789
1778968800000,3440744.4178,4172148.5408,-1407008588.4019
1778972400000,3946913.6282,4668523.0272,-1407730197.8009
1778976000000,13642740.6988,16961031.8693,-1411048488.9714
1778979600000,17753466.3867,21763035.6241,-1415058058.2088
1778983200000,7418838.8615,6433301.3848,-1414072520.7321
1778986800000,9361691.1145,6389636.1774,-1411100465.795
1778990400000,12498106.8506,9864523.9397,-1408466882.8841
1778994000000,11399206.6267,9039535.6381,-1406107211.8955
1778997600000,4945116.7516,7590183.5657,-1408752278.7096
1779001200000,5963469.4341,6517318.4481,-1409306127.7236
1779004800000,4860425.9766,4609500.2323,-1409055201.9793
1779008400000,6860913.4225,6510490.7838,-1408704779.3406
1779012000000,17042664.3655,11679721.1515,-1403341836.1266
1779015600000,8397814.9292,11903083.7315,-1406847104.9289
1779019200000,7490440.0336,9089568.6206,-1408446233.5159
1779022800000,7282170.313,10251503.5735,-1411415566.7764
1779026400000,12169754.1222,37005256.3162,-1436251068.9704
1779030000000,9963231.0335,30096755.8186,-1456384593.7555
1779033600000,8519905.7768,25969764.0087,-1473834451.9874
1779037200000,8899200.4375,9020026.6557,-1473955278.2056
1779040800000,6366130.7536,5307103.4198,-1472896250.8718
1779044400000,7225392.0815,5844627.3939,-1471515486.1842
1779048000000,16907178.6708,17559628.7839,-1472167936.2973
1779051600000,7212572.0512,5531798.6869,-1470487162.933
1779055200000,18109987.4816,23959706.3982,-1476336881.8496
1779058800000,146165532.5183,160236003.0805,-1490407352.4118
1779062400000,69211492.8702,84056807.9383,-1505252667.4799
1779066000000,26305283.6553,29409304.4138,-1508356688.2384
1779069600000,18883099.6129,19948937.2813,-1509422525.9068
1779073200000,16170942.1803,15892063.0025,-1509143646.729
1779076800000,11629954.938,15640743.622,-1513154435.413
1779080400000,10149649.1806,14203275.1589,-1517208061.3913
1779084000000,3209683.0042,2898352.5851,-1516896730.9722
1779087600000,24458100.8271,19009817.862,-1511448448.0071
1779091200000,17390483.7818,13946968.0595,-1508004932.2848
1779094800000,7629298.401,7988158.2768,-1508363792.1606
1779098400000,11097413.6639,14092457.5597,-1511358836.0564
1779102000000,36731704.6092,28448356.6755,-1503075488.1227
1779105600000,48649645.4902,51068453.642,-1505494296.2745
1779109200000,43410260.8411,53753941.1492,-1515837976.5826
1779112800000,61050102.562,67154053.6223,-1521941927.6429
1779116400000,52081356.0799,58976886.0957,-1528837457.6587
1779120000000,28218671.2708,36697425.4064,-1537316211.7943
1779123600000,18347023.1215,17875138.5303,-1536844327.2031
1779127200000,45725187.7184,53710493.967,-1544829633.4517
1779130800000,69039863.781,58282747.8244,-1534072517.4951
1779134400000,17879142.2319,21822971.5757,-1538016346.8389
1779138000000,29856664.9217,22489829.3789,-1530649511.2961
1779141600000,22031823.1985,24745735.5555,-1533363423.6531
1779145200000,10359313.5782,7961786.0927,-1530965896.1676
1779148800000,16331392.8461,12086133.9604,-1526720637.2819
1779152400000,14567824.6779,15747296.2298,-1527900108.8338
1779156000000,33692404.7597,35085500.1313,-1529293204.2054
1779159600000,38670942.4595,35233607.658,-1525855869.4039
1779163200000,13425046.0025,14286635.4231,-1526717458.8245
1779166800000,16186897.6617,14617453.5253,-1525148014.6881
1779170400000,15034685.0081,13197500.7963,-1523310830.4763
1779174000000,14963254.1774,12994301.7445,-1521341878.0434
1779177600000,14405911.5263,15608194.9808,-1522544161.4979
1779181200000,20397270.3767,30074269.2347,-1532221160.3559
1779184800000,15258068.5396,22976430.521,-1539939522.3373
1779188400000,11835890.2233,16030831.3985,-1544134463.5125
1779192000000,11037490.8699,11407827.8366,-1544504800.4792
1779195600000,31742611.8554,34678582.1037,-1547440770.7275
1779199200000,40702229.4977,60159203.3265,-1566897744.5563
1779202800000,17169386.8061,15679812.2509,-1565408170.0011
1779206400000,17112560.2694,13395213.2129,-1561690822.9446
1779210000000,16766727.2117,17952692.9899,-1562876788.7228
1779213600000,12853777.0739,13697623.9309,-1563720635.5798
1779217200000,11915003.6663,16319217.7115,-1568124849.625
1779220800000,4654565.8801,5967150.1046,-1569437433.8495
1779224400000,5923587.775,8564373.8361,-1572078219.9106
1779228000000,11171385.8259,16420392.3019,-1577327226.3866
1779231600000,11864801.8375,11823957.0165,-1577286381.5656
1779235200000,12895033.8664,13510795.9826,-1577902143.6818
1779238800000,21788623.9196,20448269.7428,-1576561789.505
1779242400000,22210534.486,24487282.9415,-1578838537.9605
1779246000000,7366808.4421,7451436.5805,-1578923166.0989
1779249600000,8141264.1764,12143041.2873,-1582924943.2098
1779253200000,32681229.1753,19780857.0508,-1570024571.0853
1779256800000,18998422.3539,20419167.2349,-1571445315.9663
1779260400000,10590263.3924,14530448.5675,-1575385501.1414
1779264000000,17597202.9744,15109383.5234,-1572897681.6904
1779267600000,8177426.403,8843618.87,-1573563874.1574
1779271200000,9564326.1319,7087162.9883,-1571086711.0138
1779274800000,7279433.4124,10568034.9817,-1574375312.5831
1779278400000,14622716.3424,13036380.8816,-1572788977.1223
1779282000000,22296790.5631,35679762.8801,-1586171949.4393
1779285600000,42178584.05,40561491.7366,-1584554857.1259
1779289200000,38547962.7258,41540109.204,-1587547003.6041
1779292800000,25115727.7742,26181991.885,-1588613267.7149
1779296400000,24074875.6445,23306782.1317,-1587845174.2021
1779300000000,9484816.6451,13463186.8929,-1591823544.4499
1779303600000,12315593.0174,10255186.4933,-1589763137.9258
1779307200000,10701387.9711,13642141.278,-1592703891.2327
1779310800000,5083899.3379,6916811.1883,-1594536803.0831
1779314400000,18770032.439,16852954.9885,-1592619725.6326
1779318000000,7593320.4023,6320408.162,-1591346813.3923
1779321600000,17857703.0213,12530257.9848,-1586019368.3558
1779325200000,28075984.9652,30587673.2991,-1588531056.6897
1779328800000,13440235.1496,10174382.4698,-1585265204.0099
1779332400000,7514020.058,6484717.8636,-1584235901.8155
1779336000000,8548831.3606,6419082.8087,-1582106153.2636
1779339600000,9585915.1746,16188118.1524,-1588708356.2414
1779343200000,17717759.4236,22832475.5548,-1593823072.3726
1779346800000,25997846.7139,22834274.4696,-1590659500.1283
1779350400000,24590754.0868,24555382.0022,-1590624128.0437
1779354000000,24493227.3291,34525404.9371,-1600656305.6517
1779357600000,50345096.7387,60848228.9006,-1611159437.8136
1779361200000,88369710.9209,85360497.2426,-1608150224.1353
1779364800000,25874633.9299,20551026.1227,-1602826616.3281
1779368400000,34454473.6991,36508075.2604,-1604880217.8894
1779372000000,26240474.0334,25941978.6365,-1604581722.4925
1779375600000,38386027.4805,33802166.9154,-1599997861.9274
1779379200000,19968932.0393,19019777.1738,-1599048707.0619
1779382800000,46851893.4159,49424143.7706,-1601620957.4166
1779386400000,20540750.236,33404760.9171,-1614484968.0977
1779390000000,21973433.0739,14100556.8202,-1606612091.844
1779393600000,9624377.8967,9750313.6758,-1606738027.6231
1779397200000,4234419.0144,5512918.3948,-1608016527.0035
1779400800000,5222394.5241,6723966.5095,-1609518098.9889
1779404400000,7502957.6253,7998326.4962,-1610013467.8598
1779408000000,6679413.1564,7306293.8732,-1610640348.5766
1779411600000,12212037.0284,10101157.8088,-1608529469.357
1779415200000,8518663.6995,9296114.3195,-1609306919.977
1779418800000,4890085.3335,3800730.5031,-1608217565.1466
1779422400000,3813616.4293,6049217.6089,-1610453166.3262
1779426000000,7336138.7634,12378728.1911,-1615495755.7539
1779429600000,11689964.9577,12588578.3983,-1616394369.1945
1779433200000,18708232.2515,12700094.554,-1610386231.497
1779436800000,22913865.2455,28002996.5647,-1615475362.8162
1779440400000,16197115.7122,10406143.0857,-1609684390.1897
1779444000000,7747799.733,9637349.3116,-1611573939.7683
1779447600000,15880927.4458,11499177.5642,-1607192189.8867
1779451200000,19418763.2325,18243945.5969,-1606017372.2511
1779454800000,28690179.0838,27221351.6204,-1604548544.7877
1779458400000,30078250.9828,28744270.2524,-1603214564.0573
1779462000000,14472090.792,14448871.7086,-1603191344.9739
1779465600000,9797077.6081,10269848.8276,-1603664116.1934
1779469200000,14722745.9806,18800278.3202,-1607741648.533
1779472800000,36010810.0505,55854872.2414,-1627585710.7239
1779476400000,70241351.4425,83329411.0687,-1640673770.3501
1779480000000,26210073.6331,25829295.5063,-1640292992.2233
1779483600000,10715499.8957,11163741.1313,-1640741233.4589
1779487200000,13994112.6968,19673160.9661,-1646420281.7282
1779490800000,19628049.7644,28268423.8851,-1655060655.8489
1779494400000,31810098.5839,37919540.2205,-1661170097.4855
1779498000000,11490335.2356,10478392.7575,-1660158155.0074
1779501600000,8529812.5479,8043486.0566,-1659671828.5161
1779505200000,6461432.0906,5725276.9429,-1658935673.3684
1779508800000,3848942.9468,5084696.8882,-1660171427.3098
1779512400000,11262714.8096,11620552.9624,-1660529265.4626
1779516000000,9612961.3773,7158530.3311,-1658074834.4164
1779519600000,114731880.7919,135870074.7166,-1679213028.3411
1779523200000,35148562.5635,32787048.9878,-1676851514.7654
1779526800000,14425214.6822,10469527.0316,-1672895827.1148
1779530400000,9236782.2174,6039818.0313,-1669698862.9287
1779534000000,16952177.3137,6762029.8957,-1659508715.5107
1779537600000,14483949.061,6135089.7447,-1651159856.1944
1779541200000,39986332.9756,25041925.2306,-1636215448.4494
1779544800000,35514736.8045,25364762.4327,-1626065474.0776
1779548400000,25210503.3271,27329384.0212,-1628184354.7717
1779552000000,13631926.2056,19898337.8461,-1634450766.4122
1779555600000,11541242.3149,12033810.4721,-1634943334.5694
1779559200000,34048092.8231,44183490.6676,-1645078732.4139
1779562800000,22745885.3063,21833057.1275,-1644165904.2351
1779566400000,139213903.988,118917469.8874,-1623869470.1345
1779570000000,55583366.7395,60778948.7267,-1629065052.1217
1779573600000,19512788.3378,18320963.0073,-1627873226.7912
1779577200000,12874754.7306,8254520.0117,-1623252992.0723
1779580800000,10302945.8802,10205893.0255,-1623155939.2176
1779584400000,15361551.6705,12249413.5505,-1620043801.0976
1779588000000,15089025.2791,12084589.3273,-1617039365.1458
1779591600000,10435887.5646,12255502.191,-1618858979.7722
1779595200000,5550436.0475,5789430.4183,-1619097974.143
1779598800000,11190770.9212,14500198.2774,-1622407401.4992
1779602400000,18337204.8712,16018306.7566,-1620088503.3846
1779606000000,7800499.0611,15181282.4335,-1627469286.757
1779609600000,6952462.5294,9335582.5386,-1629852406.7662
1779613200000,9729830.1483,8035508.4867,-1628158085.1046
1779616800000,15503318.2356,16659672.5324,-1629314439.4014
1779620400000,8883805.381,8817403.8483,-1629248037.8687
1779624000000,13001852.446,10937014.0984,-1627183199.5211
1779627600000,23928051.7662,23453402.1166,-1626708549.8715
1779631200000,49046958.2806,67496365.1547,-1645157956.7456
1779634800000,9047996.3048,8737452.8258,-1644847413.2666
1779638400000,14953218.3478,12458973.8615,-1642353168.7803
1779642000000,5589527.6097,6436656.8244,-1643200297.995
1779645600000,4505899.1702,6530606.254,-1645225005.0788
1779649200000,5829208.534,4938625.8014,-1644334422.3462
1779652800000,7868464.6348,15795267.7267,-1652261225.4381
1779656400000,27711867.799,38244801.8272,-1662794159.4663
1779660000000,27707108.2482,25918046.6086,-1661005097.8267
1779663600000,15547324.2775,14380146.9209,-1659837920.4701
1779667200000,11864928.2108,10747950.4789,-1658720942.7382
1779670800000,6468144.5241,9880832.9627,-1662133631.1768
1779674400000,16375486.8345,16928302.725,-1662686447.0673
1779678000000,6952330.7972,10735549.9209,-1666469666.191
1779681600000,13010888.9832,12556705.3526,-1666015482.5604
1779685200000,15330310.6259,12144436.8043,-1662829608.7388
1779688800000,43472349.3807,29295160.8796,-1648652420.2377
1779692400000,32468250.1566,24631754.3903,-1640815924.4714
1779696000000,9967452.3481,8618963.4882,-1639467435.6115
1779699600000,15180078.0008,14582986.939,-1638870344.5497
1779703200000,7323173.5716,6558204.9672,-1638105375.9453
1779706800000,16110672.0152,8966911.67,-1630961615.6001
1779710400000,14880248.0028,11013548.4695,-1627094916.0668
1779714000000,7123886.6304,7727184.276,-1627698213.7124
1779717600000,22956187.565,19468725.3199,-1624210751.4673
1779721200000,24030490.656,20468236.2564,-1620648497.0677
1779724800000,21847610.6683,14482088.9223,-1613282975.3217
1779728400000,10777298.6269,16052320.5043,-1618557997.1991
1779732000000,7269551.0964,6905834.9935,-1618194281.0962
1779735600000,10650459.6377,14323339.6143,-1621867161.0728
1779739200000,13595486.0228,16773314.2839,-1625044989.3339
1779742800000,9999198.627,8724408.5707,-1623770199.2776
1779746400000,12680601.7152,16116682.1265,-1627206279.6889
1779750000000,6586905.273,5998162.4824,-1626617536.8983
1779753600000,23843293.7947,31634094.9861,-1634408338.0897
1779757200000,15278189.4611,17794739.4959,-1636924888.1245
1779760800000,12905145.959,20276543.7871,-1644296285.9526
1779764400000,9305221.7407,10572443.5372,-1645563507.7491
1779768000000,6987710.73,8884889.6915,-1647460686.7106
1779771600000,9713422.4919,12430159.3266,-1650177423.5453
1779775200000,8017568.5759,10656652.0513,-1652816507.0207
1779778800000,18973818.0381,18483609.2756,-1652326298.2582
1779782400000,9113761.06,6100099.6044,-1649312636.8026
1779786000000,9414755.3202,9830346.1066,-1649728227.589
1779789600000,46772632.9428,48256626.553,-1651212221.1992
1779793200000,20967832.5775,25002225.5702,-1655246614.1919
1779796800000,24280688.925,25363276.2431,-1656329201.51
1779800400000,25916596.4081,30901966.5793,-1661314571.6812
1779804000000,55246517.9729,68448592.8318,-1674516646.5401
1779807600000,53120871.1658,65292198.6847,-1686687974.059
1779811200000,41281853.6052,55887474.8801,-1701293595.3339
1779814800000,46346920.0357,53766520.7762,-1708713196.0744
1779818400000,19742094.1081,23313988.1196,-1712285090.0859
1779822000000,11639040.1319,12753849.3765,-1713399899.3305
1779825600000,7976100.9342,8840954.2306,-1714264752.6269
1779829200000,8165180.4117,10442977.0849,-1716542549.3001
1779832800000,11158071.4877,11732013.6997,-1717116491.5121
1779836400000,12876682.5006,9223478.332,-1713463287.3435
1779840000000,12729466.009,11618434.1592,-1712352255.4937
1779843600000,8706270.057,11565503.9859,-1715211489.4226
1779847200000,8410344.6519,9450366.617,-1716251511.3877
1779850800000,9264937.7553,11185561.5872,-1718172135.2196
1779854400000,15514854.6114,21732232.9614,-1724389513.5696
1779858000000,12498367.6397,11371527.5052,-1723262673.4351
1779861600000,9416450.8895,9347610.3601,-1723193832.9057
1779865200000,13228006.1826,8818887.4152,-1718784714.1383
1779868800000,27660869.8784,23565175.6871,-1714689019.947
1779872400000,12231469.7788,15238569.3774,-1717696119.5456
1779876000000,11062244.7038,12667996.7412,-1719301871.583
1779879600000,10767408.9957,11456440.0932,-1719990902.6805
1779883200000,26953057.9639,29742567.4275,-1722780412.1441
1779886800000,44051897.0377,62877855.6015,-1741606370.7079
1779890400000,25461003.8016,30633884.5321,-1746779251.4384
1779894000000,29896526.3448,27779946.6589,-1744662671.7525
1779897600000,14379870.0483,19516099.1085,-1749798900.8127
1779901200000,28431547.6694,38007695.0558,-1759375048.1991
1779904800000,16808991.6999,16216751.3091,-1758782807.8083
1779908400000,13065843.5222,11099835.2316,-1756816799.5177
1779912000000,12874065.6426,11073070.4348,-1755015804.3099
1779915600000,41294334.2387,60207552.523,-1773929022.5942
1779919200000,33147584.7591,35854700.8803,-1776636138.7154
1779922800000,22957831.3513,25295440.9655,-1778973748.3296
1779926400000,10591758.7078,16298800.9156,-1784680790.5374
1779930000000,19973521.6079,22112984.6019,-1786820253.5314
1779933600000,10667623.4814,12649708.5987,-1788802338.6487
1779937200000,107704328.1102,140366458.4392,-1821464468.9777
1779940800000,48153571.6268,59715708.0756,-1833026605.4265
1779944400000,22871213.8207,25697274.9534,-1835852666.5592
1779948000000,26624575.7665,20193494.3265,-1829421585.1192
1779951600000,43330444.5135,22059367.535,-1808150508.1407
1779955200000,19213508.7577,18265132.3728,-1807202131.7558
1779958800000,13248592.8768,11867160.0536,-1805820698.9326
1779962400000,15455959.3482,12505263.6142,-1802870003.1986
1779966000000,10436331.4952,14763952.6146,-1807197624.318
1779969600000,14789073.031,19072589.7344,-1811481141.0214
1779973200000,31329975.7401,39109853.8173,-1819261019.0986
1779976800000,69137581.1879,71827133.6326,-1821950571.5433
1779980400000,23254541.3116,22961766.3341,-1821657796.5658
1779984000000,40718413.5087,30754715.6109,-1811694098.668
1779987600000,34712775.4806,35882305.313,-1812863628.5004
1779991200000,23010164.8755,21421725.1403,-1811275188.7652
1779994800000,11181094.9578,18286550.7924,-1818380644.5998
1779998400000,16306290.6604,17499340.6052,-1819573694.5446
1780002000000,16162952.2568,15845088.3193,-1819255830.6071
1780005600000,9765185.5218,12885500.1202,-1822376145.2055
1780009200000,7913770.9173,10093527.4895,-1824555901.7777
1780012800000,10973714.4349,10409931.7418,-1823992119.0846
1780016400000,10124377.8582,9250748.9998,-1823118490.2262
1780020000000,15845078.7706,18879576.3304,-1826152987.786
1780023600000,8136245.0547,7387045.4137,-1825403788.145
1780027200000,9725281.5538,9382196.0665,-1825060702.6577
1780030800000,12668679.6856,10063024.9642,-1822455047.9363
1780034400000,11572736.004,11199116.9471,-1822081428.8794
1780038000000,36587620.356,21527274.8545,-1807021083.3779
1780041600000,17917412.207,20283424.3506,-1809387095.5215
1780045200000,11882206.4002,9579343.5672,-1807084232.6885
1780048800000,7592722.5031,11024342.6616,-1810515852.847
1780052400000,9831597.75,14416225.6469,-1815100480.7439
1780056000000,14627426.7875,19903788.2599,-1820376842.2163
1780059600000,23385636.3597,25877262.397,-1822868468.2536
1780063200000,43559462.0802,51464827.329,-1830773833.5024
1780066800000,99407631.0479,89935757.8614,-1821301960.3159
1780070400000,46302836.7768,33382187.7517,-1808381311.2908
1780074000000,26327357.2078,26151950.551,-1808205904.634
1780077600000,27378975.5264,40620572.0141,-1821447501.1217
1780081200000,16193828.9879,14073994.5213,-1819327666.6551
1780084800000,10390102.7942,10605594.6055,-1819543158.4664
1780088400000,10839613.1408,15626576.862,-1824330122.1876
1780092000000,12291406.3566,10561677.6138,-1822600393.4448
1780095600000,10409232.7735,17344260.6106,-1829535421.2819
1780099200000,5430816.5386,6566258.6416,-1830670863.3849
1780102800000,8457444.2915,8945282.8969,-1831158701.9903
1780106400000,4183367.9658,3837445.6716,-1830812779.6961
1780110000000,7087534.6829,10400076.9541,-1834125321.9673
1780113600000,12189826.2428,18150603.8645,-1840086099.589
1780117200000,15276582.4174,9721768.8885,-1834531286.0601
1780120800000,10426009.9799,6533202.1114,-1830638478.1916
1780124400000,4945655.9299,4671053.3304,-1830363875.5921
1780128000000,1955831.9002,2976512.9497,-1831384556.6416
1780131600000,3109202.0142,2520409.3107,-1830795763.9381
1780135200000,9436967.6142,7195699.2905,-1828554495.6144
1780138800000,2782171.1354,4799481.8217,-1830571806.3007
1780142400000,5397503.9056,3140370.1606,-1828314672.5557
1780146000000,5848318.5527,5435902.1237,-1827902256.1267
1780149600000,22438934.5401,12841974.8529,-1818305296.4395
1780153200000,11449382.0424,13043086.7847,-1819899001.1818
1780156800000,5861278.0346,5697492.3929,-1819735215.5401
1780160400000,8984719.4314,9908397.2934,-1820658893.4021
1780164000000,7831482.2263,5924586.9234,-1818751998.0992
1780167600000,6242533.2149,4867734.9862,-1817377199.8705
1780171200000,4779197.8921,8837160.2669,-1821435162.2453
1780174800000,5861283.049,5112945.7069,-1820686824.9032
1780178400000,5821339.9422,7434888.3059,-1822300373.2669
1780182000000,4335222.1366,4391130.9355,-1822356282.0658
1780185600000,4559390.6404,4938869.7155,-1822735761.1409
1780189200000,11622149.1716,7367521.5628,-1818481133.5321
1780192800000,19132758.6008,14433781.9084,-1813782156.8397
1780196400000,6882690.9298,5162024.4769,-1812061490.3868
1780200000000,3097925.901,3753716.4626,-1812717280.9484
1780203600000,5295862.5304,4396781.0361,-1811818199.4541
1780207200000,5414928.8465,4828722.8047,-1811231993.4123
1780210800000,6339399.9203,7850440.92,-1812743034.412
1780214400000,14224870.8257,7594015.9198,-1806112179.5061
1780218000000,9680725.7445,11064616.3108,-1807496070.0724
1780221600000,13210424.1899,12462498.0029,-1806748143.8854
1780225200000,5801680.9799,3460671.7733,-1804407134.6788
1780228800000,6156452.8758,5652613.1144,-1803903294.9174
1780232400000,6992961.9977,5504135.1867,-1802414468.1064
1780236000000,24207325.8997,33640661.5047,-1811847803.7114
1780239600000,17774410.5483,16912432.9772,-1810985826.1403
1780243200000,14621320.6135,29659079.8719,-1826023585.3987
1780246800000,12548895.1191,19064368.1623,-1832539058.4419
1780250400000,5506660.8063,15321372.876,-1842353770.5116
1780254000000,7721981.3026,17549063.2229,-1852180852.4319
1780257600000,8630036.0217,13179965.0064,-1856730781.4166
1780261200000,14486936.4323,20354869.5718,-1862598714.5561
1780264800000,11235912.0841,19399796.7275,-1870762599.1995
1780268400000,19163306.6787,24818374.3532,-1876417666.874
1780272000000,33537327.5353,55316366.2764,-1898196705.6151
1780275600000,17001680.3264,26578609.4307,-1907773634.7194
1780279200000,21428831.2774,26631658.9172,-1912976462.3592
1780282800000,12909129.0881,23148816.7788,-1923216150.0499
1780286400000,18358550.2283,18378162.2119,-1923235762.0335
1780290000000,15423455.7236,14417602.1453,-1922229908.4552
1780293600000,26987857.6889,25269294.396,-1920511345.1623
1780297200000,30886500.5295,30233271.8801,-1919858116.5129
1780300800000,43278651.1084,34612641.4911,-1911192106.8956
1780304400000,17616585.839,16709385.1185,-1910284906.1751
1780308000000,15131887.7448,13772573.8279,-1908925592.2582
1780311600000,11386213.1905,16127825.8808,-1913667204.9485
1780315200000,40180009.9796,43270261.723,-1916757456.6919
1780318800000,71526393.334,78559599.0332,-1923790662.3911
1780322400000,41245390.1993,42122142.9935,-1924667415.1853
1780326000000,35339882.2423,34058260.3752,-1923385793.3182
1780329600000,40693533.1087,33891232.3023,-1916583492.5118
1780333200000,47567570.5175,34826316.4827,-1903842238.477
1780336800000,22611057.9859,17056913.0399,-1898288093.531
1780340400000,31405653.77,21194177.248,-1888076617.009
1780344000000,13115779.8346,11943278.7335,-1886904115.9079
1780347600000,23342375.8453,29367966.9006,-1892929706.9632
1780351200000,25921772.7142,19834787.088,-1886842721.337
1780354800000,21825444.4838,17215004.4921,-1882232281.3453
1780358400000,10425346.3513,13076654.2956,-1884883589.2896
1780362000000,19126806.2862,20037234.1465,-1885794017.1499
1780365600000,38871851.541,33523543.5981,-1880445709.207
1780369200000,19022256.7774,15718688.6888,-1877142141.1184
1780372800000,13936300.9191,16003168.7397,-1879209008.939
1780376400000,23864817.8954,31947017.717,-1887291208.7606
1780380000000,23908820.5128,23904477.7467,-1887286865.9945
1780383600000,26261665.074,21537479.9053,-1882562680.8258
1780387200000,23094515.291,19116079.2109,-1878584244.7457
1780390800000,26503024.9519,32601467.013,-1884682686.8068
1780394400000,33943843.8034,33346816.9439,-1884085659.9473
1780398000000,16983555.352,13977012.6246,-1881079117.2199
1780401600000,17771609.7863,32391888.0525,-1895699395.4861
1780405200000,33429696.3068,41052216.0072,-1903321915.1865
1780408800000,115110440.5919,132808985.9854,-1921020460.58
1780412400000,160839732.4853,170709175.9111,-1930889904.0058
1780416000000,78327648.1828,60963696.6805,-1913525952.5035
1780419600000,24953088.9074,20646737.6202,-1909219601.2163
1780423200000,24278975.9369,28497656.6607,-1913438281.9401
1780426800000,62600047.3628,75525875.0729,-1926364109.6502
1780430400000,43925194.7191,43192646.0252,-1925631560.9563
1780434000000,21656411.5677,26228210.023,-1930203359.4116
1780437600000,94770705.8638,107848786.9442,-1943281440.492
1780441200000,110155389.3699,136404206.6838,-1969530257.8059
1780444800000,45843372.4876,44661182.0076,-1968348067.3259
1780448400000,27724192.0769,40282209.7471,-1980906084.9961
1780452000000,37830355.109,31876459.8052,-1974952189.6923
1780455600000,81316315.4662,102052414.0005,-1995688288.2266
1780459200000,51083935.3727,36007363.7474,-1980611716.6013
1780462800000,61337304.0492,47621310.2488,-1966895722.8009
1780466400000,38631352.1173,34397070.7512,-1962661441.4348
1780470000000,28747172.1281,22941976.6569,-1956856245.9636
1780473600000,28237921.2465,22317739.0015,-1950936063.7186
1780477200000,32648615.5483,31805138.4758,-1950092586.6461
1780480800000,24785757.1974,24903441.4743,-1950210270.923
1780484400000,17882094.9314,19301021.6253,-1951629197.6169
1780488000000,27485136.3991,28129854.8881,-1952273916.1059
1780491600000,32515253.0792,37809447.885,-1957568110.9117
1780495200000,32590310.7704,39366390.8081,-1964344190.9494
1780498800000,52164813.225,51934763.3527,-1964114141.0771
1780502400000,67261794.07,75276459.8575,-1972128806.8646
1780506000000,35341598.6792,28129574.5938,-1964916782.7792
1780509600000,17113580.4795,18431324.4571,-1966234526.7568
1780513200000,50710647.6632,79076564.4962,-1994600443.5898
1780516800000,71536302.7726,89004313.3267,-2012068454.1439
1780520400000,78417446.8358,59364308.8909,-1993015316.199
1780524000000,44885469.4361,49248613.2672,-1997378460.0301
1780527600000,32627302.4204,35239037.6583,-1999990195.268
1780531200000,63906884.2094,69061795.168,-2005145106.2266
1780534800000,67675623.4928,88352725.6762,-2025822208.41
1780538400000,130115633.35,157160757.7648,-2052867332.8248
1780542000000,77933569.8807,57886668.3809,-2032820431.325
1780545600000,32398021.4705,34165630.9926,-2034588040.8471
1780549200000,57360613.4045,59477531.8395,-2036704959.2821
1780552800000,34803656.3456,33854432.7193,-2035755735.6558
1780556400000,39842719.4258,41263786.2842,-2037176802.5142
1780560000000,44496189.3725,48729429.1203,-2041410042.262
1780563600000,66769269.4071,71574499.7539,-2046215272.6088
1780567200000,70373980.5108,90812464.063,-2066653756.161
1780570800000,48568543.6842,58326766.4547,-2076411978.9315
1780574400000,75195305.4723,59758786.8468,-2060975460.306
1780578000000,63521177.2319,63861790.5855,-2061316073.6596
1780581600000,44505190.3437,48794758.9316,-2065605642.2475
1780585200000,40652848.8351,38553431.7956,-2063506225.208
1780588800000,27776230.1233,30580547.5914,-2066310542.6761
1780592400000,35712349.1422,38175510.5549,-2068773704.0888
1780596000000,36964622.5841,30074370.7146,-2061883452.2193
1780599600000,27240469.1797,24556276.4239,-2059199259.4635
1780603200000,18877529.5273,22492293.141,-2062814023.0772
1780606800000,26227196.4656,27852427.3006,-2064439253.9122
1780610400000,36847726.3471,36461953.2572,-2064053480.8223
1780614000000,22662441.0744,21588558.1491,-2062979597.897
1780617600000,24618714.2219,29534574.4989,-2067895458.174
1780621200000,42801293.9175,51077812.6888,-2076171976.9453
1780624800000,58736463.4703,61362225.3426,-2078797738.8176
1780628400000,49801768.3968,51171070.146,-2080167040.5668
1780632000000,51043596.972,60205599.7062,-2089329043.301
1780635600000,122301686.5747,157219997.8459,-2124247354.5722
1780639200000,235338550.7355,228420814.0093,-2117329617.846
1780642800000,140794225.0218,119063749.5619,-2095599142.3861
1780646400000,53718354.1717,56463093.2306,-2098343881.445
1780650000000,60547558.4002,47896904.1566,-2085693227.2014
1780653600000,35726333.9317,41691958.0046,-2091658851.2743
1780657200000,42732260.4685,45949170.4354,-2094875761.2412
1780660800000,76309749.2993,79858161.4141,-2098424173.356
1780664400000,115175347.093,131331335.4161,-2114580161.6791
1780668000000,271302545.782,297771592.3982,-2141049208.2953
1780671600000,141796103.822,152026322.5985,-2151279427.0718
1780675200000,180226354.6313,178420228.5732,-2149473301.0137
1780678800000,59686968.3487,63156874.4712,-2152943207.1362
1780682400000,104642557.1603,106506746.0068,-2154807395.9827
1780686000000,108880710.2849,102288884.6047,-2148215570.3025
1780689600000,93750571.9968,78438970.551,-2132903968.8567
1780693200000,65611356.6744,60551060.8514,-2127843673.0337
1780696800000,49300271.2196,51409540.0125,-2129952941.8266
1780700400000,52008961.6507,56556466.2201,-2134500446.396
1780704000000,25355218.1822,25846249.8402,-2134991478.054
1780707600000,17665150.6446,20759906.2768,-2138086233.6862
1780711200000,27244964.5703,29032581.1747,-2139873850.2906
1780714800000,27292681.3664,33563304.828,-2146144473.7522
1780718400000,92240093.5722,112531791.2887,-2166436171.4687
1780722000000,93894091.5692,95536701.5117,-2168078781.4112
1780725600000,54462600.4097,70758363.8335,-2184374544.835
1780729200000,42842725.0217,39342848.0405,-2180874667.8538
1780732800000,34281943.0444,31201898.89,-2177794623.6994
1780736400000,26228967.9406,32035381.2259,-2183601036.9847
1780740000000,59471059.4135,70473746.8992,-2194603724.4704
1780743600000,34600087.2397,25545128.3415,-2185548765.5722
1780747200000,40631610.4065,31662521.6211,-2176579676.7868
1780750800000,31572041.7948,39163670.3102,-2184171305.3022
1780754400000,26120441.4166,34259715.9236,-2192310579.8092
1780758000000,33159396.8094,31043337.521,-2190194520.5208
1780761600000,25455432.2954,20720994.0177,-2185460082.2431
1780765200000,30360669.3804,35688217.6678,-2190787630.5305
1780768800000,27359634.7168,27262366.0929,-2190690361.9066
1780772400000,13941644.7359,12048262.3702,-2188796979.5409
1780776000000,13597978.0006,18876244.5702,-2194075246.1105
1780779600000,12620710.8298,11280675.7083,-2192735210.989
1780783200000,16236833.8537,13969930.2897,-2190468307.425
1780786800000,19752204.3564,15525621.5287,-2186241724.5973
1780790400000,12511747.7519,13044358.8546,-2186774335.7
1780794000000,43993932.1902,34076618.8013,-2176857022.3111
1780797600000,21013725.1285,18218219.2969,-2174061516.4795
1780801200000,21182493.9278,17078092.3808,-2169957114.9325
1780804800000,16681867.1266,16190313.3331,-2169465561.139
1780808400000,32958938.2571,26823563.0034,-2163330185.8853
1780812000000,52110357.1218,53664303.5274,-2164884132.2909
1780815600000,34564011.8639,26173731.1534,-2156493851.5804
1780819200000,63157548.5254,42700469.2597,-2136036772.3147
1780822800000,40266067.7144,36872575.3415,-2132643279.9418
1780826400000,25883230.9266,30369408.9726,-2137129457.9878
1780830000000,24275322.81,23271611.4764,-2136125746.6542
1780833600000,43117267.2843,46984661.2424,-2139993140.6123
1780837200000,16424136.3048,17444537.5453,-2141013541.8528
1780840800000,28434234.1611,32615442.1563,-2145194749.848
1780844400000,19171347.971,19680444.2595,-2145703846.1365
1780848000000,17635216.6221,19236021.7707,-2147304651.2851
1780851600000,23455002.6703,21206262.9767,-2145055911.5915
1780855200000,8605248.0264,9535525.6574,-2145986189.2225
1780858800000,41460950.1575,43261676.1762,-2147786915.2412
1780862400000,16859888.5963,14987846.1239,-2145914872.7688
1780866000000,12027457.1053,8814035.3738,-2142701451.0373
1780869600000,118764291.697,116695913.7948,-2140633073.1351
1780873200000,35838140.2609,30102594.4802,-2134897527.3544
1780876800000,49769210.1408,46401825.5705,-2131530142.7841
1780880400000,43864911.6902,46681352.0163,-2134346583.1102
1780884000000,25993499.1754,25939081.5551,-2134292165.4899
1780887600000,19173580.4889,22802663.8007,-2137921248.8017
1780891200000,28420539.351,43175066.8814,-2152675776.3321
1780894800000,29059141.7215,36290521.2337,-2159907155.8443
1780898400000,27556597.9463,20569733.8312,-2152920291.7292
1780902000000,38520175.4034,30042647.89,-2144442764.2158
1780905600000,22328927.3347,31477507.324,-2153591344.2051
1780909200000,292945.2907,161280.5227,-2153459679.4371
1780912800000,19945528.278,23216387.0864,-2156730538.2455
1780916400000,50344647.6303,43230365.9194,-2149616256.5346
1780920000000,61126589.8026,54006860.1018,-2142496526.8338
1780923600000,51262721.6016,31954427.4912,-2123188232.7234
1780927200000,55994099.8526,41977561.2277,-2109171694.0985
1780930800000,46853633.7974,44592777.5796,-2106910837.8807
1780934400000,32796504.0252,37089038.2414,-2111203372.0969
1780938000000,31750549.845,28930272.3896,-2108383094.6415
1780941600000,18352326.955,17698704.0731,-2107729471.7596
1780945200000,30391305.484,31079210.8001,-2108417377.0757
1780948800000,19706336.9657,17252025.0137,-2105963065.1237
1780952400000,36772632.5457,25556626.5353,-2094747059.1133
1780956000000,19152909.0571,19552301.8432,-2095146451.8994
1780959600000,21971553.572,25724670.7014,-2098899569.0288
1780963200000,45436437.7716,61055682.1475,-2114518813.4047
1780966800000,7770188.763,7915480.3956,-2114664105.0373
1780970400000,17574059.6862,28795551.0339,-2125885596.385
1780974000000,14451218.2874,15009697.0324,-2126444075.13
1780977600000,42054710.8953,29475602.2941,-2113864966.5288
1780981200000,18856221.2209,16516078.5061,-2111524823.814
1780984800000,19931619.4225,19712239.592,-2111305443.9835
1780988400000,20634546.49,34507618.2532,-2125178515.7467
1780992000000,27683966.2651,39718376.3804,-2137212925.862
1780995600000,18756346.1472,24658087.7228,-2143114667.4376
1780999200000,16740559.2716,13670942.4544,-2140045050.6204
1781002800000,13063594.4566,14694267.3304,-2141675723.4942
1781006400000,29732819.9257,26139518.7584,-2138082422.3269
1781010000000,34262991.2472,47441674.3749,-2151261105.4546
1781013600000,73880573.5018,91852510.0006,-2169233041.9534
1781017200000,36475576.8037,42012897.9483,-2174770363.098
1781020800000,54396709.151,59539183.1168,-2179912837.0638
1781024400000,31388744.3694,29299782.5367,-2177823875.2311
1781028000000,19877500.0119,17924583.0815,-2175870958.3007
1781031600000,20861760.9917,20996494.7493,-2176005692.0583
1781035200000,15055173.499,11089291.8207,-2172039810.38
1781038800000,9550805.6608,12381772.7981,-2174870777.5173
1781042400000,9232342.3002,12037807.667,-2177676242.8841
1781046000000,12851398.6113,16732048.7985,-2181556893.0713
1781049600000,16623402.8984,15132756.5852,-2180066246.7581
1781053200000,14793626.3406,14791222.3905,-2180063842.808
1781056800000,15786719.9924,20104583.9984,-2184381706.814
1781060400000,10208485.7751,8216120.6921,-2182389341.731
1781064000000,8262742.0828,9640709.3537,-2183767309.0019
1781067600000,15480242.8724,17409526.7068,-2185696592.8363
1781071200000,13761911.2365,10158725.4929,-2182093407.0927
1781074800000,15917818.1246,12477689.6683,-2178653278.6364
1781078400000,22979922.2595,29532658.1276,-2185206014.5045
1781082000000,22903860.804,23532485.3057,-2185834639.0062
1781085600000,13066293.8503,11471707.3556,-2184240052.5115
1781089200000,28229761.0451,31782374.1859,-2187792665.6523
1781092800000,43348118.4575,37239236.4536,-2181683783.6484
1781096400000,46042834.5325,36493858.5615,-2172134807.6774
1781100000000,32976301.8028,31113181.0555,-2170271686.9301
1781103600000,41100750.4323,44088680.2403,-2173259616.7381
1781107200000,28474178.5761,31449472.0952,-2176234910.2572
1781110800000,32896315.023,34788265.773,-2178126861.0072
1781114400000,19393448.6479,19230083.458,-2177963495.8173
1781118000000,16047823.7008,16253025.6025,-2178168697.719
1781121600000,15640634.2518,15003917.9056,-2177531981.3728
1781125200000,22763642.0482,34524286.1173,-2189292625.4419
1781128800000,24293250.6194,24395264.4795,-2189394639.302
1781132400000,18912825.8295,18418231.7706,-2188900045.2431
1781136000000,17527901.6055,13424403.8675,-2184796547.5051
1781139600000,18479504.8526,13391242.1388,-2179708284.7913
1781143200000,21842049.4315,20780417.1608,-2178646652.5206
1781146800000,29778089.7541,22337537.8138,-2171206100.5803
1781150400000,12008689.8157,13970404.8323,-2173167815.5969
1781154000000,11521217.1934,13927885.5762,-2175574483.9797
1781157600000,28111124.3922,28002944.5893,-2175466304.1768
1781161200000,11146078.1076,11011738.0348,-2175331964.104
1781164800000,14162515.8396,14285249.9114,-2175454698.1758
1781168400000,10630674.4466,11122736.9309,-2175946760.6601
1781172000000,11682855.1787,11141319.4263,-2175405224.9077
1781175600000,24507792.804,18617449.277,-2169514881.3807
1781179200000,40842145.5421,40004497.8842,-2168677233.7228
1781182800000,21806913.2296,21484879.4176,-2168355199.9108
1781186400000,27562027.5347,24479669.478,-2165272841.8541
1781190000000,20846766.272,19583574.5427,-2164009650.1248
1781193600000,14781951.9222,14531226.1435,-2163758924.3461
1781197200000,81223133.1207,83820546.4908,-2166356337.7162
1781200800000,40683169.6407,30805651.8534,-2156478819.9289
1781204400000,25765817.1714,25797591.3528,-2156510594.1103
1781208000000,20445089.2386,20724660.2284,-2156790165.1001
1781211600000,14330149.7232,10583133.2461,-2153043148.623
1781215200000,15735914.6663,10934682.7722,-2148241916.7289
1781218800000,14169440.5647,12580988.1579,-2146653464.3221
