btc_option_vs_futures_radio,eth_option_vs_futures_radio,timestamp
45.1,21.92,1592956800000
45.15,23.16,1593043200000
47.27,23.65,1593129600000
34.86,17.86,1593216000000
33.49,18.56,1593302400000
34.97,19.67,1593388800000
36.32,20.72,1593475200000
28.34,20.87,1593561600000
29.5,20.33,1593648000000
29.72,21.55,1593734400000
28.05,21.06,1593820800000
28.83,20.69,1593907200000
28.81,21.12,1593993600000
29.65,19.48,1594080000000
30.47,20.13,1594166400000
30.29,18.77,1594252800000
31.55,20.33,1594339200000
31.55,20.06,1594425600000
31.29,19.96,1594512000000
32.15,20.7,1594598400000
31.73,21.23,1594684800000
32.18,21.85,1594771200000
32.78,21.69,1594857600000
33.08,21.57,1594944000000
32.63,21.93,1595030400000
33.22,21.71,1595116800000
33.18,21.77,1595203200000
34.33,23.02,1595289600000
32.86,21.57,1595376000000
33.45,22.94,1595462400000
33.5,23.39,1595548800000
30.11,21.69,1595635200000
28.69,22.36,1595721600000
34.2,25.6,1595808000000
37.68,27.56,1595894400000
37.94,27.97,1595980800000
38.85,27.45,1596067200000
40.47,27.07,1596153600000
31.18,23.06,1596240000000
31.68,24.21,1596326400000
33.85,27.63,1596412800000
34.48,27.98,1596499200000
32.04,27.19,1596585600000
33.99,27.03,1596672000000
34.15,27.09,1596758400000
31.89,26.33,1596844800000
33.16,26.93,1596931200000
32.66,26.47,1597017600000
33.46,26.51,1597104000000
33.81,26.77,1597190400000
35.94,28.42,1597276800000
36.3,27.45,1597363200000
33.94,26.46,1597449600000
33.54,26.47,1597536000000
34.01,28.41,1597622400000
34.49,29.01,1597708800000
35.15,29.33,1597795200000
36.49,31.69,1597881600000
38.06,33.49,1597968000000
35.19,32.19,1598054400000
36.65,33.93,1598140800000
36.89,33.65,1598227200000
37.67,34.14,1598313600000
37.59,35.16,1598400000000
40.23,36.76,1598486400000
40.74,36.59,1598572800000
31.86,29.36,1598659200000
31.3,28.93,1598745600000
31.97,29.92,1598832000000
33.3,30.45,1598918400000
32.3,32.16,1599004800000
34.96,37.5,1599091200000
38.42,41.53,1599177600000
40.17,43.14,1599264000000
39.95,42.94,1599350400000
40.22,48.01,1599436800000
41.54,49.18,1599523200000
41.11,48.11,1599609600000
42.18,48.21,1599696000000
43.42,48.39,1599782400000
40.5,45.44,1599868800000
40.8,44.35,1599955200000
41.59,44.45,1600041600000
43.3,45.96,1600128000000
45.7,46.14,1600214400000
46.16,47.19,1600300800000
47.13,45.24,1600387200000
45.05,43.77,1600473600000
46,43.97,1600560000000
46.73,42.93,1600646400000
47.75,42.42,1600732800000
49.28,43.99,1600819200000
49.04,43.34,1600905600000
49.04,43.34,1600992000000
40.28,39.81,1601078400000
38.44,38.03,1601164800000
38.92,38.32,1601251200000
40.33,38.51,1601337600000
39.46,38.62,1601424000000
41.55,38.98,1601510400000
42.25,40.4,1601596800000
39.7,37.88,1601683200000
39.71,37.46,1601769600000
40.06,37.63,1601856000000
40.32,39.04,1601942400000
40.74,38.25,1602028800000
42.67,38.58,1602115200000
43.6,38.96,1602201600000
40.39,38.27,1602288000000
41.97,38.72,1602374400000
42.34,38.14,1602460800000
45.07,38.45,1602547200000
46,40.27,1602633600000
47.45,40.36,1602720000000
47.83,41.18,1602806400000
45.08,41.74,1602892800000
45.92,41.85,1602979200000
46.65,41.81,1603065600000
46.28,41.35,1603152000000
45.17,42.9,1603238400000
47.1,41.37,1603324800000
47.07,41.56,1603411200000
43.76,39.52,1603497600000
42.69,38.79,1603584000000
43.57,39.11,1603670400000
44.62,40.55,1603756800000
45.71,42.58,1603843200000
48.3,42.78,1603929600000
48.95,43.95,1604016000000
46.23,41.56,1604102400000
45.91,41.84,1604188800000
46.42,40.94,1604275200000
49.36,42.32,1604361600000
47.88,44.25,1604448000000
50.01,42.55,1604534400000
56.88,42.85,1604620800000
51.02,39.53,1604707200000
52.14,40.44,1604793600000
52.43,40.19,1604880000000
53.86,40.53,1604966400000
55.41,40.77,1605052800000
56.03,40.13,1605139200000
57.49,40.98,1605225600000
53.43,35.9,1605312000000
54.19,36.47,1605398400000
54.05,36.41,1605484800000
56.42,38.54,1605571200000
62.37,38.86,1605657600000
64.38,43.99,1605744000000
63.78,45.24,1605830400000
60.75,40.14,1605916800000
60.9,41.98,1606003200000
60.14,43.51,1606089600000
60.08,45.47,1606176000000
64.63,48.11,1606262400000
64.23,51.11,1606348800000
73.44,57.73,1606435200000
58.12,47.18,1606521600000
60.18,48.71,1606608000000
61.54,52.17,1606694400000
64.52,53.63,1606780800000
60.06,49.3,1606867200000
67,53.73,1606953600000
65.02,50.32,1607040000000
57.13,46.5,1607126400000
58.99,50.27,1607212800000
60.44,51.54,1607299200000
60.03,50.53,1607385600000
57.65,48.51,1607472000000
60.88,51.61,1607558400000
61.99,53.16,1607644800000
55.78,48.63,1607731200000
60.59,51.7,1607817600000
60.01,50.26,1607904000000
61.34,50.8,1607990400000
61.51,51.32,1608076800000
65.84,49.58,1608163200000
72.36,48.72,1608249600000
61.51,46.34,1608336000000
62.85,45.86,1608422400000
65.15,48.15,1608508800000
68.59,50.66,1608595200000
69.71,54.13,1608681600000
72.09,55.72,1608768000000
77.88,62.4,1608854400000
52.56,38.3,1608940800000
54.75,39.91,1609027200000
59.67,38.17,1609113600000
59.24,37.17,1609200000000
59.77,39.49,1609286400000
62.88,40.98,1609372800000
65.64,41.8,1609459200000
57.97,37.22,1609545600000
64.19,37.36,1609632000000
69.51,43.6,1609718400000
70.73,44.98,1609804800000
75.21,49.58,1609891200000
75.4,45.32,1609977600000
80.17,47.7,1610064000000
71.95,45.34,1610150400000
70.7,46.72,1610236800000
68.65,45.06,1610323200000
66.05,49.62,1610409600000
68.12,54.4,1610496000000
71.81,55.28,1610582400000
74.74,53.46,1610668800000
65.24,47.69,1610755200000
70.31,48.53,1610841600000
70.07,49.14,1610928000000
71.15,48.4,1611014400000
73,45.05,1611100800000
72.65,46.1,1611187200000
75.62,55.04,1611273600000
72.97,54.15,1611360000000
73.99,52.02,1611446400000
73.74,47.29,1611532800000
79.78,51.6,1611619200000
74.87,49.77,1611705600000
75.28,55.54,1611792000000
76.75,54.01,1611878400000
57.65,43.84,1611964800000
53.52,44.37,1612051200000
52.94,44.46,1612137600000
54.98,43.31,1612224000000
53.65,36.01,1612310400000
56.17,36.56,1612396800000
56.25,38.83,1612483200000
49.19,36.65,1612569600000
51.3,38.33,1612656000000
49.82,40.29,1612742400000
52.03,42.53,1612828800000
56.15,41.83,1612915200000
54.45,42.42,1613001600000
57.89,43.74,1613088000000
53.46,37.97,1613174400000
54.01,40.24,1613260800000
53.14,40.32,1613347200000
54.79,42.05,1613433600000
55.95,41.94,1613520000000
56.8,41.51,1613606400000
57.68,41.08,1613692800000
59.22,40.48,1613779200000
62.47,41.85,1613865600000
61.9,43.44,1613952000000
66.35,46.57,1614038400000
68.15,51.93,1614124800000
69.98,52.26,1614211200000
69.22,52.07,1614297600000
55.54,42.73,1614384000000
56.54,45.7,1614470400000
57.44,46.54,1614556800000
61.44,49.36,1614643200000
60.77,48.79,1614729600000
63.15,49.78,1614816000000
66.07,51.49,1614902400000
62.03,50.34,1614988800000
62.91,53.42,1615075200000
62.21,52.25,1615161600000
62.58,52.19,1615248000000
60.44,50.95,1615334400000
59.77,48.6,1615420800000
62.95,52.13,1615507200000
57.23,47.34,1615593600000
57.91,49.43,1615680000000
56.28,47.06,1615766400000
59.33,48.7,1615852800000
63.89,50.92,1615939200000
67.11,51.96,1616025600000
62.38,47.94,1616112000000
61.26,47.59,1616198400000
59.91,45.71,1616284800000
61.55,47.31,1616371200000
59.51,45.85,1616457600000
62.73,48.99,1616544000000
62.31,47.81,1616630400000
68.46,53.29,1616716800000
49.7,38.33,1616803200000
50.1,38.9,1616889600000
50.09,38.56,1616976000000
50.02,39.74,1617062400000
47.31,39.86,1617148800000
48.13,41.51,1617235200000
49.17,40.13,1617321600000
43.67,37.52,1617408000000
43.07,35.81,1617494400000
45.26,37.44,1617580800000
46.31,37.25,1617667200000
46.49,37.38,1617753600000
46.85,38.56,1617840000000
50.44,40.98,1617926400000
45.97,38.15,1618012800000
46.44,37.58,1618099200000
46.68,38.54,1618185600000
46.95,37.85,1618272000000
46.92,38.87,1618358400000
49.68,40.55,1618444800000
50.85,42.65,1618531200000
47.54,41.43,1618617600000
47.77,40.6,1618704000000
52.4,44.69,1618790400000
55.58,45.39,1618876800000
58.54,44.77,1618963200000
63.51,49.77,1619049600000
65.56,54.95,1619136000000
56.76,49.98,1619222400000
58.04,49.04,1619308800000
58.19,49.54,1619395200000
62.99,50.72,1619481600000
64.04,49.62,1619568000000
65.81,49.87,1619654400000
66.15,54.28,1619740800000
48.69,42.89,1619827200000
50.51,45.45,1619913600000
50.28,47.22,1620000000000
52.89,50.25,1620086400000
51.3,55.98,1620172800000
54.6,52.84,1620259200000
55.11,58.51,1620345600000
52.11,55.44,1620432000000
52,53.26,1620518400000
52.49,56.92,1620604800000
53.65,62.53,1620691200000
51.62,60.3,1620777600000
52.82,64.76,1620950400000
51.66,63.77,1621036800000
49.54,61.47,1621123200000
47.06,58.12,1621209600000
46.7,58.66,1621296000000
47.24,60.59,1621382400000
57.41,59.95,1621468800000
63.69,71.86,1621555200000
56.5,65.42,1621641600000
58.42,63.3,1621728000000
58.73,65.74,1621814400000
63.81,72.59,1621900800000
63.81,74.96,1621987200000
63.52,76.01,1622073600000
65.41,72.92,1622160000000
48.06,55.9,1622246400000
48.73,57.1,1622332800000
50.08,58.47,1622419200000
51.28,61.47,1622505600000
52.72,62.85,1622592000000
51.48,58.14,1622678400000
55.17,63.45,1622764800000
49.39,59.17,1622851200000
49.25,58.2,1622937600000
49.59,59.09,1623024000000
47.4,55.26,1623110400000
50.28,59.59,1623196800000
52.08,59.91,1623283200000
53.77,59.16,1623369600000
49.61,54.39,1623456000000
50.52,55.68,1623542400000
54,59.71,1623628800000
51.52,59.13,1623715200000
51.78,58.69,1623801600000
50.97,57.03,1623888000000
50.51,56.23,1623974400000
47.64,54.4,1624060800000
47.17,54.1,1624147200000
49.85,59.06,1624233600000
48.95,55.9,1624320000000
52.29,58.99,1624406400000
54.4,63.47,1624492800000
54.36,65.64,1624579200000
34.47,38.13,1624665600000
32.85,36.68,1624752000000
36.2,39.56,1624838400000
40.06,44.73,1624924800000
38.78,47.22,1625011200000
39.26,43.59,1625097600000
40.42,46.82,1625184000000
37.47,43.13,1625270400000
38.14,42.89,1625356800000
39.31,45.74,1625443200000
38.89,46.25,1625529600000
39.56,46.4,1625616000000
40.35,46,1625702400000
39.24,46.23,1625788800000
36.88,43.73,1625875200000
37.83,43.59,1625961600000
37.31,43.54,1626048000000
37.37,42.05,1626134400000
37.73,41.89,1626220800000
37.99,42.09,1626307200000
36.35,41.12,1626393600000
35.54,40.72,1626480000000
34.98,39.69,1626566400000
34.84,40.73,1626652800000
33.67,39.19,1626739200000
35.81,42.8,1626825600000
37.91,45.85,1626912000000
39.51,47.69,1626998400000
35.68,43.69,1627084800000
37.03,44.86,1627171200000
36.57,45.03,1627257600000
46.62,52.94,1627344000000
46.24,51.44,1627430400000
48.3,52.74,1627516800000
49.33,51.19,1627603200000
39.69,40.93,1627689600000
40.18,42.59,1627776000000
41.74,44.61,1627862400000
43.41,45.07,1627948800000
41.68,45.88,1628035200000
43.6,47.52,1628121600000
46.77,50.58,1628208000000
42.42,47.47,1628294400000
42.74,49.22,1628380800000
44.08,49.82,1628467200000
44.82,49.58,1628553600000
45.36,51.73,1628640000000
45.43,51.84,1628726400000
46.17,53.43,1628812800000
45.4,49.66,1628899200000
45.44,48.64,1628985600000
46.73,50.64,1629072000000
45.84,50.23,1629158400000
46.46,50.73,1629244800000
48.15,52.96,1629331200000
50.25,54.46,1629417600000
48.49,51.85,1629504000000
48.62,51.49,1629590400000
49.7,52.89,1629676800000
49.68,52.03,1629763200000
48.72,51.07,1629849600000
51.66,54.2,1629936000000
52.54,54.5,1630022400000
47.02,46.54,1630108800000
46.97,47.56,1630195200000
48.05,48.41,1630281600000
47.97,49.11,1630368000000
47.37,47.88,1630454400000
49.02,49.73,1630627200000
47.61,48.84,1630713600000
48.82,48.03,1630800000000
47.36,47.12,1630886400000
48.01,46.89,1630972800000
57.2,56.08,1631059200000
58.3,58.23,1631145600000
59.54,59.01,1631232000000
54.77,54.09,1631318400000
55.93,55.92,1631404800000
57.08,57.73,1631491200000
57.21,58.14,1631577600000
58.7,59.06,1631664000000
58.37,60.15,1631750400000
60.12,61.2,1631836800000
56.77,58.77,1631923200000
57.17,59.5,1632009600000
56.49,58.16,1632096000000
57.11,57.48,1632182400000
58.95,59.72,1632268800000
60.94,63.79,1632355200000
63.02,66.42,1632441600000
45.42,47.65,1632528000000
45.57,48.7,1632614400000
47.39,50.16,1632700800000
47.71,50.96,1632787200000
45.6,49.31,1632873600000
46.61,49.71,1632960000000
49.17,52.46,1633046400000
47.92,50.98,1633132800000
47.4,49.71,1633219200000
47.96,49.21,1633305600000
48.84,48.95,1633392000000
48.97,49.35,1633478400000
53.19,50.02,1633564800000
52.22,50.43,1633651200000
50.95,47.17,1633737600000
50.91,47.07,1633824000000
50.69,47.27,1633910400000
50.9,48.46,1633996800000
51.85,49.1,1634083200000
53.19,48.62,1634169600000
54.65,47.56,1634256000000
55.2,45.47,1634342400000
54.4,47.46,1634428800000
56.15,48.46,1634515200000
57.74,48.83,1634601600000
57.44,49.57,1634688000000
56.64,50.12,1634774400000
55.23,50.4,1634860800000
50.34,47.77,1634947200000
52.3,49.91,1635033600000
51.99,50.42,1635120000000
52.6,50.09,1635206400000
51.39,50.36,1635292800000
54.36,52.13,1635379200000
58.38,55.55,1635465600000
47.82,46.09,1635552000000
48.22,46.62,1635638400000
46.96,46.81,1635724800000
48.26,49.13,1635897600000
50.15,50.18,1635984000000
50.5,51.73,1636070400000
48.31,49.19,1636156800000
48.97,51.05,1636243200000
49.9,51.58,1636416000000
50.21,52.31,1636502400000
50.7,51.69,1636588800000
54.57,54.39,1636675200000
52.38,52.67,1636761600000
52.59,53.83,1636848000000
52.33,52.67,1636934400000
50.79,52.96,1637020800000
52.33,55.51,1637107200000
52.79,58.37,1637193600000
52.28,58.89,1637280000000
50.75,58.28,1637366400000
51.98,58.78,1637452800000
51.88,58.87,1637539200000
51.65,59.44,1637625600000
53.75,60.94,1637798400000
54.44,61.07,1637884800000
42.92,54.05,1637971200000
45.03,54.98,1638057600000
48.38,59.89,1638144000000
49.07,59.55,1638230400000
48.45,57.88,1638316800000
48.91,57.71,1638403200000
50.8,60.01,1638489600000
46.49,54.89,1638576000000
59.69,66.75,1638662400000
61.86,71.38,1638748800000
63.56,73.69,1638835200000
60.89,70.25,1638921600000
63.44,73.06,1639008000000
61.11,70.01,1639094400000
57.88,64.49,1639180800000
60.31,68.91,1639267200000
58.89,69.94,1639353600000
57.44,67.21,1639440000000
60.54,69.89,1639526400000
62.83,74.77,1639612800000
60.67,69.96,1639699200000
56.95,64.92,1639785600000
58.31,65.15,1639872000000
58.03,66.85,1639958400000
57.86,67.06,1640044800000
56.97,65.7,1640131200000
57.64,67.37,1640217600000
57.64,67.37,1640304000000
57.64,63.45,1640390400000
57.32,63.66,1640476800000
58.19,64.1,1640563200000
58.72,64.8,1640649600000
58.81,64.85,1640736000000
59.64,66.88,1640822400000
62.12,73.72,1640908800000
34.73,45.31,1640995200000
36.22,46.07,1641081600000
36.44,46.85,1641168000000
35.74,48.39,1641254400000
34.94,49.05,1641340800000
37.23,50.27,1641427200000
37.15,51.35,1641513600000
34.74,52.12,1641600000000
35.45,52.58,1641686400000
35.95,54.1,1641772800000
37.58,55.54,1641859200000
39.54,57.32,1641945600000
41.25,60.41,1642032000000
41.75,61.95,1642118400000
39.57,58.19,1642204800000
40.04,59.1,1642377600000
39.65,58.65,1642464000000
41.26,59.57,1642550400000
41.12,59,1642636800000
42.22,59.71,1642723200000
44.52,61.02,1642809600000
45.39,63.05,1642896000000
45.59,63.14,1642982400000
48.64,65.84,1643068800000
49.67,65.83,1643155200000
51.61,69.74,1643241600000
53.07,71.78,1643328000000
40.16,60.36,1643414400000
40.79,61.67,1643500800000
41.07,62.04,1643587200000
40.46,63.26,1643673600000
40.58,63.97,1643760000000
41.38,65.81,1643846400000
41.37,66.96,1643932800000
40.44,63.19,1644019200000
40.58,64.26,1644105600000
40.12,64.5,1644192000000
42.02,67.16,1644278400000
44.7,70.04,1644364800000
46.02,71.2,1644451200000
47.12,73.19,1644537600000
44.66,71.03,1644624000000
44.26,72.6,1644710400000
43.8,72.05,1644796800000
44.36,73.33,1644883200000
44.91,73.61,1644969600000
45.72,75.47,1645056000000
45.22,74.01,1645142400000
43.71,69.19,1645228800000
44.5,69.76,1645315200000
44.34,69.44,1645401600000
44.47,70.41,1645488000000
45.15,71.35,1645574400000
45.37,70.99,1645660800000
49.37,76.51,1645747200000
39.94,66.1,1645833600000
40.69,64.87,1645920000000
41.43,65.14,1646006400000
45.6,68.61,1646092800000
45.54,68.24,1646179200000
45.84,69.9,1646265600000
46.2,69.35,1646352000000
43.37,66.51,1646438400000
43.36,67.07,1646524800000
43.5,65.57,1646611200000
44.96,67.96,1646697600000
46.54,70.31,1646784000000
48.24,73.48,1646870400000
49.26,73.92,1646956800000
45.48,69.14,1647043200000
44.99,69.18,1647129600000
43.82,67.94,1647216000000
47.32,71.07,1647302400000
47.58,72.26,1647388800000
49.5,73.85,1647475200000
51.33,76.49,1647561600000
47.02,67.91,1647648000000
46.54,69.34,1647734400000
46.83,71.99,1647820800000
47.3,71.31,1647907200000
48.44,71.75,1647993600000
49.18,73.94,1648080000000
48.49,73.73,1648166400000
35.13,53.24,1648252800000
35.99,53.87,1648339200000
37.28,54.11,1648425600000
39.56,57.87,1648512000000
36.7,58.72,1648598400000
39.88,61.14,1648684800000
41.35,62.18,1648771200000
39.97,59.1,1648857600000
39.51,59.03,1648944000000
39.01,57.72,1649030400000
39.81,59.01,1649116800000
39.92,58.85,1649203200000
39.65,60.39,1649289600000
37.44,63.92,1649376000000
37.02,59.59,1649462400000
37.16,60.09,1649548800000
37.1,60.33,1649635200000
38.98,61.55,1649721600000
39.94,63.59,1649808000000
41.66,65.04,1649894400000
42.39,64.88,1649980800000
41.2,61.04,1650067200000
40.88,61.91,1650153600000
40.07,61.94,1650240000000
43.42,65.76,1650326400000
43.87,66.32,1650412800000
45.28,67.45,1650499200000
45.88,67.26,1650585600000
43.01,64.55,1650672000000
43.08,63.96,1650758400000
43.79,63.72,1650844800000
46.14,68.84,1650931200000
44.74,68,1651017600000
46.79,70.49,1651104000000
48.89,75.46,1651190400000
38.53,59.94,1651276800000
38.63,59.42,1651363200000
40.08,62.66,1651449600000
40.28,64.89,1651536000000
37.8,63.04,1651622400000
40.85,67.81,1651708800000
40.16,67.46,1651795200000
39.15,65.35,1651881600000
38.94,64.93,1651968000000
39.76,64.51,1652054400000
40.82,68.9,1652140800000
44.99,74.38,1652227200000
44.45,68.75,1652313600000
48.56,71.14,1652400000000
47.36,69.54,1652486400000
49.09,67.67,1652572800000
50.6,70.43,1652659200000
51.11,71.66,1652745600000
52.32,75.32,1652832000000
51.2,73.36,1652918400000
49.05,71.8,1653004800000
47.52,71.52,1653091200000
50.57,74.36,1653177600000
49.63,71.97,1653264000000
50.13,73.25,1653350400000
51.52,74.3,1653436800000
52.52,74.74,1653523200000
54.27,74.65,1653609600000
44.05,59.37,1653696000000
44.89,60.43,1653782400000
43.61,60.11,1653868800000
46.68,69.02,1653955200000
47.18,71.9,1654041600000
47.15,70.36,1654128000000
49.16,71.15,1654214400000
45.17,63.86,1654300800000
45.49,66.07,1654387200000
45.39,66.19,1654473600000
45.03,70.94,1654560000000
48.22,70.27,1654646400000
50.48,74.92,1654732800000
50.13,76.46,1654819200000
44.72,63.46,1654905600000
44.37,61.11,1654992000000
43.75,61.05,1655078400000
47,63.74,1655164800000
48.35,70.55,1655251200000
53.77,75.06,1655337600000
53.04,73.15,1655424000000
49.78,70.03,1655510400000
51.27,65.17,1655596800000
53.94,72.03,1655683200000
55.73,75.24,1655769600000
55.94,76.27,1655856000000
55.73,73.49,1655942400000
58.52,75.53,1656028800000
43.64,57.8,1656115200000
42.93,57.76,1656201600000
43.64,58.24,1656288000000
43.9,58.85,1656374400000
41.53,57.62,1656460800000
42.58,58.28,1656547200000
44.22,60.84,1656633600000
39.83,57.95,1656720000000
39.62,56.64,1656806400000
40.07,55.56,1656892800000
39.81,57.56,1656979200000
40.77,59.8,1657065600000
41.46,59.93,1657152000000
40.42,60.94,1657238400000
39.01,62,1657324800000
39.63,61.29,1657411200000
39.67,59.92,1657497600000
39.83,60.17,1657584000000
40.31,61.78,1657670400000
41.71,63.15,1657756800000
41.52,64.04,1657843200000
39.46,59.62,1657929600000
40.04,64.13,1658016000000
39.74,66.13,1658102400000
42.51,74.64,1658188800000
42.52,79.98,1658275200000
43.81,83.95,1658361600000
46.64,85.91,1658448000000
44.12,82.8,1658534400000
44.33,84.35,1658620800000
44.34,80.44,1658707200000
45.51,84.73,1658793600000
45.85,85.91,1658880000000
44.49,83.63,1658966400000
46.65,92.89,1659052800000
35.66,77.99,1659139200000
35.83,81.8,1659225600000
36.45,80.43,1659312000000
37.9,85.18,1659398400000
37.25,92.27,1659484800000
37.08,93.57,1659571200000
37.81,91.81,1659657600000
37.27,88.38,1659744000000
36.57,85.18,1659830400000
36.63,85.9,1659916800000
36.39,86.38,1660003200000
36.79,87.73,1660089600000
39.43,87.6,1660176000000
39.89,88.49,1660262400000
38.01,86.33,1660348800000
37.49,85.79,1660435200000
38,89.39,1660521600000
39.11,90.28,1660608000000
39.3,91.17,1660694400000
38.63,91.98,1660780800000
38.82,91.9,1660867200000
34.48,94.82,1660953600000
34.77,93.7,1661040000000
35.66,96.55,1661126400000
36.03,91.57,1661212800000
39.5,95.37,1661299200000
40.37,95.13,1661385600000
41.73,93.99,1661472000000
35.19,83.71,1661558400000
34.24,83.02,1661644800000
34.17,80.09,1661731200000
35.41,82.23,1661817600000
34.57,86.28,1661904000000
37.03,89.9,1661990400000
37.35,89.62,1662076800000
36.07,86.21,1662163200000
34.69,84.76,1662249600000
34.84,85,1662336000000
35.08,88.15,1662422400000
35.31,90.26,1662508800000
37.53,92.95,1662595200000
38.08,90.72,1662681600000
34.43,86.25,1662768000000
37.26,86.25,1662854400000
36.96,86.52,1662940800000
39.48,89.08,1663027200000
42.95,94.09,1663113600000
43.69,95.77,1663200000000
44.12,94.78,1663286400000
40.69,88.65,1663372800000
40.42,89.31,1663459200000
39.98,84.78,1663545600000
42.64,93.41,1663632000000
42.14,90.89,1663718400000
43.75,91.04,1663804800000
45.34,95.26,1663891200000
43.28,92.31,1663977600000
42.52,89.94,1664064000000
43.09,90.1,1664150400000
44.61,91.2,1664236800000
46.6,92.77,1664323200000
48.97,94.63,1664409600000
50.93,98.03,1664496000000
38.81,73.57,1664582400000
38.82,70.74,1664668800000
39.13,68.21,1664755200000
39.95,71.85,1664841600000
36.45,70.09,1664928000000
37.64,74.43,1665014400000
38.05,74.85,1665100800000
35.14,72.75,1665187200000
34.89,72.22,1665273600000
34.72,72.35,1665360000000
34.73,68.38,1665446400000
34.69,68.82,1665532800000
35.75,71.82,1665619200000
37.64,76.01,1665705600000
37.13,74.01,1665792000000
36.81,73.64,1665878400000
37.51,75.02,1665964800000
37.43,72.88,1666051200000
38.85,75.47,1666137600000
38.71,72.27,1666224000000
39.5,72.52,1666310400000
38.22,73.84,1666396800000
38.7,72,1666483200000
38.87,69.73,1666569600000
40.86,74.85,1666656000000
41.24,76.64,1666742400000
43.55,81.63,1666828800000
46.43,85.82,1666915200000
41,78.24,1667001600000
41.66,81.4,1667088000000
42.71,83.17,1667174400000
45.28,85.95,1667260800000
43.73,86.66,1667347200000
44.27,89.46,1667433600000
44.64,91,1667520000000
38.51,81.04,1667606400000
37.63,82.06,1667692800000
39.02,84.31,1667779200000
40.7,90.5,1667865600000
50.22,96.58,1668038400000
56.92,112.7,1668124800000
52.83,109.65,1668211200000
54.81,117.97,1668297600000
55.31,115.99,1668384000000
57.81,126.13,1668470400000
57.5,125.74,1668556800000
58.44,117.45,1668643200000
58.38,116.35,1668729600000
53.58,108.72,1668816000000
54,110.63,1668902400000
53.33,103.67,1668988800000
53.89,103.69,1669075200000
55.45,105.75,1669161600000
57.53,107.12,1669248000000
58.34,106.73,1669334400000
48.64,88.96,1669420800000
48.76,88.4,1669507200000
48.56,89.71,1669593600000
49.41,90.13,1669680000000
48.17,84.28,1669766400000
49.74,87.27,1669852800000
50.05,85.56,1669939200000
48.63,80.71,1670025600000
49.1,86.47,1670112000000
48.49,90.55,1670198400000
48.8,94.19,1670284800000
51.37,93.38,1670371200000
51.95,88.76,1670457600000
53.41,90.59,1670544000000
52.97,91.85,1670630400000
52.79,91.37,1670716800000
53.12,93.34,1670803200000
54.29,93.11,1670889600000
54.87,93.6,1670976000000
55.76,95.57,1671062400000
55.53,92.16,1671148800000
55.18,92.21,1671235200000
55.5,93.13,1671321600000
56.56,100.14,1671408000000
56.56,93.55,1671494400000
58.54,96.71,1671580800000
59,98.25,1671667200000
58.89,102.07,1671753600000
56.95,97.17,1671840000000
57.51,97.17,1671926400000
57.81,98.51,1672012800000
58.24,98.9,1672099200000
56.91,94.05,1672185600000
56.29,91.55,1672272000000
56.99,94.77,1672358400000
35.59,52.62,1672444800000
36.7,54.36,1672531200000
36.63,53.92,1672617600000
36.82,55.02,1672704000000
38.29,57.08,1672790400000
35.85,56.28,1672876800000
38.11,60.14,1672963200000
37.24,55.47,1673049600000
39.04,57.96,1673136000000
39.1,56.69,1673222400000
40.64,58.25,1673308800000
39.99,56.02,1673395200000
42.59,61.54,1673481600000
46.38,65.34,1673568000000
47.9,66.79,1673654400000
54.68,80.54,1673740800000
55.1,79.25,1673827200000
57.48,80.33,1673913600000
57.94,79.46,1674000000000
59.85,79.91,1674086400000
61.73,80.98,1674172800000
61.31,82.06,1674259200000
63.62,81.8,1674345600000
63.97,82.36,1674432000000
66.17,84.46,1674518400000
67.03,85.73,1674604800000
71.81,90.75,1674691200000
76.06,94.43,1674777600000
64.3,83.86,1674864000000
64.2,83.39,1674950400000
63.46,84.65,1675036800000
66.78,86.15,1675123200000
64.67,89.49,1675209600000
69.57,89.5,1675296000000
70.92,92.42,1675382400000
63.91,86.07,1675468800000
63.38,83.63,1675555200000
62.55,85.49,1675641600000
63.34,87.48,1675728000000
65.01,89.24,1675814400000
64.66,90.27,1675900800000
67.69,90.54,1675987200000
63.33,84.61,1676073600000
64.08,86.63,1676160000000
65.1,86.59,1676246400000
67.09,88.72,1676332800000
68.48,94.32,1676419200000
70.37,99.3,1676505600000
66.14,107.07,1676592000000
72.8,104.34,1676678400000
71.39,102.61,1676764800000
71.24,102.3,1676851200000
71.91,101.99,1676937600000
73.19,101.86,1677024000000
74.67,102.82,1677110400000
76.55,105.37,1677196800000
65.3,93.14,1677283200000
64.71,94.49,1677369600000
66.25,97.87,1677456000000
68.42,100.96,1677542400000
64.91,99.2,1677628800000
68.65,101.26,1677715200000
68.05,100.76,1677801600000
68.82,100.65,1677888000000
70.49,99.69,1677974400000
62.7,100.11,1678060800000
71.45,101.54,1678147200000
73.76,103.55,1678233600000
67.53,100.94,1678320000000
80.1,110.52,1678406400000
76.74,110.7,1678492800000
80.21,112.65,1678579200000
75.52,118.75,1678665600000
96.86,132.49,1678752000000
92.64,135.4,1678838400000
108.94,137.3,1678924800000
113.8,141.82,1679011200000
95.37,128.93,1679097600000
106.36,132.28,1679184000000
92.61,129.14,1679270400000
111.95,134.95,1679356800000
115.21,135.09,1679443200000
107.05,133.3,1679529600000
126.16,139.14,1679616000000
120.22,136.37,1679702400000
121.7,135.87,1679788800000
119.74,140.2,1679875200000
120.24,136.28,1679961600000
121.22,140.66,1680048000000
120.99,139.61,1680134400000
128.41,149.4,1680220800000
80.55,84.09,1680307200000
80.67,85.73,1680393600000
80.91,87.98,1680480000000
87.34,93.62,1680566400000
87.62,83.1,1680652800000
89.04,86.39,1680739200000
89.96,91.44,1680825600000
80.96,85.2,1680912000000
81.14,84.8,1680998400000
81.45,89.02,1681084800000
81.75,91.97,1681171200000
84.17,94.61,1681257600000
94.52,88.67,1681344000000
95.24,84.8,1681430400000
96.46,89.54,1681516800000
96.85,87.25,1681603200000
98.14,89.39,1681689600000
100.41,90.47,1681776000000
104.23,93.54,1681862400000
106.68,101.67,1681948800000
105.49,105.99,1682035200000
103.03,103.04,1682121600000
103.87,103.74,1682208000000
103.87,103.74,1682294400000
103.87,103.74,1682380800000
103.87,103.74,1682467200000
103.87,103.74,1682553600000
103.87,103.74,1682640000000
103.87,103.74,1682726400000
103.87,103.74,1682812800000
103.87,103.74,1682899200000
103.87,103.74,1682985600000
103.87,103.74,1683072000000
103.87,103.74,1683158400000
91.82,92.57,1683244800000
86.33,82.73,1683331200000
89.02,90,1683417600000
87.65,91.59,1683504000000
90.17,93.16,1683590400000
90.97,95.23,1683676800000
96.62,99.9,1683763200000
92.24,94.26,1683849600000
90.92,96.16,1683936000000
90.44,95.11,1684022400000
90.17,96.05,1684108800000
92.11,99.91,1684195200000
91.69,101.26,1684281600000
94.59,104.41,1684368000000
97.85,104.94,1684454400000
91.73,102.89,1684540800000
91.41,103.9,1684627200000
91.37,102.15,1684713600000
93.35,103.43,1684800000000
94.6,102.26,1684886400000
95.14,109.77,1684972800000
96.01,112.34,1685059200000
79.21,89.35,1685145600000
80.09,91.64,1685232000000
81.27,93.79,1685318400000
82.94,95.02,1685404800000
83.79,93.72,1685491200000
82.45,96.2,1685577600000
83.95,100.35,1685664000000
82.05,94.19,1685750400000
81.98,95.3,1685836800000
83.62,94.84,1685923200000
81.91,95.74,1686009600000
88.81,110.15,1686096000000
93.37,110.06,1686182400000
93.33,111.59,1686268800000
88.1,105.15,1686355200000
88.79,100.92,1686441600000
89.7,102.71,1686528000000
90.33,101.67,1686614400000
89.69,102.03,1686700800000
90.71,102.12,1686787200000
94.24,107.72,1686873600000
89.7,108.13,1686960000000
91.74,110.74,1687046400000
91.29,111.25,1687132800000
93.58,114.09,1687219200000
91.67,116.23,1687305600000
97.26,121.95,1687392000000
98.43,121.65,1687478400000
95.3,119.31,1687564800000
95.24,118.16,1687651200000
94.09,115.24,1687737600000
97.01,115.82,1687824000000
98.4,115.86,1687910400000
99.44,113.14,1687996800000
101.53,117.91,1688083200000
73.48,82.85,1688169600000
72.87,81.1,1688256000000
73.54,83.96,1688342400000
73.64,81.27,1688428800000
67.57,82.37,1688515200000
69.41,82.4,1688601600000
76.22,88.21,1688688000000
72.74,84.87,1688774400000
71.39,83.78,1688860800000
71.26,85.23,1688947200000
74.18,88.77,1689033600000
73.39,87.02,1689120000000
72.31,88.72,1689206400000
77.3,87.47,1689292800000
70.65,95.55,1689379200000
72.79,95.03,1689465600000
72.99,94.33,1689552000000
73.83,94.11,1689638400000
73.3,93.75,1689724800000
75.56,95.29,1689811200000
78.92,98.52,1689897600000
76.15,94.61,1689984000000
76.68,93.06,1690070400000
77.88,98.48,1690156800000
75.96,93.22,1690243200000
76.7,98.67,1690329600000
79.15,100.49,1690416000000
79.59,99.15,1690502400000
64.34,82.78,1690588800000
65.45,83.27,1690675200000
66.37,84.96,1690761600000
67.03,85.37,1690848000000
68.94,99.39,1690934400000
71.13,97.17,1691020800000
73.14,100.41,1691107200000
69.63,91.55,1691193600000
70.28,92.69,1691280000000
71.62,92.12,1691366400000
72.73,91.39,1691452800000
70.76,95.7,1691539200000
71.85,100.14,1691625600000
72.84,101.07,1691712000000
71.88,98.97,1691798400000
72.46,100.44,1691884800000
73.02,100.5,1691971200000
75.54,101.16,1692057600000
75.13,96.27,1692144000000
75.19,94.62,1692230400000
89.41,116.72,1692316800000
89.74,120.61,1692403200000
92.15,124.49,1692489600000
90.75,124.34,1692576000000
91.99,129.09,1692662400000
93.01,126.01,1692748800000
96.8,129.93,1692835200000
98.9,131.48,1692921600000
83.95,112.78,1693008000000
84.75,115.24,1693094400000
83.31,113.57,1693180800000
85.24,115.3,1693267200000
83.6,113.59,1693353600000
85.76,117.93,1693440000000
91.41,121.01,1693526400000
86.41,116.34,1693612800000
87.52,117.61,1693699200000
86.82,118.75,1693785600000
87.66,118.49,1693872000000
88.16,119.83,1693958400000
89.62,124.09,1694044800000
91.96,124.27,1694131200000
87.07,120.37,1694217600000
89.54,124.71,1694304000000
88,120.61,1694390400000
86.9,115.51,1694476800000
91.96,121.39,1694563200000
91.45,120.73,1694649600000
90.83,124.84,1694736000000
89.26,120.91,1694822400000
90.42,124.57,1694908800000
91.21,123.35,1694995200000
90.56,124.44,1695081600000
90.63,125.85,1695168000000
93.3,126.26,1695254400000
101.89,134.5,1695340800000
92.88,126.4,1695427200000
96.17,129.48,1695513600000
94.64,127.44,1695600000000
94.77,127.86,1695686400000
95.99,130.14,1695772800000
98.9,132.77,1695859200000
99.32,131.19,1695945600000
73.64,103.13,1696032000000
77.5,105.25,1696118400000
77.11,108.1,1696204800000
80.12,113.62,1696291200000
77.62,111.99,1696377600000
79.75,113.2,1696464000000
81.25,112.76,1696550400000
79.33,111.09,1696636800000
81.14,116.4,1696723200000
79.09,113.04,1696809600000
80.67,112.9,1696896000000
82.16,113.63,1696982400000
82.79,114.1,1697068800000
85.91,114.85,1697155200000
82.97,113.17,1697241600000
85.56,117.89,1697328000000
82.76,116.66,1697414400000
92.83,122.78,1697500800000
91.34,121.3,1697587200000
94.08,120.92,1697673600000
93.9,125.3,1697760000000
92.99,119.07,1697846400000
91.42,121.19,1697932800000
92.93,120.93,1698019200000
106.29,126.44,1698105600000
113.29,134.1,1698192000000
115.14,133.27,1698278400000
114.83,135.83,1698364800000
96.63,109.01,1698451200000
96.85,109.5,1698537600000
94.89,108.02,1698624000000
99.07,109.3,1698710400000
103.09,114.05,1698796800000
100.89,107.23,1698883200000
104.34,110.12,1698969600000
97.44,107.13,1699056000000
97.93,105.71,1699142400000
96.19,105.19,1699228800000
97.79,106.52,1699315200000
98.33,109.61,1699401600000
99.33,108.84,1699488000000
109.43,109.93,1699574400000
105.07,104.04,1699660800000
104.79,106.78,1699747200000
105.33,105.59,1699833600000
106.56,109.13,1699920000000
110.71,114.63,1700006400000
112.35,116.67,1700092800000
112.09,119.29,1700179200000
110.77,117.08,1700265600000
109.65,114.56,1700352000000
108.8,116.33,1700438400000
108.93,115.48,1700524800000
112.8,119.76,1700611200000
114.44,115.45,1700697600000
113.6,116.43,1700784000000
90.37,91.84,1700870400000
90.81,92.39,1700956800000
89.69,93.28,1701043200000
90.88,92.41,1701129600000
89.23,94.91,1701216000000
90.46,96.71,1701302400000
93.73,98.29,1701388800000
84.76,92.03,1701475200000
87.77,91.01,1701561600000
89.41,91.72,1701648000000
91.01,94.08,1701734400000
98.83,100.67,1701820800000
103.3,105.16,1701907200000
105.77,106.63,1701993600000
101.24,102.84,1702080000000
100.98,102.31,1702166400000
101.07,106.39,1702252800000
102.73,109.58,1702339200000
104.42,109.54,1702425600000
110.33,117.32,1702512000000
111.23,117.61,1702598400000
104.95,111.92,1702684800000
106.25,113.87,1702771200000
105.92,113.15,1702857600000
109.71,113.38,1702944000000
109.04,115.58,1703030400000
111.82,120.43,1703116800000
109.38,118.78,1703203200000
106.4,111.03,1703289600000
106.03,112.84,1703376000000
105.82,114.26,1703462400000
106.41,115.7,1703548800000
104.82,117.71,1703635200000
109.49,115.73,1703721600000
110.93,121.87,1703808000000
70.28,85.21,1703894400000
70.84,86.1,1703980800000
71.48,86.05,1704067200000
71.66,88.26,1704153600000
74.39,88.27,1704240000000
70.61,90.51,1704326400000
75.77,94.61,1704412800000
74.42,88.21,1704499200000
72.71,87.67,1704585600000
71.87,86.47,1704672000000
77.2,89.91,1704758400000
80.53,90.78,1704844800000
84.02,96.4,1704931200000
81.87,94.55,1705017600000
74.25,88.2,1705104000000
77.78,88.97,1705190400000
76.5,86.85,1705276800000
80.23,88.53,1705363200000
82.31,90.88,1705449600000
82.74,93.95,1705536000000
83.17,95.6,1705622400000
80.69,93.47,1705708800000
81.08,96.76,1705795200000
81.52,98.91,1705881600000
82,97.72,1705968000000
86.16,104,1706054400000
86.77,106.87,1706140800000
86.79,108.25,1706227200000
66.48,82.13,1706313600000
67.03,84.06,1706400000000
68.21,86.43,1706486400000
69.76,87.15,1706572800000
67.55,86.81,1706659200000
71.02,89.73,1706745600000
71.95,91.91,1706832000000
67.28,85.6,1706918400000
67.45,86.31,1707004800000
66.96,86.85,1707091200000
67.32,87.15,1707177600000
68.24,84.22,1707264000000
68.07,85.64,1707350400000
68.8,86.66,1707436800000
70.29,84.38,1707523200000
69.54,84.06,1707609600000
69.36,83.93,1707696000000
70.56,84.23,1707782400000
73.23,84.56,1707868800000
75.67,87.73,1707955200000
78.61,88.83,1708041600000
75.68,86.18,1708128000000
75.43,86.29,1708214400000
76.59,86.49,1708300800000
76.3,89.89,1708387200000
79,91.15,1708473600000
80.4,91.73,1708560000000
81.7,94.46,1708646400000
66.15,76.58,1708732800000
66.91,75.52,1708819200000
67.47,73.45,1708905600000
70.76,79.17,1708992000000
73.13,82.18,1709078400000
83.26,90.91,1709164800000
87.19,94.2,1709251200000
79.95,90.11,1709337600000
78.98,89.72,1709424000000
77.81,90.07,1709510400000
79.81,95.65,1709596800000
79.75,98.04,1709683200000
86.27,104.97,1709769600000
86.35,108.91,1709856000000
83.26,102.07,1709942400000
82.86,101.45,1710028800000
81.14,102.44,1710115200000
83.81,108.03,1710201600000
83.64,107.69,1710288000000
85.71,107.85,1710374400000
83.4,106.71,1710460800000
80.29,99.76,1710547200000
79.07,97.57,1710633600000
79.36,100.1,1710720000000
82.44,101.72,1710806400000
81.05,103.86,1710892800000
82.21,111.16,1710979200000
82.25,110.71,1711065600000
79.87,103.76,1711152000000
80.07,102.92,1711238400000
80.25,104.52,1711324800000
81.19,105.12,1711411200000
81.87,106.47,1711497600000
82.09,107.15,1711584000000
82.78,109.56,1711670400000
57.34,68.65,1711756800000
57.91,68.19,1711843200000
57.45,67.79,1711929600000
58.52,69.66,1712016000000
56.61,69.31,1712102400000
59.27,70.79,1712188800000
60.96,72.49,1712275200000
59.94,66.79,1712361600000
60.43,68.06,1712448000000
59.61,67.77,1712534400000
60.16,68.72,1712620800000
60.69,69.41,1712707200000
62.86,72.8,1712793600000
62.94,75.23,1712880000000
60.02,72.96,1712966400000
64.72,78.79,1713052800000
65.39,81.4,1713139200000
66.84,84.46,1713225600000
68.82,87.59,1713312000000
69.15,88.02,1713398400000
71.28,91.47,1713484800000
69.13,87.31,1713571200000
71.43,92.12,1713657600000
73.1,95.2,1713744000000
74.03,96.44,1713830400000
75.75,99.1,1713916800000
75.72,99.51,1714003200000
77.82,102.64,1714089600000
58.3,75.07,1714176000000
58.03,75.59,1714262400000
59.32,74.56,1714348800000
59.98,79.83,1714435200000
56.78,80.68,1714521600000
60.66,89.85,1714608000000
63.2,96.83,1714694400000
59.46,88.81,1714780800000
59.5,89.83,1714867200000
60.08,89.9,1714953600000
61.43,89.78,1715040000000
61.02,89.56,1715126400000
61.38,89.43,1715212800000
63.48,93.11,1715299200000
59.03,83.2,1715385600000
59.81,84.86,1715472000000
60.4,84.73,1715558400000
61.29,83.8,1715644800000
62.43,84.16,1715731200000
64.34,86.31,1715817600000
64.55,85.82,1715904000000
62.55,78.22,1715990400000
61.14,78.33,1716076800000
61.99,78.92,1716163200000
64.73,77.87,1716249600000
64.77,78.49,1716336000000
65.86,80.52,1716422400000
67.23,85.57,1716508800000
65.5,76.73,1716595200000
64.91,75.18,1716681600000
64.84,73.41,1716768000000
65.41,74.04,1716854400000
66.7,74.56,1716940800000
66.96,75.97,1717027200000
70.11,77,1717113600000
54.63,57.43,1717200000000
55.16,57.38,1717286400000
55.32,57.84,1717372800000
56.28,57.68,1717459200000
54.31,57.26,1717545600000
56.86,59.06,1717632000000
57.39,60.04,1717718400000
56.06,54.03,1717804800000
56.34,54.08,1717891200000
56.29,54.54,1717977600000
56.08,54.27,1718064000000
57.94,55.91,1718150400000
61.6,58.8,1718236800000
61.57,59.94,1718323200000
58.81,56.2,1718409600000
58.76,54.67,1718496000000
58.36,55.01,1718582400000
60.31,56.93,1718668800000
60.65,58.18,1718755200000
60.92,59.41,1718841600000
62.19,61.55,1718928000000
59.35,58.55,1719014400000
59.87,58.92,1719100800000
59.41,57.7,1719187200000
61.56,59.18,1719273600000
64.49,61.34,1719360000000
65.22,61.58,1719446400000
66.57,62.21,1719532800000
44.95,38.24,1719619200000
45.2,38.55,1719705600000
45.2,39.03,1719792000000
47.63,40.47,1719878400000
43.8,37.83,1719964800000
46.98,39.59,1720051200000
50.57,40.73,1720137600000
52.95,42.98,1720224000000
53.89,42.82,1720310400000
53.41,43.12,1720396800000
57.74,45.42,1720483200000
57.21,45.95,1720569600000
57.35,46.16,1720656000000
57.94,46.95,1720742400000
54.62,43.39,1720828800000
54.37,43.58,1720915200000
55.17,43.85,1721001600000
57.53,46.92,1721088000000
59.44,48.4,1721174400000
60.99,48.52,1721260800000
61.09,48.2,1721347200000
57.64,45.58,1721433600000
58.4,45.95,1721520000000
59.24,46.73,1721606400000
61.3,47.13,1721692800000
62.9,48.59,1721779200000
64.45,48.48,1721865600000
66.9,52.36,1721952000000
56.51,42.04,1722038400000
56.53,43.84,1722124800000
55.21,43.6,1722211200000
56.76,43.73,1722297600000
55.78,42.97,1722384000000
58.52,43.43,1722470400000
61.02,44.92,1722556800000
56.06,41.29,1722643200000
57.98,43.23,1722729600000
58.23,44.77,1722816000000
70.34,56.78,1722902400000
73.67,58.29,1722988800000
74.01,58.5,1723075200000
79.58,63.64,1723161600000
75.31,59.77,1723248000000
74.47,59.25,1723334400000
73.77,58.55,1723420800000
73.79,59.37,1723507200000
73.34,60.85,1723593600000
72.44,61.81,1723680000000
72.75,61.7,1723766400000
69.54,58.81,1723852800000
69.2,59.81,1723939200000
68.75,60.3,1724025600000
69.55,60.17,1724112000000
70.76,59.57,1724198400000
70.59,60.83,1724284800000
70.37,61.37,1724371200000
69.4,59.31,1724457600000
68.31,59.89,1724544000000
67.84,60.27,1724630400000
69.79,59.33,1724716800000
72.01,61.46,1724803200000
74.72,64.62,1724889600000
75.91,64.85,1724976000000
64.89,51.66,1725062400000
65.07,51.49,1725148800000
65.04,51.3,1725235200000
65.59,52.38,1725321600000
65.97,52.02,1725408000000
65.63,51.25,1725494400000
66.06,50.53,1725580800000
64.99,48.01,1725667200000
65.21,48.5,1725753600000
64.99,48.47,1725840000000
66,49.47,1725926400000
67.1,51.33,1726012800000
68.29,51.45,1726099200000
69.68,52.53,1726185600000
65.76,50.83,1726272000000
65.09,51.08,1726358400000
65.6,51.6,1726444800000
65.73,50.84,1726531200000
68.27,52.32,1726617600000
67.95,53.83,1726704000000
68.01,53.13,1726790400000
65.3,52.74,1726876800000
65.5,52.46,1726963200000
66.18,54.16,1727049600000
65.92,54.45,1727136000000
66.68,56.17,1727222400000
68.18,56.5,1727308800000
70.88,58.37,1727395200000
55.05,41.84,1727481600000
55.34,41.5,1727568000000
55,41.31,1727654400000
55.66,40.55,1727740800000
56.53,40.71,1727827200000
59.94,41.92,1727913600000
60.39,42.98,1728000000000
57.8,41.39,1728086400000
58.51,41.86,1728172800000
57.6,42.17,1728259200000
59.65,44.61,1728345600000
59.72,44.22,1728432000000
59.69,43.65,1728518400000
60.97,44.73,1728604800000
58.78,41.43,1728691200000
58.43,41.73,1728777600000
58.67,41.82,1728864000000
59.2,41.19,1728950400000
61.59,43.01,1729036800000
60.98,43.45,1729123200000
62.51,43.24,1729209600000
59.07,41.3,1729296000000
60.23,41.85,1729382400000
60.11,40.78,1729468800000
61.06,41.61,1729555200000
62.7,42.27,1729641600000
64.6,42.27,1729728000000
66.96,44.21,1729814400000
58.82,36.11,1729900800000
60.02,36.99,1729987200000
59.18,36.68,1730073600000
59.16,36.11,1730160000000
59.21,36.63,1730246400000
60.95,36.64,1730332800000
62.66,35.66,1730419200000
62.39,35.41,1730505600000
64.43,37.07,1730592000000
63.7,35.54,1730678400000
65.75,36.79,1730764800000
69.24,38.74,1730851200000
70.26,41.18,1730937600000
70.07,44.35,1731024000000
57.49,36.32,1731110400000
58.4,37.12,1731196800000
59.65,39.28,1731283200000
64.94,42.63,1731369600000
68.13,43.28,1731456000000
70.64,43.98,1731542400000
71.12,44.4,1731628800000
67.87,41.11,1731715200000
68.7,41.24,1731801600000
68.26,40.94,1731888000000
69.15,41.98,1731974400000
70.72,41.64,1732060800000
70.86,40.65,1732147200000
71.94,41.29,1732233600000
69.21,39.59,1732320000000
68.91,39.45,1732406400000
69.13,40.44,1732492800000
68.06,41.47,1732579200000
72.1,41.76,1732665600000
73.96,42.01,1732752000000
74.58,42.45,1732838400000
59.78,36.63,1732924800000
56.57,35.23,1733011200000
56.76,35.79,1733097600000
57.37,36.28,1733184000000
60.19,36.86,1733270400000
60.28,37.37,1733356800000
63.39,38.08,1733443200000
62.41,36.48,1733529600000
61.28,36.6,1733616000000
61.5,36.57,1733702400000
62.14,37.53,1733788800000
64.14,39.74,1733875200000
65.39,40.17,1733961600000
64.92,39.97,1734048000000
63.4,38.52,1734134400000
62.68,38.01,1734220800000
61.78,38.14,1734307200000
63.33,37.82,1734393600000
63.15,37.57,1734480000000
61.48,37.58,1734566400000
62.88,38.19,1734652800000
63.89,39.66,1734739200000
65.47,39.97,1734825600000
64.61,40.3,1734912000000
69.15,45.13,1734998400000
72.3,45.85,1735084800000
73.53,46.46,1735171200000
71.32,45.74,1735257600000
45.89,27.78,1735344000000
42.53,27.58,1735430400000
42.18,27.73,1735516800000
42.24,27.68,1735603200000
44.94,28.82,1735689600000
44.92,28.74,1735776000000
46.45,29.77,1735862400000
45.64,27.03,1735948800000
47.2,26.83,1736035200000
47.36,26.84,1736121600000
43.89,23.8,1736208000000
45.48,24.01,1736294400000
47.3,25.05,1736380800000
48.89,25.45,1736467200000
46.95,24.79,1736553600000
47.23,24.32,1736640000000
47,24.24,1736726400000
48.52,25.39,1736812800000
51.75,26.95,1736899200000
52.67,27.68,1736985600000
53.57,27.37,1737072000000
51.22,25.69,1737158400000
52.71,24.8,1737244800000
52.95,25.26,1737331200000
56.15,26.41,1737417600000
55.96,26.66,1737504000000
56.62,26.9,1737590400000
59.06,26.97,1737676800000
56.37,25.95,1737763200000
57.11,26.11,1737849600000
56.53,25.76,1737936000000
57.53,25.86,1738022400000
60.39,26.23,1738108800000
61,26.49,1738195200000
61.51,27.37,1738281600000
48.25,21.2,1738368000000
46.35,20.78,1738454400000
46.46,21.53,1738540800000
50.83,28.35,1738627200000
54.72,29.33,1738713600000
55.1,30.21,1738800000000
56.19,30.42,1738886400000
53.5,28.58,1738972800000
53.61,28.42,1739059200000
53.39,28.86,1739145600000
53.34,28.91,1739232000000
52.19,29.15,1739318400000
53.63,29.88,1739404800000
54.08,30.76,1739491200000
51.94,28.58,1739577600000
52.55,28.27,1739664000000
52.01,28.06,1739750400000
51.68,28.07,1739836800000
51.1,27.87,1739923200000
53.35,28.84,1740009600000
52.98,28.61,1740096000000
54.44,27.86,1740182400000
56.36,29,1740268800000
55.89,28.39,1740355200000
54.35,29.51,1740441600000
56.78,31.77,1740528000000
59.77,32.03,1740614400000
62.18,31.69,1740700800000
57.8,26.96,1740787200000
54.89,25.61,1740873600000
57.08,28.08,1740960000000
61.32,29.22,1741046400000
68.2,32.66,1741132800000
69.6,32.98,1741219200000
71.74,32.65,1741305600000
67.16,31.12,1741392000000
66.29,30.5,1741478400000
63.6,29.48,1741564800000
67.76,31.57,1741651200000
71.72,33.2,1741737600000
73.69,33.58,1741824000000
72.07,33.4,1741910400000
65.92,31.79,1741996800000
65.26,31.58,1742083200000
66.3,32.26,1742169600000
67.25,31.95,1742256000000
67.75,32.24,1742342400000
68.5,32.25,1742428800000
71.19,33.01,1742515200000
63.73,29.44,1742601600000
64.41,29.87,1742688000000
62.91,29.64,1742774400000
62.1,29.37,1742860800000
64.13,29.54,1742947200000
66.8,28.24,1743033600000
67.42,29.28,1743120000000
41.26,16.41,1743206400000
40.05,16.1,1743292800000
40.67,16.52,1743379200000
43.26,17.71,1743465600000
44.22,18.93,1743552000000
48.11,19.39,1743638400000
49.28,19.6,1743724800000
47.56,18.56,1743811200000
48.22,18.15,1743897600000
46.98,18.23,1743984000000
51,21.02,1744070400000
50.94,20.66,1744156800000
52.28,23.12,1744243200000
55.79,23.16,1744329600000
51.4,21.33,1744416000000
50.3,21.18,1744502400000
52.41,22.25,1744588800000
53.57,22.53,1744675200000
56.98,22.2,1744761600000
59.56,22.85,1744848000000
58.38,23.21,1744934400000
52.45,20.61,1745020800000
53.01,20.74,1745107200000
54.29,20.42,1745193600000
55.54,20.57,1745280000000
54.23,21.49,1745366400000
58.76,22.48,1745452800000
58.79,22.51,1745539200000
47.33,18.77,1745625600000
45.01,18.21,1745712000000
46.04,18.41,1745798400000
47.27,19.2,1745884800000
49.11,19.49,1745971200000
50.18,19.35,1746057600000
49.53,19.46,1746144000000
47.17,18.45,1746230400000
47.87,18.59,1746316800000
48.43,18.59,1746403200000
49.31,19.02,1746489600000
49.69,19.12,1746576000000
51.39,19.61,1746662400000
55.7,22.06,1746748800000
55.13,23.71,1746835200000
56.71,23.03,1746921600000
55.89,23.95,1747008000000
57.58,24.47,1747094400000
59.22,24.57,1747180800000
60.71,25.11,1747267200000
61.39,26.42,1747353600000
58.2,24.14,1747440000000
58.61,23.95,1747526400000
57.71,24.94,1747612800000
57.45,25.72,1747699200000
57.35,25.66,1747785600000
58.69,26.18,1747872000000
60.11,25.95,1747958400000
59.19,24.62,1748044800000
61.01,24.3,1748131200000
61.56,24.27,1748217600000
61.96,24.55,1748304000000
62.99,24.06,1748390400000
63.44,24.85,1748476800000
64.31,25.2,1748563200000
55.02,20.88,1748649600000
53.29,20.58,1748736000000
53.41,20.47,1748822400000
54.35,20.34,1748908800000
56.8,21.15,1748995200000
58.14,21.19,1749081600000
59.07,22.25,1749168000000
56.96,21.75,1749254400000
57.02,21.63,1749340800000
57.27,21.67,1749427200000
57.62,21.98,1749513600000
60.64,22.19,1749600000000
61.91,23.02,1749686400000
63.58,24.18,1749772800000
63.47,24.49,1749859200000
63.85,24,1749945600000
63.57,24.38,1750032000000
62.53,25.36,1750118400000
64.52,25.39,1750204800000
66.28,25.78,1750291200000
67.43,25.49,1750377600000
63.11,23.01,1750464000000
65.06,26.6,1750550400000
66.43,27.6,1750636800000
69.98,28.52,1750723200000
71.17,28.56,1750809600000
69.51,28.69,1750896000000
69.88,29.28,1750982400000
49.76,20.37,1751068800000
46.79,19.98,1751155200000
46.85,20.4,1751241600000
48.56,20.56,1751328000000
51.09,20.08,1751414400000
50.81,21.08,1751500800000
52.03,22.19,1751587200000
51.06,20.69,1751673600000
51.85,20.61,1751760000000
51.78,20.5,1751846400000
52.19,20.72,1751932800000
53.41,20.59,1752019200000
53.14,20.57,1752105600000
56.82,22.3,1752192000000
54.38,21.28,1752278400000
54.86,21.45,1752364800000
55.14,21.3,1752451200000
56.98,22.43,1752537600000
59.28,23.09,1752624000000
59.55,25.03,1752710400000
61.39,26.61,1752796800000
58.37,25.74,1752883200000
58.65,25.69,1752969600000
58.74,24.61,1753056000000
60.92,24.83,1753142400000
63.11,25.35,1753228800000
64.57,25.64,1753315200000
65.59,26.27,1753401600000
51.3,20.68,1753488000000
52.76,20.44,1753574400000
52.53,20.06,1753660800000
54.07,20.3,1753747200000
55.56,21.73,1753833600000
56.34,22.71,1753920000000
56.77,22.64,1754006400000
51.43,21.54,1754092800000
52.45,22.29,1754179200000
55.95,22.9,1754265600000
57.75,24.25,1754352000000
58.98,24.78,1754438400000
61.56,25.59,1754524800000
62.88,25.68,1754611200000
60,25.5,1754697600000
60.26,25.66,1754784000000
61.37,26.17,1754870400000
65.4,27.94,1754956800000
67.05,28.56,1755043200000
68.33,29.07,1755129600000
68.73,29.6,1755216000000
64.61,27.61,1755302400000
63.28,27.16,1755388800000
62.66,27.01,1755475200000
64.65,28.67,1755561600000
66.78,28.58,1755648000000
69.04,30.28,1755734400000
68.84,30.43,1755820800000
67.54,29.78,1755907200000
66.88,29.31,1755993600000
64.57,29.81,1756080000000
66.19,31.18,1756166400000
68.56,32.72,1756252800000
70.26,32.9,1756339200000
70.9,32.95,1756425600000
56.2,27.46,1756512000000
56.47,27.42,1756598400000
56.52,27.61,1756684800000
58.43,28.12,1756771200000
59.97,28.55,1756857600000
63.09,29.55,1756944000000
66.17,29.34,1757030400000
64.28,28,1757116800000
63.99,27.48,1757203200000
63.92,28.01,1757289600000
64.95,28.29,1757376000000
64.76,27.81,1757462400000
66.28,29.58,1757548800000
66.32,30.08,1757635200000
64.85,29.19,1757721600000
65.99,29.09,1757808000000
66.67,28.6,1757894400000
68.3,28.26,1757980800000
68.63,28.81,1758067200000
70.7,29.59,1758153600000
70.8,30.33,1758240000000
69.08,27.63,1758326400000
68.74,28.14,1758412800000
68.75,27.94,1758499200000
69.93,30.02,1758585600000
71.23,31.11,1758672000000
73.63,31.23,1758758400000
74.68,31.29,1758844800000
54.71,22.08,1758931200000
53.08,21.34,1759017600000
52.52,21.2,1759104000000
53.71,22.38,1759190400000
56.45,22.87,1759276800000
57.23,23.58,1759363200000
58.82,24.07,1759449600000
58.55,23.33,1759536000000
58.54,23.43,1759622400000
58.28,23.29,1759708800000
60.66,23.97,1759795200000
63.56,25.02,1759881600000
66,26.52,1759968000000
66.87,26.68,1760054400000
78.62,31.89,1760140800000
78.89,32.27,1760227200000
78.1,32.06,1760313600000
79.3,32.74,1760400000000
82.42,34.15,1760486400000
85.43,33.79,1760572800000
84.2,33.95,1760659200000
84.66,33.39,1760745600000
85.75,34.14,1760832000000
84.68,33.24,1760918400000
85.12,34.09,1761004800000
88.77,35.06,1761091200000
93.09,34.43,1761177600000
94.87,34.68,1761264000000
87.66,32.03,1761350400000
86.74,31.78,1761436800000
86.28,31.19,1761523200000
87,31.76,1761609600000
88.49,31.88,1761696000000
86.93,32.25,1761782400000
88.01,31.97,1761868800000
73.15,26.87,1761955200000
71.9,26.25,1762041600000
72.39,26.08,1762128000000
72.44,26.19,1762214400000
75.6,30.7,1762300800000
77.53,31.53,1762387200000
78.68,32.22,1762473600000
73.51,31,1762560000000
75.08,31.21,1762646400000
77.25,31.32,1762732800000
78.63,31.43,1762819200000
79.43,32.27,1762905600000
82.01,32.59,1762992000000
80.14,31.78,1763078400000
76.19,31.43,1763164800000
77.54,30.94,1763251200000
75.94,29.86,1763337600000
76.45,30.02,1763424000000
80.48,30.26,1763510400000
80.32,30.05,1763596800000
80.45,31.45,1763683200000
88.15,33.01,1763769600000
88.59,32.41,1763856000000
87.89,32.07,1763942400000
94.05,32.1,1764028800000
99.11,32.8,1764115200000
102.8,32.15,1764201600000
105.85,33.33,1764288000000
84.77,27.28,1764374400000
81.39,26.68,1764460800000
80.06,26.86,1764547200000
83.16,27.26,1764633600000
89.58,29.11,1764720000000
91.88,29.37,1764806400000
92.26,29.83,1764892800000
89.34,28.56,1764979200000
90.59,29.23,1765065600000
90.86,29.02,1765152000000
91.27,29.06,1765238400000
93.44,29.68,1765324800000
92.88,29.76,1765411200000
93.28,29.85,1765497600000
89.37,27.61,1765584000000
87,27.92,1765670400000
83.43,27.87,1765756800000
83.85,28.04,1765843200000
89.3,29.94,1765929600000
91.55,30.12,1766016000000
92.56,31.07,1766102400000
88.79,28.9,1766188800000
89.28,29.39,1766275200000
89.94,29.43,1766361600000
89.09,29.15,1766448000000
90.79,29.9,1766534400000
91.53,29.64,1766620800000
92.86,29.62,1766707200000
50.71,17.19,1766793600000
44.6,16.23,1766880000000
44.09,16.08,1766966400000
45.56,17.08,1767052800000
48.74,17.9,1767139200000
51.83,18.54,1767225600000
51.66,18.19,1767312000000
50.46,16.62,1767398400000
50.83,16.72,1767484800000
49.92,17.12,1767571200000
51.35,18.03,1767657600000
54.04,19,1767744000000
53.1,18.74,1767830400000
54.12,19.16,1767916800000
54.23,18.35,1768003200000
53.12,18.06,1768089600000
53.95,19.17,1768176000000
56.91,19.81,1768262400000
59.29,21,1768348800000
58.97,22.05,1768435200000
61.05,22.01,1768521600000
59.1,21.06,1768608000000
59.87,20.78,1768694400000
59.8,20.67,1768780800000
60.21,20.83,1768867200000
60.31,20.65,1768953600000
62.49,21.77,1769040000000
64.16,21.54,1769126400000
63.94,21.19,1769212800000
63.17,21.17,1769299200000
62.58,20.81,1769385600000
64.6,21.91,1769472000000
64.26,21.83,1769558400000
65.43,22.24,1769644800000
63.93,22.3,1769731200000
54.71,19.5,1769817600000
56.93,22.1,1769904000000
58.2,22.64,1769990400000
61.59,24.84,1770076800000
64.46,27.22,1770163200000
67.53,28.25,1770249600000
68.49,28.61,1770336000000
75.03,28.32,1770422400000
75.5,28.28,1770508800000
77.05,28.37,1770595200000
78.74,28.14,1770681600000
81.82,28.97,1770768000000
80.32,29.55,1770854400000
81.87,30.04,1770940800000
77.66,27.51,1771027200000
80.77,28.04,1771113600000
83.09,28.47,1771200000000
84.33,29.12,1771286400000
82.96,29.23,1771372800000
82.17,29.17,1771459200000
83.66,28.9,1771545600000
79.62,27.6,1771632000000
79.92,27.3,1771718400000
79.74,27.44,1771804800000
81.52,27.28,1771891200000
84.98,28.15,1771977600000
89.73,28.92,1772064000000
91.99,29.94,1772150400000
73.3,25.73,1772236800000
73.3,25.73,1772323200000
77.6,25.29,1772409600000
79.05,25.26,1772496000000
83.95,27.06,1772582400000
83.99,26.3,1772668800000
87.64,27.79,1772755200000
84.91,26.54,1772841600000
85.98,26.61,1772928000000
86.1,26.49,1773014400000
88.63,27.16,1773100800000
92.32,29.48,1773187200000
92.27,29.22,1773273600000
88.89,27.26,1773360000000
87.77,26.66,1773446400000
89.1,27.1,1773532800000
88.58,26.66,1773619200000
86.19,26.68,1773705600000
87.33,27.71,1773792000000
89.88,29.26,1773878400000
90.95,29.92,1773964800000
90.78,30.39,1774051200000
91.55,31.31,1774137600000
90.67,30.83,1774224000000
92.5,31.72,1774310400000
90.42,31.31,1774396800000
90.23,30.86,1774483200000
88.86,30.23,1774569600000
59.47,20.12,1774656000000
57.77,19.04,1774742400000
58.09,19.25,1774828800000
59.26,19.83,1774915200000
64.62,20.49,1775001600000
65.33,21.24,1775088000000
66.96,22.14,1775174400000
63.8,21.16,1775260800000
63.29,21.35,1775347200000
62.65,21.47,1775433600000
64.08,21.55,1775520000000
65.5,21.73,1775606400000
66.58,21.97,1775692800000
65.31,21.63,1775779200000
60.61,20.34,1775865600000
61.34,20.72,1775952000000
63.78,21.66,1776038400000
62.66,21.62,1776124800000
62.63,22.94,1776211200000
64.27,22.84,1776297600000
65.02,23.39,1776384000000
62.08,22.32,1776470400000
66.28,23.66,1776556800000
67.15,23.75,1776643200000
67.86,24.59,1776729600000
69.67,25.56,1776816000000
66.39,25,1776902400000
69.7,25.83,1776988800000
57.2,20.61,1777075200000
57.29,19.84,1777161600000
57.05,19.75,1777248000000
57.5,20.19,1777334400000
59.94,21.31,1777420800000
60.87,21.49,1777507200000
61.7,21.7,1777593600000
57.34,20.83,1777680000000
57.58,20.42,1777766400000
56.67,20.14,1777852800000
57.48,20.71,1777939200000
56.67,20.51,1778025600000
60.4,20.38,1778112000000
61.95,20.25,1778198400000
62.08,19.95,1778284800000
61.94,20.37,1778371200000
62.19,21.07,1778457600000
62.59,21.25,1778544000000
62,20.74,1778630400000
63.27,21.07,1778716800000
64.71,22.99,1778803200000
64.06,20.23,1778889600000
64.32,20.58,1778976000000
65.77,21.52,1779062400000
65.58,21.91,1779148800000
66.81,21.98,1779235200000
67.53,22.27,1779321600000
69.73,22.58,1779408000000
66.09,21.64,1779494400000
68.05,22.19,1779580800000
69.76,22.53,1779667200000
69.56,22.22,1779753600000
66.9,21.58,1779840000000
67.43,21.28,1779926400000
68.78,22.59,1780012800000
59.33,18.16,1780099200000
58.78,17.64,1780185600000
58.92,17.64,1780272000000
58.99,17.99,1780358400000
60.46,19.62,1780444800000
61.52,21.01,1780531200000
69.72,22.08,1780617600000
70.01,22.69,1780704000000
70.67,22.48,1780790400000
73.6,23.13,1780876800000
75.14,23.74,1780963200000
74.3,23.98,1781049600000
75.49,24.41,1781136000000
76.93,24.92,1781222400000
73.06,23.3,1781308800000
71.58,23.14,1781395200000
71.17,22.52,1781481600000
72.79,23.7,1781568000000
