time,taker_buy_vol,taker_sell_vol,cum_vol_delta
1775865600000,5675087.918,5520001.3658,155086.5522
1775869200000,4040457.6591,7425421.7536,-3229877.5423
1775872800000,4513916.4414,5064330.5532,-3780291.6541
1775876400000,3944113.3194,7218706.0788,-7054884.4135
1775880000000,6246686.6626,4995365.9558,-5803563.7067
1775883600000,6889597.5366,11834012.4253,-10747978.5954
1775887200000,7468340.3698,5431668.0514,-8711306.277
1775890800000,3208395.7006,4167449.2162,-9670359.7926
1775894400000,4493377.0235,5913346.4501,-11090329.2192
1775898000000,12826531.5634,10146053.9063,-8409851.5621
1775901600000,3770775.4203,4401935.2201,-9041011.3619
1775905200000,4459882.2151,4755431.3046,-9336560.4514
1775908800000,2733267.0639,3332447.6864,-9935741.0739
1775912400000,6966781.8951,7548131.3003,-10517090.4791
1775916000000,2823878.6912,3351555.0897,-11044766.8776
1775919600000,7547594.3475,8318362.9266,-11815535.4567
1775923200000,17287408.5361,11653433.2312,-6181560.1518
1775926800000,10041611.6236,6440032.0853,-2579980.6135
1775930400000,50319683.765,36777479.9458,10962223.2057
1775934000000,39458532.6183,32803897.0176,17616858.8064
1775937600000,16338243.9125,25701574.173,8253528.5459
1775941200000,7190213.2943,9992372.3653,5451369.4749
1775944800000,7879530.8438,9492068.5388,3838831.7799
1775948400000,7794182.5429,12167825.6596,-534811.3368
1775952000000,12758728.637,14514677.4377,-2290760.1375
1775955600000,49227604.3171,56686735.4057,-9749891.2261
1775959200000,18201659.778,18204969.8464,-9753201.2945
1775962800000,16985844.4215,17948428.8138,-10715785.6868
1775966400000,15206780.0145,10331107.8548,-5840113.5271
1775970000000,7451156.3599,10082796.0194,-8471753.1866
1775973600000,3347491.4834,4715739.9313,-9840001.6345
1775977200000,4948446.4627,5137561.8802,-10029117.052
1775980800000,5126427.3547,6319228.5836,-11221918.2809
1775984400000,5729429.265,5814169.8934,-11306658.9093
1775988000000,9562413.2281,14226395.6118,-15970641.293
1775991600000,6754918.1996,5491850.0604,-14707573.1538
1775995200000,14684313.7301,13640382.5793,-13663642.003
1775998800000,13864758.9755,19638921.803,-19437804.8305
1776002400000,19056153.0623,17686349.2611,-18068001.0293
1776006000000,9452335.9742,9360291.8993,-17975956.9544
1776009600000,4836474.3849,5384746.2987,-18524228.8682
1776013200000,11125578.7048,5446967.7798,-12845617.9432
1776016800000,6271431.0888,6040729.6075,-12614916.4619
1776020400000,2605119.4673,5338560.4811,-15348357.4757
1776024000000,10751377.6339,8654087.9245,-13251067.7663
1776027600000,5199984.8035,5552201.6028,-13603284.5656
1776031200000,19208384.5306,18068300.6106,-12463200.6456
1776034800000,5805765.3076,9073060.6201,-15730495.9581
1776038400000,11927121.2083,10858636.3992,-14662011.149
1776042000000,5544235.9451,6427780.4823,-15545555.6862
1776045600000,4130636.2515,7856376.3017,-19271295.7364
1776049200000,6355878.2605,5075007.624,-17990425.0999
1776052800000,5719864.6806,5137645.3676,-17408205.7869
1776056400000,7940066.353,7714608.3526,-17182747.7865
1776060000000,16848982.4492,8124456.7272,-8458222.0645
1776063600000,11782157.0151,9484695.4346,-6160760.484
1776067200000,6935454.3469,10308484.1893,-9533790.3264
1776070800000,5010718.5765,3495879.9332,-8018951.6831
1776074400000,4877345.07,5056008.112,-8197614.7251
1776078000000,4911329.0549,4470609.9647,-7756895.6349
1776081600000,21555510.8982,15150522.3881,-1351907.1248
1776085200000,39582969.0419,27341634.643,10889427.2741
1776088800000,37466532.563,31445010.3726,16910949.4645
1776092400000,21471840.8693,36105324.6001,2277465.7337
1776096000000,17104294.8506,19026046.6006,355713.9837
1776099600000,12740111.7563,14161765.4748,-1065939.7348
1776103200000,6886693.2375,7941214.3902,-2120460.8875
1776106800000,39779243.9468,27410071.0512,10248712.0081
1776110400000,12162696.7392,19805634.1751,2605774.5722
1776114000000,10179445.6135,8236422.0655,4548798.1202
1776117600000,118609941.6918,104351863.1258,18806876.6862
1776121200000,102320261.4098,102423986.1544,18703151.9416
1776124800000,31530111.498,32578982.6107,17654280.8289
1776128400000,26457612.7064,25193672.8429,18918220.6924
1776132000000,18680111.3033,16711035.4869,20887296.5088
1776135600000,12938430.4771,12101552.4006,21724174.5853
1776139200000,10640422.8677,8222577.9294,24142019.5236
1776142800000,16745761.0982,20046435.9358,20841344.686
1776146400000,20617910.7188,12177806.5704,29281448.8344
1776150000000,29970185.7411,32913659.0223,26337975.5532
1776153600000,32226541.5473,27244477.2075,31320039.893
1776157200000,17704990.1199,14348943.7077,34676086.3052
1776160800000,15879423.9882,15184645.3217,35370864.9717
1776164400000,20683463.1161,14399546.9378,41654781.15
1776168000000,13182992.1959,15951457.1904,38886316.1555
1776171600000,44087755.8908,44364914.5039,38609157.5424
1776175200000,76279432.142,77389434.4593,37499155.2251
1776178800000,52223842.7449,44613879.758,45109118.212
1776182400000,17345144.2383,31383175.0402,31071087.4101
1776186000000,13557986.9472,19567866.9975,25061207.3598
1776189600000,17930611.1048,34810111.2187,8181707.2459
1776193200000,17345052.6069,18750397.279,6776362.5738
1776196800000,6433999.4756,8705639.3033,4504722.7461
1776200400000,7955053.0246,6507141.566,5952634.2047
1776204000000,9151388.2907,13437570.1086,1666452.3868
1776207600000,5390713.5498,6135788.5204,921377.4162
1776211200000,12583683.9543,12919677.7985,585383.572
1776214800000,7980130.441,9437053.0901,-871539.0771
1776218400000,5854327.6188,10080992.9241,-5098204.3824
1776222000000,4367856.5757,4172387.5478,-4902735.3545
1776225600000,6112804.5163,5359130.8931,-4149061.7313
1776229200000,7741476.1875,12180602.9083,-8588188.4521
1776232800000,6810342.6525,7259622.6244,-9037468.424
1776236400000,13800161.1563,13840716.7721,-9078024.0398
1776240000000,22174375.3803,16414522.3979,-3318171.0574
1776243600000,4347220.475,6846551.7759,-5817502.3583
1776247200000,8397234.0383,9988444.7489,-7408713.0689
1776250800000,11860981.4151,12426245.317,-7973976.9708
1776254400000,12313907.1207,8134612.6919,-3794682.542
1776258000000,12858581.6692,14656184.5182,-5592285.391
1776261600000,19766147.2445,18965293.2667,-4791431.4132
1776265200000,18328179.3078,24119684.0852,-10582936.1906
1776268800000,14229283.287,12979642.4602,-9333295.3638
1776272400000,18932867.681,20550700.12,-10951127.8028
1776276000000,10400765.9562,14855474.9267,-15405836.7733
1776279600000,22851887.7082,26639622.6813,-19193571.7464
1776283200000,10846431.7015,16060852.5136,-24407992.5585
1776286800000,11959729.8772,10701933.8796,-23150196.5609
1776290400000,20572698.2245,21997503.9307,-24575002.2671
1776294000000,10891278.2938,21271480.8509,-34955204.8242
1776297600000,5452257.2607,6544264.8417,-36047212.4052
1776301200000,5473674.8937,8115512.8551,-38689050.3666
1776304800000,9398087.4258,10961177.9345,-40252140.8753
1776308400000,5577375.1345,5937880.9004,-40612646.6412
1776312000000,6276930.5532,8992381.6787,-43328097.7667
1776315600000,9919194.2027,8084138.0458,-41493041.6098
1776319200000,7408434.5014,6918900.5046,-41003507.613
1776322800000,12849745.3481,17256446.0004,-45410208.2653
1776326400000,9699383.5425,11592320.3315,-47303145.0543
1776330000000,11665623.4022,13820173.879,-49457695.5311
1776333600000,15115521.844,13915516.3149,-48257690.002
1776337200000,8555263.5218,6130163.6592,-45832590.1394
1776340800000,10693943.431,10338353.5146,-45477000.223
1776344400000,48716982.6062,50899282.6391,-47659300.2559
1776348000000,40105947.1502,51729638.0978,-59282991.2035
1776351600000,41182654.8252,29473737.5051,-47574073.8834
1776355200000,24155874.5853,27978297.3787,-51396496.6768
1776358800000,13214186.7405,13064913.6197,-51247223.556
1776362400000,19357561.5347,26667614.4724,-58557276.4937
1776366000000,22143616.8377,22731466.0929,-59145125.7489
1776369600000,16374174.9949,25772258.3466,-68543209.1006
1776373200000,6660358.658,11053147.7936,-72935998.2362
1776376800000,7666556.0973,9687988.8851,-74957431.024
1776380400000,6330858.0344,6222943.6619,-74849516.6515
1776384000000,5482559.1489,6470928.229,-75837885.7316
1776387600000,9940243.9396,11230006.7716,-77127648.5636
1776391200000,3922328.8187,5313953.3049,-78519273.0498
1776394800000,3424450.295,5599512.2573,-80694335.0121
1776398400000,3373425.6494,5760316.2653,-83081225.628
1776402000000,11996653.4409,13330158.7349,-84414730.922
1776405600000,9321922.7383,11064975.2242,-86157783.4079
1776409200000,9677572.8421,8734207.6215,-85214418.1873
1776412800000,17238009.3357,17803297.6323,-85779706.4839
1776416400000,30005806.9999,24196061.7839,-79969961.2679
1776420000000,18987739.0885,23308088.3105,-84290310.4899
1776423600000,8321984.8085,15087280.4938,-91055606.1752
1776427200000,31404629.8532,29071927.4299,-88722903.7519
1776430800000,145062630.6243,115637905.4759,-59298178.6035
1776434400000,71644570.5317,72118411.0134,-59772019.0852
1776438000000,28679117.0915,40373680.8685,-71466582.8622
1776441600000,31317951.2689,32245762.0706,-72394393.6639
1776445200000,20333168.6257,31938562.2921,-83999787.3303
1776448800000,19184211.1932,24697201.1108,-89512777.2479
1776452400000,15227956.98,12263084.3237,-86547904.5916
1776456000000,7349038.7265,10683298.5291,-89882164.3942
1776459600000,10006860.877,14872152.018,-94747455.5352
1776463200000,75978308.1726,26191184.7387,-44960332.1013
1776466800000,19904817.8505,16689477.4075,-41744991.6583
1776470400000,10440709.5728,12388488.6516,-43692770.7371
1776474000000,6155802.912,9138381.4452,-46675349.2703
1776477600000,6740439.4223,5868286.1751,-45803196.0231
1776481200000,7006569.7691,12526293.6193,-51322919.8733
1776484800000,5676901.6,6097486.883,-51743505.1563
1776488400000,2797543.7005,3433559.5108,-52379520.9666
1776492000000,4197715.7101,2899863.6862,-51081668.9427
1776495600000,2968425.5052,7894917.7324,-56008161.1699
1776499200000,25879234.0704,35697062.1558,-65825989.2553
1776502800000,11331224.8099,11409835.3383,-65904599.7837
1776506400000,21057597.071,21779498.3633,-66626501.076
1776510000000,16453708.8281,17499928.894,-67672721.1419
1776513600000,10146299.8836,8998270.697,-66524691.9553
1776517200000,13502439.8083,9504139.3597,-62526391.5067
1776520800000,17891009.3143,43696687.897,-88332070.0894
1776524400000,11318387.2399,20195010.8238,-97208693.6733
1776528000000,13040127.9842,15984891.6538,-100153457.3429
1776531600000,9731370.8225,15610771.3373,-106032857.8577
1776535200000,14281534.9223,11770318.659,-103521641.5944
1776538800000,6896697.2968,5037985.1499,-101662929.4475
1776542400000,5571033.6722,3229032.9663,-99320928.7416
1776546000000,4890103.5775,4882679.8047,-99313504.9688
1776549600000,3631356.4908,2832766.4606,-98514914.9386
1776553200000,2555234.7094,3481740.9629,-99441421.1921
1776556800000,2978087.2349,5100174.7999,-101563508.7571
1776560400000,8058164.0445,4346460.5295,-97851805.2421
1776564000000,7554963.029,11809982.2702,-102106824.4833
1776567600000,3320848.7877,4391149.0747,-103177124.7703
1776571200000,10305496.849,11983683.0975,-104855311.0188
1776574800000,4755554.2044,6519461.1083,-106619217.9227
1776578400000,18429778.4968,15843050.898,-104032490.3239
1776582000000,22815357.2661,35616012.072,-116833145.1298
1776585600000,7029475.2723,7531842.4042,-117335512.2617
1776589200000,5175148.456,6320467.4816,-118480831.2873
1776592800000,5201515.2035,3594735.0515,-116874051.1353
1776596400000,8977598.9998,10143614.5658,-118040066.7013
1776600000000,12971972.4685,11851233.1211,-116919327.3539
1776603600000,15772905.091,14248739.7314,-115395161.9943
1776607200000,8512629.3741,7262639.2492,-114145171.8694
1776610800000,7946068.2154,9389720.0477,-115588823.7017
1776614400000,11684515.6199,12464448.1914,-116368756.2732
1776618000000,19531730.8268,24563280.5743,-121400306.0207
1776621600000,18151521.2653,20103990.4475,-123352775.2029
1776625200000,9446763.5144,7969344.6466,-121875356.3351
1776628800000,15284916.0476,28901999.383,-135492439.6705
1776632400000,9429937.8865,7251730.4825,-133314232.2665
1776636000000,30962496.2618,33622044.747,-135973780.7517
1776639600000,12337562.5503,13643702.3093,-137279920.5107
1776643200000,16807567.0861,11959997.5632,-132432350.9878
1776646800000,8933015.4312,8352004.697,-131851340.2536
1776650400000,6897487.0605,6459992.5239,-131413845.717
1776654000000,5595340.7065,3454805.7018,-129273310.7123
1776657600000,4924206.8757,7235855.3838,-131584959.2204
1776661200000,11020810.2236,8084673.6504,-128648822.6472
1776664800000,8723662.0857,7295122.2141,-127220282.7756
1776668400000,45653764.5928,43501548.9625,-125068067.1453
1776672000000,17106641.3744,15632432.0297,-123593857.8006
1776675600000,11699756.8823,7941037.6993,-119835138.6176
1776679200000,8857068.0307,8385348.1217,-119363418.7086
1776682800000,8666151.5771,8387758.9769,-119085026.1084
1776686400000,14290158.6822,13484733.7327,-118279601.1589
1776690000000,19769914.7849,19657402.7052,-118167089.0792
1776693600000,26998130.5464,49101866.899,-140270825.4318
1776697200000,28158597.2519,25469269.9863,-137581498.1662
1776700800000,10122193.7438,12022511.9452,-139481816.3676
1776704400000,15133186.8899,13899678.4964,-138248307.9741
1776708000000,28904406.577,25926963.4821,-135270864.8792
1776711600000,7610943.3961,10492074.8762,-138151996.3593
1776715200000,11016692.5154,9799492.3639,-136934796.2078
1776718800000,15223694.6858,18543471.0658,-140254572.5878
1776722400000,5646423.8992,6244582.2839,-140852730.9725
1776726000000,5912217.7769,9047540.087,-143988053.2826
1776729600000,6683491.887,6386449.1777,-143691010.5733
1776733200000,6342205.1001,5877207.1898,-143226012.663
1776736800000,4896386.1895,7874861.7747,-146204488.2482
1776740400000,7277128.5119,7354168.422,-146281528.1583
1776744000000,4799757.5567,4055803.6498,-145537574.2514
1776747600000,3942362.5465,4724771.9601,-146319983.665
1776751200000,6647791.6479,6594359.8578,-146266551.8749
1776754800000,15488222.772,6904499.902,-137682829.0049
1776758400000,10613855.678,10130811.8118,-137199785.1387
1776762000000,5356332.5001,6471352.1024,-138314804.741
1776765600000,8098023.2894,8979667.681,-139196449.1326
1776769200000,8564422.2076,13048435.0316,-143680461.9566
1776772800000,16754142.7649,20951501.93,-147877821.1217
1776776400000,11910055.4278,9376708.4368,-145344474.1307
1776780000000,14085614.6871,18260506.3061,-149519365.7497
1776783600000,13286413.7723,15650044.9279,-151882996.9053
1776787200000,12056768.7902,16368143.1285,-156194371.2436
1776790800000,17811625.708,25156950.8739,-163539696.4095
1776794400000,8620726.067,9809468.6058,-164728438.9483
1776798000000,26240805.2043,27665030.7965,-166152664.5405
1776801600000,23354323.3678,21950677.7865,-164749018.9592
1776805200000,4638822.2936,5128253.3343,-165238449.9999
1776808800000,5584662.9636,6535555.7383,-166189342.7746
1776812400000,8232562.9723,7645215.4356,-165601995.2379
1776816000000,6400465.9181,6574901.3358,-165776430.6556
1776819600000,8288172.7116,7051686.0974,-164539944.0414
1776823200000,46227152.6347,37126787.5949,-155439579.0016
1776826800000,24038964.2117,21317394.4285,-152718009.2184
1776830400000,8963892.9971,10942416.9333,-154696533.1546
1776834000000,64025362.2013,69421799.584,-160092970.5373
1776837600000,12075060.7231,16660109.5082,-164678019.3224
1776841200000,12570620.3742,18953186.8829,-171060585.8311
1776844800000,18026175.616,14903053.2631,-167937463.4782
1776848400000,9662280.0451,8246570.307,-166521753.7401
1776852000000,7600164.527,10669445.0673,-169591034.2804
1776855600000,16554890.2555,13302067.8147,-166338211.8396
1776859200000,19081528.9383,15414332.4842,-162671015.3855
1776862800000,38212556.418,30090843.25,-154549302.2175
1776866400000,35287764.2201,29074867.3493,-148336405.3467
1776870000000,37458627.4987,32910319.7481,-143788097.5961
1776873600000,17338057.1932,30419665.7239,-156869706.1268
1776877200000,15807708.3902,12592615.0225,-153654612.7591
1776880800000,8734553.8791,8068153.1696,-152988212.0496
1776884400000,15126568.7817,12514396.0589,-150376039.3268
1776888000000,10379767.6444,10605366.2174,-150601637.8998
1776891600000,7478047.0587,9377719.1252,-152501309.9663
1776895200000,7844092.9462,6306017.2573,-150963234.2774
1776898800000,10814448.4351,16445291.5959,-156594077.4382
1776902400000,50115534.0268,36242047.3744,-142720590.7858
1776906000000,10724109.0772,8138996.6721,-140135478.3807
1776909600000,16212050.7096,22777287.0268,-146700714.6979
1776913200000,17827743.766,17693235.3549,-146566206.2868
1776916800000,8898643.5619,7217525.4933,-144885088.2182
1776920400000,8139123.0979,13920676.3321,-150666641.4524
1776924000000,11494430.4654,16469569.6421,-155641780.6291
1776927600000,10076554.5271,16220434.4883,-161785660.5903
1776931200000,23028089.2047,18014862.2098,-156772433.5954
1776934800000,26273255.9664,37429126.1312,-167928303.7602
1776938400000,20110638.7211,25348654.0734,-173166319.1125
1776942000000,14450694.6921,16963865.7644,-175679490.1848
1776945600000,13477703.912,14062445.9023,-176264232.1751
1776949200000,14958087.4678,13935567.4691,-175241712.1764
1776952800000,18253145.9236,13631008.7158,-170619574.9686
1776956400000,16892149.0975,17754203.6378,-171481629.5089
1776960000000,10727638.7664,7993108.2327,-168747098.9752
1776963600000,46007705.7144,57924019.7692,-180663413.03
1776967200000,16431797.3897,16529247.5618,-180760863.2021
1776970800000,8980536.779,17857345.7273,-189637672.1504
1776974400000,11128468.3158,13640377.3352,-192149581.1698
1776978000000,5235719.3736,8726893.0134,-195640754.8096
1776981600000,10162822.5556,9607842.1845,-195085774.4385
1776985200000,6175760.6214,7725295.0178,-196635308.8349
1776988800000,6091332.1516,6912662.2857,-197456638.969
1776992400000,5826069.7517,8217439.5337,-199848008.751
1776996000000,5465843.9517,8557334.4775,-202939499.2768
1776999600000,9341350.0155,12269178.8413,-205867328.1026
1777003200000,8754631.2448,7111650.3512,-204224347.209
1777006800000,8367466.4661,11310252.8931,-207167133.636
1777010400000,4446985.2531,7231428.6616,-209951577.0445
1777014000000,13400887.3586,5552837.7695,-202103527.4554
1777017600000,13101165.6229,13902603.1007,-202904964.9332
1777021200000,7655684.8483,7983880.7429,-203233160.8278
1777024800000,5170451.6292,5897581.6019,-203960290.8005
1777028400000,15551579.3219,13892210.1296,-202300921.6082
1777032000000,9106257.5054,13823014.3439,-207017678.4467
1777035600000,8938785.9622,11991664.1234,-210070556.6079
1777039200000,15584871.3693,16047787.6489,-210533472.8875
1777042800000,15108593.6586,17894513.8501,-213319393.079
1777046400000,6067780.1218,8504929.7293,-215756542.6865
1777050000000,8041737.8173,9471575.6658,-217186380.535
1777053600000,5538584.2852,6501249.7525,-218149046.0023
1777057200000,6175639.1552,6861851.526,-218835258.3731
1777060800000,7925752.4564,6847487.4706,-217756993.3873
1777064400000,8046838.5022,8278566.6293,-217988721.5144
1777068000000,8749962.7773,5204910.4069,-214443669.144
1777071600000,1865741.7255,1494160.1351,-214072087.5536
1777075200000,1894568.7695,1752733.9474,-213930252.7315
1777078800000,3224501.725,1912115.6093,-212617866.6158
1777082400000,2213838.356,2609665.6173,-213013693.8771
1777086000000,1998306.8827,2093670.406,-213109057.4004
1777089600000,1471379.4068,1878629.7318,-213516307.7254
1777093200000,1559947.7365,1851051.3328,-213807411.3217
1777096800000,1925999.6654,1759777.9939,-213641189.6502
1777100400000,2136400.2704,2073473.2503,-213578262.6301
1777104000000,1998467.8534,1806902.9827,-213386697.7594
1777107600000,4256438.3641,6569669.971,-215699929.3663
1777111200000,2534653.8434,2294607.8393,-215459883.3622
1777114800000,2506100.4957,4631471.069,-217585253.9355
1777118400000,5019066.5711,3032451.5138,-215598638.8782
1777122000000,2643675.8992,2783174.4255,-215738137.4045
1777125600000,3646225.7163,3587610.119,-215679521.8072
1777129200000,6517908.2371,8962367.8744,-218123981.4445
1777132800000,12996805.8859,11021092.3475,-216148267.9061
1777136400000,4286378.3099,5792542.9078,-217654432.504
1777140000000,3496336.2349,3021062.8854,-217179159.1545
1777143600000,2118376.7581,2695100.266,-217755882.6624
1777147200000,1550095.5436,1596520.9088,-217802308.0276
1777150800000,3086427.204,2545777.0912,-217261657.9148
1777154400000,2364255.7658,2027388.8729,-216924791.0219
1777158000000,2280975.5469,1647597.6376,-216291413.1126
1777161600000,2887305.881,2531392.2589,-215935499.4905
1777165200000,1948170.8298,4141125.1976,-218128453.8583
1777168800000,1239495.6973,2611782.7795,-219500740.9405
1777172400000,1816787.5899,5997494.6666,-223681448.0172
1777176000000,3172491.9757,2889951.0778,-223398907.1193
1777179600000,19176888.2288,17440315.1823,-221662334.0728
1777183200000,5125183.0182,4970529.9679,-221507681.0225
1777186800000,2419467.3465,2968892.5801,-222057106.2561
1777190400000,6268140.5794,4664436.2139,-220453401.8906
1777194000000,2921417.2557,2863250.2362,-220395234.8711
1777197600000,2976180.2962,3787959.7762,-221207014.3511
1777201200000,2070301.6812,2710132.5015,-221846845.1714
1777204800000,4368347.8343,5998498.6284,-223476995.9655
1777208400000,5375630.3645,3346240.9202,-221447606.5212
1777212000000,15918477.3039,14523980.1182,-220053109.3355
1777215600000,3771775.836,4070705.3265,-220352038.826
1777219200000,3705083.9903,5483964.5344,-222130919.3701
1777222800000,3599305.2042,3710579.4271,-222242193.593
1777226400000,22420185.3304,15757935.3118,-215579943.5744
1777230000000,13913042.689,14154149.3601,-215821050.2455
1777233600000,5924174.9671,6466814.173,-216363689.4514
1777237200000,13178009.629,14932076.0078,-218117755.8302
1777240800000,19858411.6567,20396510.3462,-218655854.5197
1777244400000,16525052.2277,16041164.9609,-218171967.2529
1777248000000,18497900.6548,13848937.3829,-213523003.981
1777251600000,28638870.2196,20913353.2577,-205797487.0191
1777255200000,9591225.0456,6287606.9114,-202493868.8849
1777258800000,10820191.4576,7602146.7869,-199275824.2142
1777262400000,8569617.6181,12294455.5476,-203000662.1437
1777266000000,40230059.4967,53585325.0572,-216355927.7042
1777269600000,16611140.0708,15105850.9327,-214850638.5661
1777273200000,11764461.144,9594486.7029,-212680664.125
1777276800000,12887984.8561,15218056.846,-215010736.1149
1777280400000,10157087.6796,11971074.8068,-216824723.2421
1777284000000,4505931.3322,4697631.3248,-217016423.2347
1777287600000,4302966.0715,4897447.2672,-217610904.4304
1777291200000,5354485.3445,9876944.8125,-222133363.8984
1777294800000,17665423.2147,22447340.1476,-226915280.8313
1777298400000,16849893.9678,17910850.1652,-227976237.0287
1777302000000,49458405.7203,57863150.7599,-236380982.0683
1777305600000,12001839.3202,15587838.5721,-239966981.3202
1777309200000,18439415.315,24090889.023,-245618455.0282
1777312800000,9494321.8712,7633605.8496,-243757739.0066
1777316400000,8234168.0612,10293388.4601,-245816959.4055
1777320000000,5666074.1955,8020900.7663,-248171785.9763
1777323600000,2594565.7163,4424960.3393,-250002180.5993
1777327200000,4962596.4273,4692110.6325,-249731694.8045
1777330800000,6992062.49,4504448.8059,-247244081.1204
1777334400000,6223033.4837,6141308.5579,-247162356.1946
1777338000000,3556644.2186,6083762.3447,-249689474.3207
1777341600000,7158736.7071,10954227.1999,-253484964.8135
1777345200000,4136142.0761,4348289.4923,-253697112.2297
1777348800000,6114765.2718,7302428.3086,-254884775.2665
1777352400000,11787519.5717,12265811.028,-255363066.7228
1777356000000,10933042.5818,13544857.0517,-257974881.1927
1777359600000,10803843.9496,11810478.6073,-258981515.8504
1777363200000,6857590.3823,7014843.0539,-259138768.522
1777366800000,8905443.9215,8569423.0078,-258802747.6083
1777370400000,6733426.9631,8292891.5485,-260362212.1937
1777374000000,15710961.4595,12574054.8291,-257225305.5633
1777377600000,7843483.8627,6304310.2123,-255686131.9129
1777381200000,21332239.3501,23774184.1861,-258128076.7489
1777384800000,14702832.1547,17908830.1506,-261334074.7448
1777388400000,13418903.5291,7756224.9068,-255671396.1225
1777392000000,12490940.7626,8402616.497,-251583071.8569
1777395600000,11094000.6603,7424282.9925,-247913354.1891
1777399200000,9357751.2331,7264794.3435,-245820397.2995
1777402800000,10733460.2598,9796949.4078,-244883886.4475
1777406400000,4263506.1483,3909722.2167,-244530102.5159
1777410000000,6232976.6116,5830095.2313,-244127221.1356
1777413600000,2505151.3488,3075066.7602,-244697136.547
1777417200000,3051959.3144,2796486.7335,-244441663.9661
1777420800000,5866185.3131,3413636.5395,-241989115.1925
1777424400000,12014945.847,11428133.4949,-241402302.8404
1777428000000,6000463.6173,10392677.9534,-245794517.1765
1777431600000,25048158.9242,17550012.9185,-238296371.1708
1777435200000,30151523.9402,31116492.1996,-239261339.4302
1777438800000,15320960.666,14629566.2194,-238569944.9836
1777442400000,12592621.4965,9484928.0032,-235462251.4903
1777446000000,5939754.7935,9125980.934,-238648477.6308
1777449600000,4217199.3284,5396955.0249,-239828233.3273
1777453200000,17444999.2354,12488869.7505,-234872103.8424
1777456800000,10805636.2297,11314205.5954,-235380673.2081
1777460400000,8744554.2089,10552041.4367,-237188160.4359
1777464000000,21476626.5514,16717347.3286,-232428881.2131
1777467600000,21211622.0846,21093310.8406,-232310569.9691
1777471200000,18431032.8499,14908416.0888,-228787953.208
1777474800000,34446733.4683,37917695.8761,-232258915.6158
1777478400000,22308645.9752,22433440.7694,-232383710.41
1777482000000,16295857.1802,9298456.928,-225386310.1578
1777485600000,58374951.4319,68104382.515,-235115741.2409
1777489200000,20002960.8492,19166440.9786,-234279221.3703
1777492800000,12937702.8518,15261940.8442,-236603459.3627
1777496400000,15570702.3074,19148053.8068,-240180810.8621
1777500000000,6504070.6587,5815384.8503,-239492125.0537
1777503600000,7162113.4465,5117083.9344,-237447095.5416
1777507200000,14053127.5981,8088527.9155,-231482495.859
1777510800000,7519832.5832,11317148.2104,-235279811.4862
1777514400000,12859978.7801,15664639.4332,-238084472.1393
1777518000000,6712364.3272,5252337.1816,-236624444.9937
1777521600000,7972935.8886,9430973.6483,-238082482.7534
1777525200000,6519412.7093,12133425.8068,-243696495.8509
1777528800000,5764786.0392,7860990.1432,-245792699.9549
1777532400000,14583088.6676,10747906.3222,-241957517.6095
1777536000000,14097381.7904,8504642.1724,-236364777.9915
1777539600000,7353537.7309,6559934.479,-235571174.7396
1777543200000,6367764.154,5578795.9277,-234782206.5133
1777546800000,10041959.1249,11007043.4126,-235747290.801
1777550400000,7037366.4473,6904995.9679,-235614920.3216
1777554000000,13715147.2717,10615919.2266,-232515692.2765
1777557600000,15012709.1188,17732010.1713,-235234993.329
1777561200000,7260311.8779,7415034.5655,-235389716.0166
1777564800000,3712220.3358,5062528.2794,-236740023.9602
1777568400000,6147109.089,4883786.9548,-235476701.826
1777572000000,4882217.4992,4405123.4175,-234999607.7443
1777575600000,5997112.617,4802389.2925,-233804884.4198
1777579200000,4077994.8297,3363676.5336,-233090566.1237
1777582800000,3675593.0365,4326267.8297,-233741240.9169
1777586400000,1922367.0773,3493516.9505,-235312390.7901
1777590000000,2452436.1048,2667521.2936,-235527475.9789
1777593600000,5313348.36,3314364.0274,-233528491.6463
1777597200000,5641912.9217,3907822.6459,-231794401.3705
1777600800000,3362611.6217,3643566.9604,-232075356.7092
1777604400000,19032598.1439,17077507.2626,-230120265.8279
1777608000000,4021942.0097,7656031.5958,-233754355.414
1777611600000,3256919.5378,4708895.8259,-235206331.7021
1777615200000,6984164.796,11545804.3341,-239767971.2402
1777618800000,6013330.8402,8046990.8494,-241801631.2494
1777622400000,7632646.6973,5818958.2727,-239987942.8248
1777626000000,3257845.3897,4976009.9225,-241706107.3576
1777629600000,4020927.7547,4826584.4856,-242511764.0885
1777633200000,5216598.2451,6957439.8558,-244252605.6992
1777636800000,26317344.6879,24256031.8841,-242191292.8954
1777640400000,24823656.3167,22112663.3543,-239480299.933
1777644000000,20279043.0365,26353337.6332,-245554594.5297
1777647600000,13308293.7695,15294820.5713,-247541121.3315
1777651200000,13273303.1598,20165634.7985,-254433452.9702
1777654800000,6688603.7216,5286992.7442,-253031841.9928
1777658400000,4189518.6644,4540705.2596,-253383028.588
1777662000000,3075190.8072,3659219.7359,-253967057.5167
1777665600000,6774081.5847,13856653.5336,-261049629.4656
1777669200000,6176445.9909,9027788.1795,-263900971.6542
1777672800000,4312909.8509,3438571.5591,-263026633.3624
1777676400000,2607173.8637,2698405.0643,-263117864.563
1777680000000,3106842.3465,2787376.3325,-262798398.549
1777683600000,3354566.1505,2304555.6361,-261748388.0346
1777687200000,4473131.6725,2784251.7483,-260059508.1104
1777690800000,3859957.6216,2520371.5806,-258719922.0694
1777694400000,1696842.6905,3264360.5667,-260287439.9456
1777698000000,2120498.5829,4770770.2392,-262937711.6019
1777701600000,2692757.4121,3134484.2934,-263379438.4832
1777705200000,1944359.0655,3634638.464,-265069717.8817
1777708800000,2006027.5772,2481892.47,-265545582.7745
1777712400000,1937583.7513,3009861.9771,-266617861.0003
1777716000000,2216530.3093,2693025.7158,-267094356.4068
1777719600000,1777105.6373,3225524.3194,-268542775.0889
1777723200000,2665794.9184,2631672.5095,-268508652.68
1777726800000,6161710.3431,4233826.6805,-266580769.0174
1777730400000,2993665.1714,3280623.2904,-266867727.1364
1777734000000,2754866.8278,2206569.5154,-266319429.824
1777737600000,5301537.4125,3479012.7422,-264496905.1537
1777741200000,1326480.001,2214375.1173,-265384800.27
1777744800000,5188436.5439,4001432.7463,-264197796.4724
1777748400000,2223069.9112,1651661.573,-263626388.1342
1777752000000,1796240.6629,1634995.6911,-263465143.1624
1777755600000,26022194.9462,13916628.5418,-251359576.758
1777759200000,10926357.2571,9499588.2393,-249932807.7402
1777762800000,7103422.9834,6903017.2344,-249732401.9912
1777766400000,4933733.3128,8584865.6295,-253383534.3079
1777770000000,4060698.5285,6506831.7877,-255829667.5671
1777773600000,4498771.2943,6239998.4634,-257570894.7362
1777777200000,3690714.4841,6391100.4111,-260271280.6632
1777780800000,3118569.1985,3829446.0015,-260982157.4662
1777784400000,2140984.7372,2422857.3249,-261264030.0539
1777788000000,2773554.6573,2799322.933,-261289798.3296
1777791600000,5102577.8796,3676633.6789,-259863854.1289
1777795200000,2008595.1277,2311326.5118,-260166585.513
1777798800000,8235201.2331,5624602.4184,-257555986.6983
1777802400000,2584554.5569,2906352.7001,-257877784.8415
1777806000000,10227683.877,6768159.7947,-254418260.7592
1777809600000,11541726.5796,9600501.6564,-252477035.836
1777813200000,4635223.7446,3774113.402,-251615925.4934
1777816800000,4335594.3371,4971609.8097,-252251940.966
1777820400000,4670492.9272,6433232.1563,-254014680.1951
1777824000000,7299423.9192,6165106.1743,-252880362.4502
1777827600000,6478985.6682,6597818.1651,-252999194.9471
1777831200000,2206519.3402,3070248.6809,-253862924.2878
1777834800000,8170818.1843,4761905.3309,-250454011.4344
1777838400000,16697893.841,17052674.3802,-250808791.9736
1777842000000,8248362.0954,10712136.121,-253272565.9992
1777845600000,30543016.8964,28869916.5559,-251599465.6587
1777849200000,15100311.9021,17995231.7116,-254494385.4682
1777852800000,12715523.0592,15873324.7283,-257652187.1373
1777856400000,20463198.1509,20826094.0378,-258015083.0242
1777860000000,61413577.6549,62286074.9859,-258887580.3552
1777863600000,40592410.4918,35903247.8095,-254198417.6729
1777867200000,27328549.368,24282307.4168,-251152175.7217
1777870800000,16540146.6806,24929045.9389,-259541074.98
1777874400000,18772881.2558,28861409.4837,-269629603.2079
1777878000000,12509359.1818,11872505.9459,-268992749.972
1777881600000,11321065.609,11952995.7843,-269624680.1473
1777885200000,10954277.0984,9403225.9711,-268073629.02
1777888800000,64860253.2208,69091969.7249,-272305345.5241
1777892400000,10153159.3408,12856546.238,-275008732.4213
1777896000000,8527814.1202,9557172.6343,-276038090.9354
1777899600000,22981264.6997,18473068.3276,-271529894.5633
1777903200000,46223383.9343,39962824.5338,-265269335.1628
1777906800000,43912586.3616,53078805.1661,-274435553.9673
1777910400000,28009664.4559,26554643.7816,-272980533.293
1777914000000,21382403.2674,23243102.4434,-274841232.469
1777917600000,12437692.2589,16894546.1809,-279298086.391
1777921200000,9424786.3049,9105076.4636,-278978376.5497
1777924800000,6286375.7919,5725311.6477,-278417312.4055
1777928400000,4845307.0133,4226786.6937,-277798792.0859
1777932000000,4952348.2194,7255727.1144,-280102170.9809
1777935600000,3367823.5852,5799086.0914,-282533433.4871
1777939200000,5638302.7028,5693288.0865,-282588418.8708
1777942800000,5885653.0404,5236046.7908,-281938812.6212
1777946400000,13144779.9663,11610692.2247,-280404724.8796
1777950000000,23267649.2065,32434939.4186,-289572015.0917
1777953600000,10344470.8286,12105207.6526,-291332751.9157
1777957200000,15839034.3601,16593159.5735,-292086877.1291
1777960800000,11776935.8981,17457772.9788,-297767714.2098
1777964400000,16080975.3307,16538641.4312,-298225380.3103
1777968000000,7188766.7588,9601246.1782,-300637859.7297
1777971600000,6670313.702,9901082.4898,-303868628.5175
1777975200000,10950599.3599,5883061.4421,-298801090.5997
1777978800000,10159700.7122,9445198.7062,-298086588.5937
1777982400000,14669341.9357,13311922.5961,-296729169.2541
1777986000000,32191293.051,31078028.5588,-295615904.7619
1777989600000,33246706.7116,31555763.5315,-293924961.5818
1777993200000,13977120.6909,17984303.0763,-297932143.9672
1777996800000,20771331.8922,21768323.8272,-298929135.9022
1778000400000,11221793.187,11963662.3991,-299671005.1143
1778004000000,11330985.332,9314689.7177,-297654709.5
1778007600000,5894611.6033,4689588.6058,-296449686.5025
1778011200000,16986163.4476,11277049.2578,-290740572.3127
1778014800000,11715769.499,10093441.6453,-289118244.459
1778018400000,13879475.3439,19704084.2744,-294942853.3895
1778022000000,8475470.2825,14932109.9582,-301399493.0652
1778025600000,12451909.0534,10382893.9247,-299330477.9365
1778029200000,11560175.8305,9649413.9894,-297419716.0954
1778032800000,7343361.5713,8134870.5279,-298211225.052
1778036400000,10115300.1022,8633224.2825,-296729149.2323
1778040000000,8127395.4778,10624074.5967,-299225828.3512
1778043600000,11853355.8221,15183248.0586,-302555720.5877
1778047200000,9199752.279,5737978.2403,-299093946.549
1778050800000,10952564.9482,7646511.1448,-295787892.7456
1778054400000,27109753.5274,16889367.4077,-285567506.6259
1778058000000,61448496.5363,53182987.7529,-277301997.8425
1778061600000,21090064.2976,20365284.7193,-276577218.2642
1778065200000,34304580.2113,39227554.4636,-281500192.5165
1778068800000,25823475.6999,27821489.4876,-283498206.3042
1778072400000,46424137.3934,54966640.6714,-292040709.5822
1778076000000,52983182.5337,69275160.9784,-308332688.0269
1778079600000,19979752.1765,29227009.6419,-317579945.4923
1778083200000,18025956.4767,26790443.1863,-326344432.2019
1778086800000,10026566.5155,21892176.0557,-338210041.7421
1778090400000,16573729.9536,25692873.0215,-347329184.81
1778094000000,8741281.4011,12937445.3275,-351525348.7364
1778097600000,10982987.5512,20707405.0043,-361249766.1895
1778101200000,7990924.1867,16515849.0052,-369774691.008
1778104800000,6272875.7059,12700367.4059,-376202182.708
1778108400000,9641036.7049,16234296.781,-382795442.7841
1778112000000,9756370.5582,22128521.6275,-395167593.8534
1778115600000,17287644.755,26673666.9319,-404553616.0303
1778119200000,18642493.4114,26439466.9511,-412350589.57
1778122800000,13340576.6345,13449621.0336,-412459633.9691
1778126400000,10969494.1015,13243393.719,-414733533.5866
1778130000000,10071795.4608,15498958.6559,-420160696.7817
1778133600000,13028943.4801,19603048.467,-426734801.7686
1778137200000,15471305.9775,22289423.0593,-433552918.8504
1778140800000,15193085.8959,20164850.9714,-438524683.9259
1778144400000,12153086.9857,20301161.6967,-446672758.6369
1778148000000,11394007.6167,20222892.6501,-455501643.6703
1778151600000,10598905.5015,16195520.4224,-461098258.5912
1778155200000,12040625.7883,16858563.2333,-465916196.0362
1778158800000,38297214.8824,52115830.8365,-479734811.9903
1778162400000,38803284.4048,68928691.3343,-509860218.9198
1778166000000,30270679.7541,41628695.178,-521218234.3437
1778169600000,22166828.4009,42018388.6807,-541069794.6235
1778173200000,23176320.307,41842598.9636,-559736073.2801
1778176800000,21959350.3436,32913027.4981,-570689750.4346
1778180400000,16181693.1288,26280758.1133,-580788815.4191
1778184000000,18367518.9894,59602755.8847,-622024052.3144
1778187600000,9616145.8084,19681045.247,-632088951.753
1778191200000,13967354.7662,23572074.6372,-641693671.624
1778194800000,7551169.3493,12762086.7363,-646904589.011
1778198400000,8091862.4655,14802433.6007,-653615160.1462
1778202000000,8410690.4181,14619165.2875,-659823635.0156
1778205600000,17065163.4277,25474868.658,-668233340.2459
1778209200000,13407609.4922,22085993.3168,-676911724.0705
1778212800000,8357449.7387,13645308.6537,-682199582.9855
1778216400000,7445973.3772,19080990.732,-693834600.3403
1778220000000,18254532.0618,51113585.8242,-726693654.1027
1778223600000,28640638.1966,19751214.1885,-717804230.0946
1778227200000,17255035.7619,22044057.3705,-722593251.7032
1778230800000,14768309.7608,19555788.488,-727380730.4304
1778234400000,19938127.3026,16032890.1751,-723475493.3029
1778238000000,25851842.2929,14859442.1704,-712483093.1804
1778241600000,14980540.2745,22684893.2124,-720187446.1183
1778245200000,27275714.4302,37542276.0685,-730454007.7566
1778248800000,24331322.5278,34217802.3863,-740340487.6151
1778252400000,14320149.3553,19148792.3192,-745169130.579
1778256000000,13088250.5524,17724703.3178,-749805583.3444
1778259600000,25837177.1307,28549518.7696,-752517924.9833
1778263200000,21557292.4619,23951575.7386,-754912208.26
1778266800000,14150222.5019,31661747.9512,-772423733.7093
1778270400000,11178334.1477,49870533.3413,-811115932.9029
1778274000000,9415396.3757,23103928.5623,-824804465.0895
1778277600000,7670897.6219,21799981.7849,-838933549.2525
1778281200000,5483081.9699,22520863.466,-855971330.7486
1778284800000,7608942.713,19060531.601,-867422919.6366
1778288400000,9729781.1473,15387764.466,-873080902.9553
1778292000000,8608034.0794,13329389.1252,-877802258.0011
1778295600000,6151644.6263,10734832.9099,-882385446.2847
1778299200000,13077120.2876,49895656.4555,-919203982.4526
1778302800000,5853094.8708,7849073.5599,-921199961.1417
1778306400000,15358198.0479,8518590.4283,-914360353.5221
1778310000000,11217705.9087,8115533.607,-911258181.2204
1778313600000,10756191.9065,9409121.0095,-909911110.3234
1778317200000,5123811.3603,10488933.7061,-915276232.6692
1778320800000,3279977.4429,7770591.5705,-919766846.7968
1778324400000,3595476.6305,8985080.9049,-925156451.0712
1778328000000,4809221.058,7278733.8474,-927625963.8606
1778331600000,3585601.6243,7460989.0403,-931501351.2766
1778335200000,8418668.1661,10622735.5588,-933705418.6693
1778338800000,16493780.1748,13230742.7058,-930442381.2003
1778342400000,18089952.2506,17799413.1406,-930151842.0903
1778346000000,22974096.7453,26180054.1056,-933357799.4506
1778349600000,10430468.1636,15812725.9494,-938740057.2364
1778353200000,9164978.6909,12043744.5026,-941618823.0481
1778356800000,3473951.7584,10274543.4064,-948419414.6961
1778360400000,3297767.3363,10901172.9959,-956022820.3557
1778364000000,5422624.4317,10586421.2756,-961186617.1996
1778367600000,4457345.6536,11726913.331,-968456184.877
1778371200000,5562161.4012,12847292.218,-975741315.6938
1778374800000,6159721.9001,15792801.6758,-985374395.4695
1778378400000,5569613.8483,11163310.5768,-990968092.198
1778382000000,7575265.6807,12707009.2818,-996099835.7991
1778385600000,5324714.9243,12638588.7048,-1003413709.5796
1778389200000,4584688.2979,9956210.1591,-1008785231.4408
1778392800000,5765186.6105,10461585.928,-1013481630.7583
1778396400000,4160520.8261,9895779.3993,-1019216889.3315
1778400000000,7400026.9553,10465511.0181,-1022282373.3943
1778403600000,4172923.3815,10535779.0037,-1028645229.0165
1778407200000,5142559.0435,11940517.8468,-1035443187.8198
1778410800000,6276293.6347,11263108.0274,-1040430002.2125
1778414400000,4363598.4341,9209730.7234,-1045276134.5018
1778418000000,10681436.61,16842570.6965,-1051437268.5883
1778421600000,8787100.537,18662897.1107,-1061313065.162
1778425200000,27577577.0382,25052319.6535,-1058787807.7773
1778428800000,25470375.1728,16200833.8029,-1049518266.4074
1778432400000,227982798.6121,41238756.3219,-862774224.1172
1778436000000,12148817.3373,14217250.6972,-864842657.4771
1778439600000,13584206.8174,12342858.965,-863601309.6247
1778443200000,29180463.5869,43192440.9007,-877613286.9385
1778446800000,15852378.3578,19968072.7146,-881728981.2953
1778450400000,42677582.5171,36772622.1109,-875824020.8891
1778454000000,28296289.8575,25614105.7739,-873141836.8055
1778457600000,19369446.7311,26192880.4354,-879965270.5098
1778461200000,11723886.3698,10191338.4342,-878432722.5742
1778464800000,8872773.3764,12921810.0146,-882481759.2124
1778468400000,22798720.0383,29445282.1987,-889128321.3728
1778472000000,11420702.8302,13908795.1735,-891616413.7161
1778475600000,10080236.4051,12894586.2805,-894430763.5915
1778479200000,8022618.5389,13506959.3124,-899915104.365
1778482800000,4624781.9745,7950692.8455,-903241015.236
1778486400000,8041378.9042,8624779.9534,-903824416.2852
1778490000000,5120554.3239,4478700.6533,-903182562.6146
1778493600000,5046845.0755,7728908.9685,-905864626.5076
1778497200000,3879487.9808,6875066.4676,-908860204.9944
1778500800000,6908448.377,9755439.0196,-911707195.637
1778504400000,15073088.9918,21679536.339,-918313642.9842
1778508000000,17610218.7426,24781734.0628,-925485158.3044
1778511600000,14767306.849,15532280.8548,-926250132.3102
1778515200000,14747993.3896,20315773.6538,-931817912.5744
1778518800000,11158326.1885,13253525.5032,-933913111.8891
1778522400000,10309638.8788,14961847.1332,-938565320.1435
1778526000000,6927309.493,9704396.3294,-941342406.9799
1778529600000,7292406.8302,10475941.611,-944525941.7607
1778533200000,6170947.2318,5810599.6524,-944165594.1813
1778536800000,7314736.7516,6423422.6179,-943274280.0476
1778540400000,4456385.708,4275526.9053,-943093421.2449
1778544000000,6491948.3365,5381795.6428,-941983268.5512
1778547600000,28100334.2441,34885646.6443,-948768580.9514
1778551200000,10863306.9259,9295780.9186,-947201054.9441
1778554800000,5196921.6382,8079448.5256,-950083581.8315
1778558400000,4720243.9389,7628828.4036,-952992166.2962
1778562000000,5007012.3324,9233751.059,-957218905.0228
1778565600000,6805227.4294,11910442.3383,-962324119.9317
1778569200000,15652442.5801,20593905.7084,-967265583.06
1778572800000,28192750.3337,31233063.6794,-970305896.4057
1778576400000,13813695.605,11572838.4609,-968065039.2616
1778580000000,13403501.6053,19555654.0297,-974217191.686
1778583600000,9383396.7463,11339253.1735,-976173048.1132
1778587200000,11662594.9449,12837758.3158,-977348211.4841
1778590800000,15775332.6088,25217686.8986,-986790565.7739
1778594400000,19571373.0269,22377709.0241,-989596901.7711
1778598000000,14710974.8752,22667621.9269,-997553548.8228
1778601600000,11784684.9826,13963172.6867,-999732036.5269
1778605200000,7598339.3228,6942838.3764,-999076535.5805
1778608800000,7736144.4257,7601786.6484,-998942177.8032
1778612400000,6161206.3925,5802111.8298,-998583083.2405
1778616000000,3203955.3977,5201421.6525,-1000580549.4953
1778619600000,3818903.3869,3968553.7921,-1000730199.9005
1778623200000,4219105.6306,5776672.8801,-1002287767.15
1778626800000,3930822.4145,8725208.4979,-1007082153.2334
1778630400000,5336390.3446,5575500.9134,-1007321263.8022
1778634000000,10059996.16,9034886.0655,-1006296153.7077
1778637600000,7543881.3936,7881389.929,-1006633662.2431
1778641200000,7062304.8235,6239532.4841,-1005810889.9037
1778644800000,6497318.793,6559295.2081,-1005872866.3188
1778648400000,3326779.9397,10499943.209,-1013046029.5881
1778652000000,5719915.7374,4417770.1284,-1011743883.9791
1778655600000,4361247.3697,5216295.6122,-1012598932.2216
1778659200000,16053757.6703,10049806.2801,-1006594980.8314
1778662800000,15570693.6218,12675883.1097,-1003700170.3193
1778666400000,7235661.0581,9445430.5875,-1005909939.8487
1778670000000,12017184.4325,8622509.4095,-1002515264.8257
1778673600000,21852190.4368,27999407.2307,-1008662481.6196
1778677200000,27824594.3725,30001214.7704,-1010839102.0175
1778680800000,28209512.851,25483479.1149,-1008113068.2814
1778684400000,26228898.1382,42198601.4836,-1024082771.6268
1778688000000,28337170.8863,25455890.3301,-1021201491.0706
1778691600000,9583662.8051,11507658.9275,-1023125487.193
1778695200000,16326117.9868,16182834.345,-1022982203.5512
1778698800000,6307973.3161,10800393.0561,-1027474623.2912
1778702400000,5472869.0789,5554674.2029,-1027556428.4152
1778706000000,3140159.9841,5173238.06,-1029589506.4911
1778709600000,4527027.1813,4975983.3339,-1030038462.6437
1778713200000,4076344.3147,3771432.0862,-1029733550.4152
1778716800000,7553858.6283,7143130.7062,-1029322822.4931
1778720400000,3999060.3052,5849163.4149,-1031172925.6028
1778724000000,4896130.0896,13620621.5752,-1039897417.0884
1778727600000,8893007.5064,12134670.1664,-1043139079.7484
1778731200000,6836690.4089,4736626.9225,-1041039016.262
1778734800000,13423431.7568,10012485.0614,-1037628069.5666
1778738400000,8372863.5385,10012419.1218,-1039267625.1499
1778742000000,6223129.5775,5161834.7111,-1038206330.2835
1778745600000,9148906.0681,7651473.5188,-1036708897.7342
1778749200000,9315423.4884,9469253.2074,-1036862727.4532
1778752800000,8471825.5588,7618053.9204,-1036008955.8148
1778756400000,11743342.6027,6736267.6955,-1031001880.9076
1778760000000,8484862.8218,10099473.1427,-1032616491.2285
1778763600000,13992187.0149,20944989.4524,-1039569293.666
1778767200000,30245581.8958,21266360.7706,-1030590072.5408
1778770800000,25601747.2023,25604969.6152,-1030593294.9537
1778774400000,36573465.3704,29364773.1909,-1023384602.7742
1778778000000,22007535.4791,25613630.5892,-1026990697.8843
1778781600000,14244091.8526,13227127.8462,-1025973733.8779
1778785200000,9618269.8654,13802468.7243,-1030157932.7368
1778788800000,9012787.2004,10584941.8796,-1031730087.416
1778792400000,9520945.5315,6248457.9729,-1028457599.8574
1778796000000,5578800.0962,4594514.9498,-1027473314.711
1778799600000,7671386.2521,12441670.4915,-1032243598.9504
1778803200000,10239076.1743,11194766.6452,-1033199289.4213
1778806800000,8487862.4767,23605846.1188,-1048317273.0634
1778810400000,14386682.8798,33700868.9157,-1067631459.0993
1778814000000,6244939.9217,21830511.7087,-1083217030.8863
1778817600000,4848199.4789,7379214.0571,-1085748045.4645
1778821200000,21964433.172,34951886.0965,-1098735498.389
1778824800000,9601477.5175,8981327.7362,-1098115348.6077
1778828400000,13582069.5414,12150825.2658,-1096684104.3321
1778832000000,12095798.1583,12572670.5615,-1097160976.7353
1778835600000,6272423.3498,6228000.8273,-1097116554.2128
1778839200000,9267222.0981,8500842.5887,-1096350174.7034
1778842800000,7187024.2891,7348714.4083,-1096511864.8226
1778846400000,7127551.5025,9463727.0835,-1098848040.4036
1778850000000,37303530.4284,57279325.9752,-1118823835.9504
1778853600000,36254245.0048,44824704.2105,-1127394295.1561
1778857200000,15215704.202,11251936.4221,-1123430527.3762
1778860800000,13220044.3958,12533728.1038,-1122744211.0842
1778864400000,10510110.3196,9175618.7411,-1121409719.5057
1778868000000,8109650.8436,6858227.7218,-1120158296.3839
1778871600000,5252640.3814,7490688.2769,-1122396344.2794
1778875200000,5735903.7479,8055026.1667,-1124715466.6982
1778878800000,4604809.8661,7115785.7274,-1127226442.5595
1778882400000,5052596.033,6098520.0078,-1128272366.5343
1778886000000,3576800.1015,2699427.7792,-1127394994.212
1778889600000,4351739.1989,3005830.2694,-1126049085.2825
1778893200000,3073570.8529,3563900.8233,-1126539415.2529
1778896800000,3371088.5197,2347855.3779,-1125516182.1111
1778900400000,2551353.1597,2642328.7067,-1125607157.6581
1778904000000,4354830.158,4920254.4132,-1126172581.9133
1778907600000,2685535.6904,2458769.9451,-1125945816.168
1778911200000,8720025.0114,9146081.5068,-1126371872.6634
1778914800000,40312366.7887,43740369.5691,-1129799875.4438
1778918400000,5377511.3768,7852187.0461,-1132274551.1131
1778922000000,24667284.7995,35971874.8207,-1143579141.1343
1778925600000,15487695.052,25490430.6019,-1153581876.6842
1778929200000,16352809.3727,12810537.3013,-1150039604.6128
1778932800000,9301047.5125,8137554.4994,-1148876111.5997
1778936400000,8690161.1013,10407096.3511,-1150593046.8495
1778940000000,11455125.73,12788951.2458,-1151926872.3653
1778943600000,7681745.7437,14657434.6144,-1158902561.236
1778947200000,10421432.0374,19453032.613,-1167934161.8116
1778950800000,4247856.5595,3255930.2974,-1166942235.5495
1778954400000,6079900.4177,2374081.8789,-1163236417.0107
1778958000000,2669791.9298,1965912.883,-1162532537.9639
1778961600000,2423460.833,1659630.0524,-1161768707.1833
1778965200000,2276369.9174,1821337.8026,-1161313675.0685
1778968800000,1794783.8078,2246046.4618,-1161764937.7225
1778972400000,2270100.5548,2352931.9858,-1161847769.1535
1778976000000,4165069.9607,6295108.9999,-1163977808.1927
1778979600000,10227574.5534,10671108.6591,-1164421342.2984
1778983200000,4761831.3185,3509970.7297,-1163169481.7096
1778986800000,5140973.0023,3796873.7799,-1161825382.4872
1778990400000,7355317.265,4905740.2987,-1159375805.5209
1778994000000,6820856.504,3828131.9024,-1156383080.9193
1778997600000,3277698.8975,4980534.8294,-1158085916.8512
1779001200000,3075084.6574,3592673.7657,-1158603505.9595
1779004800000,3291699.0695,2461223.8936,-1157773030.7836
1779008400000,3144558.9658,3179075.6578,-1157807547.4756
1779012000000,7367975.0207,4957791.0641,-1155397363.519
1779015600000,4115046.6844,5640914.0343,-1156923230.8689
1779019200000,3514910.8397,5186111.674,-1158594431.7032
1779022800000,4464544.9191,6107489.6265,-1160237376.4106
1779026400000,5927457.1346,8828487.3339,-1163138406.6099
1779030000000,3632249.4275,3669843.0821,-1163176000.2645
1779033600000,2886176.5212,3293510.6286,-1163583334.3719
1779037200000,4917516.2065,4435218.5715,-1163101036.7369
1779040800000,3251163.8691,2737127.0357,-1162586999.9035
1779044400000,3248769.8501,2250250.6939,-1161588480.7473
1779048000000,2763396.4077,2612580.571,-1161437664.9106
1779051600000,3082804.8831,1958917.9161,-1160313777.9436
1779055200000,9729701.8105,14351431.8248,-1164935507.9579
1779058800000,71073733.8202,84091259.4671,-1177953033.6048
1779062400000,26705216.8068,44069485.0891,-1195317301.8871
1779066000000,14824459.7137,19705186.6471,-1200198028.8205
1779069600000,9076189.375,10357984.9362,-1201479824.3817
1779073200000,8062240.6625,8842483.5187,-1202260067.2379
1779076800000,6024898.4856,8464295.6576,-1204699464.4099
1779080400000,5437602.5064,8256763.5897,-1207518625.4932
1779084000000,1805712.4215,1420844.3766,-1207133757.4483
1779087600000,12725810.0775,8034381.9676,-1202442329.3384
1779091200000,6629517.9376,6794873.2656,-1202607684.6664
1779094800000,4350507.1036,4678503.0947,-1202935680.6575
1779098400000,6086203.2797,7314091.3133,-1204163568.6911
1779102000000,19636887.6036,14207891.5958,-1198734572.6833
1779105600000,27889880.3671,27139894.7293,-1197984587.0455
1779109200000,22642302.2977,31091304.1773,-1206433588.9251
1779112800000,30054406.2558,36867022.786,-1213246205.4553
1779116400000,30512444.2704,35233042.3084,-1217966803.4933
1779120000000,16628766.6087,21712330.2442,-1223050367.1288
1779123600000,10525605.1166,11505789.123,-1224030551.1352
1779127200000,30805876.7676,31027291.8332,-1224251966.2008
1779130800000,41580418.1954,32861600.0149,-1215533148.0203
1779134400000,10942296.594,11608971.9658,-1216199823.3921
1779138000000,19142767.5581,11390199.9918,-1208447255.8258
1779141600000,13939193.6192,12316434.933,-1206824497.1396
1779145200000,6795059.3561,4746091.6589,-1204775529.4424
1779148800000,10095702.8265,6475225.7961,-1201155052.412
1779152400000,9543499.4945,8046548.9253,-1199658101.8428
1779156000000,8228775.3524,8029880.2637,-1199459206.7541
1779159600000,5814223.1011,4850387.5822,-1198495371.2352
1779163200000,5171320.0994,4700367.6603,-1198024418.7961
1779166800000,7631574.6358,8115091.9996,-1198507936.1599
1779170400000,6000479.1485,5843219.887,-1198350676.8984
1779174000000,8751453.3012,6477544.0987,-1196076767.6959
1779177600000,7542676.5617,7568720.0466,-1196102811.1808
1779181200000,9566557.9797,16069833.5384,-1202606086.7395
1779184800000,7816990.0969,14177202.2545,-1208966298.8971
1779188400000,4024918.1467,7652865.088,-1212594245.8384
1779192000000,5603254.6837,6713701.4154,-1213704692.5701
1779195600000,16673940.2056,20813767.8528,-1217844520.2173
1779199200000,19394038.7975,30569759.9789,-1229020241.3987
1779202800000,9542571.6384,8677548.8893,-1228155218.6496
1779206400000,8337867.28,6133647.1855,-1225950998.5551
1779210000000,6102578.1236,7406607.1462,-1227255027.5777
1779213600000,5153636.8352,5464645.9409,-1227566036.6834
1779217200000,5346666.8677,8271263.0035,-1230490632.8192
1779220800000,1814307.0825,3185249.4412,-1231861575.1779
1779224400000,2713198.3223,4521871.0392,-1233670247.8948
1779228000000,6128587.5216,9009922.6509,-1236551583.0241
1779231600000,5582136.1574,4982510.059,-1235951956.9257
1779235200000,6272476.2532,6340150.3708,-1236019631.0433
1779238800000,7792958.8251,6935864.1658,-1235162536.384
1779242400000,2962097.292,3782502.4582,-1235982941.5502
1779246000000,3534157.7982,3141223.6625,-1235590007.4145
1779249600000,3010862.1441,5141070.4321,-1237720215.7025
1779253200000,19307034.1582,10862749.6778,-1229275931.2221
1779256800000,9018183.6324,12379042.1235,-1232636789.7132
1779260400000,6495023.4204,8411795.1351,-1234553561.4279
1779264000000,8297443.0125,9013764.9835,-1235269883.3989
1779267600000,4807263.9023,4432331.177,-1234894950.6736
1779271200000,6198039.3933,4056336.7607,-1232753248.041
1779274800000,4490171.8872,5987333.7598,-1234250409.9136
1779278400000,6692824.4373,5766299.9677,-1233323885.444
1779282000000,12704054.3706,22143039.3572,-1242762870.4306
1779285600000,21410304.156,20165986.8363,-1241518553.1109
1779289200000,18186521.0654,18524124.0986,-1241856156.1441
1779292800000,9436207.4444,10484726.6471,-1242904675.3468
1779296400000,12604498.7544,10482704.1929,-1240782880.7853
1779300000000,5586046.8662,7282853.328,-1242479687.2471
1779303600000,7660441.3459,5190431.9478,-1240009677.849
1779307200000,4666451.7501,5923293.9877,-1241266520.0866
1779310800000,2683283.5083,3817825.2592,-1242401061.8375
1779314400000,11454330.322,9124282.2695,-1240071013.785
1779318000000,4681853.3057,3205578.0944,-1238594738.5737
1779321600000,9872026.4348,6470056.9558,-1235192769.0947
1779325200000,13268822.6416,12123813.225,-1234047759.6781
1779328800000,5810585.0223,4414973.8796,-1232652148.5354
1779332400000,4070709.8314,3485433.9416,-1232066872.6456
1779336000000,4025258.8217,3597265.7343,-1231638879.5582
1779339600000,4140751.2922,9324234.9998,-1236822363.2658
1779343200000,6769779.9073,11570175.9928,-1241622759.3513
1779346800000,10229545.6806,8360482.0197,-1239753695.6904
1779350400000,9153840.0719,8577419.0053,-1239177274.6238
1779354000000,5484108.0707,8557898.6996,-1242251065.2527
1779357600000,18670042.4227,21813691.7932,-1245394714.6232
1779361200000,10074457.9951,6220913.7923,-1241541170.4204
1779364800000,16828532.5803,7845084.1237,-1232557721.9638
1779368400000,18370948.6834,19902471.9697,-1234089245.2501
1779372000000,16388269.1615,15227872.8709,-1232928848.9595
1779375600000,25240858.93,19908263.5042,-1227596253.5337
1779379200000,10033128.8988,11462662.0222,-1229025786.6571
1779382800000,25724106.221,23957955.2016,-1227259635.6377
1779386400000,10813515.0866,17540810.2966,-1233986930.8477
1779390000000,12994547.7252,7133934.2375,-1228126317.36
1779393600000,6675631.514,4904111.1466,-1226354796.9926
1779397200000,2117816.0271,2857940.9033,-1227094921.8688
1779400800000,2589588.5604,3275494.4507,-1227780827.7591
1779404400000,4170653.7044,4273479.0393,-1227883653.094
1779408000000,3068942.1468,3004415.2844,-1227819126.2316
1779411600000,5220356.8349,5335677.3018,-1227934446.6985
1779415200000,4250909.2791,4081748.3287,-1227765285.7481
1779418800000,3015529.2755,1983447.8082,-1226733204.2808
1779422400000,1757429.5998,3359701.0679,-1228335475.7489
1779426000000,3791108.9072,5684017.0202,-1230228383.8619
1779429600000,7630888.3734,7614637.7576,-1230212133.2461
1779433200000,12279093.7684,7801066.7649,-1225734106.2426
1779436800000,13979567.9241,17885351.1518,-1229639889.4703
1779440400000,7969211.2643,4065717.1838,-1225736395.3898
1779444000000,3271765.4938,3130219.8371,-1225594849.7331
1779447600000,10049366.1764,5180472.2971,-1220725955.8538
1779451200000,9799519.1732,6425464.5172,-1217351901.1978
1779454800000,13650307.7524,11794341.5692,-1215495935.0146
1779458400000,19507860.2231,14105907.3748,-1210093982.1663
1779462000000,7442176.869,7376322.2458,-1210028127.5431
1779465600000,5491457.9958,5377553.3269,-1209914222.8742
1779469200000,7110041.0098,9671586.1046,-1212475767.969
1779472800000,17243780.7971,27532656.3875,-1222764643.5594
1779476400000,35794098.6137,41329690.5841,-1228300235.5298
1779480000000,13925547.5991,12895532.7631,-1227270220.6938
1779483600000,6496472.9751,5903733.925,-1226677481.6437
1779487200000,8002191.9282,9689116.3478,-1228364406.0633
1779490800000,11000844.6387,14040407.0832,-1231403968.5078
1779494400000,19608153.0026,25065057.1583,-1236860872.6635
1779498000000,6792560.7866,6851499.2392,-1236919811.1161
1779501600000,4130835.4308,3308851.2326,-1236097826.9179
1779505200000,4062191.4966,3850375.2777,-1235886010.699
1779508800000,2524872.2023,3089170.9519,-1236450309.4486
1779512400000,8575277.6746,8233411.2154,-1236108442.9894
1779516000000,7616129.7646,4895234.2202,-1233387547.445
1779519600000,53872340.0528,65785652.2606,-1245300859.6528
1779523200000,17822530.4995,14906297.8122,-1242384626.9655
1779526800000,6468673.8043,4850176.7578,-1240766129.919
1779530400000,6594375.0799,3375724.5528,-1237547479.3919
1779534000000,12097778.2213,3539372.4525,-1228989073.6231
1779537600000,11249009.1654,3383763.6826,-1221123828.1403
1779541200000,22419405.5935,13604421.4649,-1212308844.0117
1779544800000,20661859.9122,13436172.1353,-1205083156.2348
1779548400000,14237596.1859,12804417.1878,-1203649977.2367
1779552000000,7036100.3665,7214256.6362,-1203828133.5064
1779555600000,6583571.5475,4858506.9477,-1202103068.9066
1779559200000,15864979.0303,15067793.4194,-1201305883.2957
1779562800000,13422042.3958,12541178.8404,-1200425019.7403
1779566400000,70237165.2642,56963812.7399,-1187151667.216
1779570000000,34669599.7107,36738483.8499,-1189220551.3552
1779573600000,11249099.618,11742011.7995,-1189713463.5367
1779577200000,7379302.4528,4872607.6533,-1187206768.7372
1779580800000,6175035.7304,4974379.7113,-1186006112.7181
1779584400000,9290940.1,7323436.1003,-1184038608.7184
1779588000000,10355176.6602,8729335.4104,-1182412767.4686
1779591600000,7365785.5795,7518977.6905,-1182565959.5796
1779595200000,3496331.7494,3648352.8399,-1182717980.6701
1779598800000,6829937.9385,10665416.9006,-1186553459.6322
1779602400000,13125237.3448,11927226.5376,-1185355448.825
1779606000000,4401815.5797,6268433.11,-1187222066.3553
1779609600000,3357410.1224,3561901.9184,-1187426558.1513
1779613200000,4594383.9529,5231961.5131,-1188064135.7115
1779616800000,8698067.3513,8561532.2371,-1187927600.5973
1779620400000,5267232.6206,5274576.9457,-1187934944.9224
1779624000000,9731581.6743,5305224.6776,-1183508587.9257
1779627600000,14967283.8843,11877596.7302,-1180418900.7716
1779631200000,25176845.1197,35112150.181,-1190354205.8329
1779634800000,5208471.8008,4467441.6868,-1189613175.7189
1779638400000,8623814.8658,6916751.5881,-1187906112.4412
1779642000000,3142068.7672,3225403.4441,-1187989447.1181
1779645600000,2495696.5426,3733797.6357,-1189227548.2112
1779649200000,3283405.2381,3026191.2256,-1188970334.1987
1779652800000,5182937.7363,9616318.8992,-1193403715.3616
1779656400000,15744734.2583,23732372.9387,-1201391354.042
1779660000000,16330575.8479,15155459.0895,-1200216237.2836
1779663600000,9380671.0144,8453103.3513,-1199288669.6205
1779667200000,6036106.373,5379626.8942,-1198632190.1417
1779670800000,3411273.3419,4987973.8139,-1200208890.6137
1779674400000,10506771.6866,9747855.7591,-1199449974.6862
1779678000000,3873608.7331,6791368.7407,-1202367734.6938
1779681600000,7139811.1106,7294223.0925,-1202522146.6757
1779685200000,7390373.8095,6699115.9395,-1201830888.8057
1779688800000,12083993.428,15898079.5492,-1205644974.9269
1779692400000,18779288.8141,13215955.7096,-1200081641.8224
1779696000000,5019466.777,4507942.3108,-1199570117.3562
1779699600000,8327007.6116,6269625.2203,-1197512734.9649
1779703200000,4314058.3802,3557717.7502,-1196756394.3349
1779706800000,9205810.5217,4678814.8268,-1192229398.64
1779710400000,6314973.9064,5222004.4086,-1191136429.1422
1779714000000,4519199.5824,3986433.78,-1190603663.3398
1779717600000,11526409.1216,9164315.1476,-1188241569.3658
1779721200000,12567865.2457,9737162.683,-1185410866.8031
1779724800000,10457985.5027,6072556.6138,-1181025437.9142
1779728400000,4398343.443,7882447.1748,-1184509541.646
1779732000000,3987559.0893,3500750.4863,-1184022733.043
1779735600000,5913662.513,7846694.453,-1185955764.983
1779739200000,8827645.707,9748785.2253,-1186876904.5013
1779742800000,7042878.5308,5460662.752,-1185294688.7225
1779746400000,7409981.5951,9352402.4354,-1187237109.5628
1779750000000,3393610.2008,2466668.303,-1186310167.665
1779753600000,9839878.3863,18113545.5155,-1194583834.7942
1779757200000,6403251.3806,10398561.3576,-1198579144.7712
1779760800000,6010493.4642,11710030.5977,-1204278681.9047
1779764400000,4134482.8011,6033860.4569,-1206178059.5605
1779768000000,3093944.1712,4544986.2437,-1207629101.633
1779771600000,4568989.8642,7871156.035,-1210931267.8038
1779775200000,3729961.4513,5533451.9078,-1212734758.2603
1779778800000,9104614.9204,9651156.8708,-1213281300.2107
1779782400000,5924225.4509,3598415.9591,-1210955490.7189
1779786000000,5152376.1456,6245393.0128,-1212048507.5861
1779789600000,24383859.1188,23992194.9211,-1211656843.3884
1779793200000,11646327.6827,13493538.2579,-1213504053.9636
1779796800000,14284922.6319,15772641.5901,-1214991772.9218
1779800400000,13342338.6938,16522639.7816,-1218172074.0096
1779804000000,31538423.5977,38986001.0235,-1225619651.4354
1779807600000,29119244.8034,38343677.7762,-1234844084.4082
1779811200000,19196621.83,27215224.2088,-1242862686.787
1779814800000,20952745.3384,27357410.9639,-1249267352.4125
1779818400000,11468783.8616,15049072.3103,-1252847640.8612
1779822000000,7283550.1387,8158956.8187,-1253723047.5412
1779825600000,5569643.8424,4608991.232,-1252762394.9308
1779829200000,5229425.585,6329954.0388,-1253862923.3846
1779832800000,4970974.6721,6441695.8431,-1255333644.5556
1779836400000,5959950.5998,3896779.3512,-1253270473.307
1779840000000,7169051.9725,5899807.1556,-1252001228.4901
1779843600000,4972739.0909,5674281.0532,-1252702770.4524
1779847200000,4928769.6205,5195546.9948,-1252969547.8267
1779850800000,5421502.553,6376691.8789,-1253924737.1526
1779854400000,7673281.5614,12131317.5588,-1258382773.15
1779858000000,7447183.1407,6577639.26,-1257513229.2693
1779861600000,5101835.3646,5724078.9756,-1258135472.8803
1779865200000,7308519.7647,4420316.3575,-1255247269.4731
1779868800000,11915155.4337,10694439.4362,-1254026553.4756
1779872400000,6356337.3349,7650087.6243,-1255320303.765
1779876000000,4757400.1327,7192846.2588,-1257755749.8911
1779879600000,5076259.4888,6302309.7455,-1258981800.1478
1779883200000,15603335.3871,18691113.4902,-1262069578.2509
1779886800000,24244771.8034,38563365.3276,-1276388171.7751
1779890400000,13895612.7773,16560031.1952,-1279052590.193
1779894000000,18000668.9084,17949060.7861,-1279000982.0707
1779897600000,8520803.3084,11598637.4791,-1282078816.2414
1779901200000,16627727.4157,21306415.0423,-1286757503.868
1779904800000,9677115.943,10187720.8151,-1287268108.7401
1779908400000,8969414.8662,6514723.9486,-1284813417.8225
1779912000000,7783354.6323,6336165.8637,-1283366229.0539
1779915600000,20313451.9539,35080710.297,-1298133487.397
1779919200000,17500073.8828,19857844.1615,-1300491257.6757
1779922800000,11437694.3079,15017492.9812,-1304071056.349
1779926400000,6074744.8581,8626195.8033,-1306622507.2942
1779930000000,11352164.5884,12187859.0609,-1307458201.7667
1779933600000,5346516.7198,7481630.9866,-1309593316.0335
1779937200000,53551292.0454,76412836.2806,-1332454860.2687
1779940800000,24761450.2148,32791000.9078,-1340484410.9617
1779944400000,12210743.008,17728646.5555,-1346002314.5092
1779948000000,15379835.0309,10991142.3738,-1341613621.8521
1779951600000,24935659.7632,9354279.8546,-1326032241.9435
1779955200000,11649588.4749,9850115.0808,-1324232768.5494
1779958800000,7580608.2431,6722126.0499,-1323374286.3562
1779962400000,9690946.1478,7020938.0237,-1320704278.2321
1779966000000,5456121.8274,7645202.237,-1322893358.6417
1779969600000,8298281.9027,8147863.582,-1322742940.321
1779973200000,18032016.5385,21096865.8056,-1325807789.5881
1779976800000,34823640.4978,35432662.8438,-1326416811.9341
1779980400000,13141437.1349,12012842.4246,-1325288217.2238
1779984000000,25175416.0371,18370757.8739,-1318483559.0606
1779987600000,14604306.3006,16001042.0051,-1319880294.7651
1779991200000,12855352.2117,11796975.7351,-1318821918.2885
1779994800000,6389444.5966,10184941.4579,-1322617415.1498
1779998400000,8613095.9645,9078580.2359,-1323082899.4212
1780002000000,10736931.8174,11106539.584,-1323452507.1878
1780005600000,5964854.4101,8004902.6042,-1325492555.3819
1780009200000,4771361.2158,6663591.1304,-1327384785.2965
1780012800000,6558692.4668,6093286.3046,-1326919379.1343
1780016400000,5322296.2036,4700084.5295,-1326297167.4602
1780020000000,8825581.846,9542697.105,-1327014282.7192
1780023600000,4235449.7189,3537754.47,-1326316587.4703
1780027200000,6200249.0332,5128819.5644,-1325245158.0015
1780030800000,7207816.9972,6433093.4323,-1324470434.4366
1780034400000,6993740.3615,6812049.5021,-1324288743.5772
1780038000000,17611338.4845,12773144.9324,-1319450550.0251
1780041600000,11277697.7374,13226760.5737,-1321399612.8614
1780045200000,8064322.3912,4461588.1379,-1317796878.6081
1780048800000,2937813.3832,5994865.4275,-1320853930.6524
1780052400000,5395113.7096,6390956.4949,-1321849773.4377
1780056000000,8310220.0868,10184633.2292,-1323724186.5801
1780059600000,13694366.0316,14476890.4043,-1324506710.9528
1780063200000,22096700.3214,28475153.9753,-1330885164.6067
1780066800000,56694003.9249,49426518.806,-1323617679.4878
1780070400000,26327942.4894,17721243.3457,-1315010980.3441
1780074000000,17944894.3131,15407108.6014,-1312473194.6324
1780077600000,17127258.1361,24184748.2421,-1319530684.7384
1780081200000,9462713.5562,8507915.7508,-1318575886.933
1780084800000,5210570.8935,4234316.4759,-1317599632.5154
1780088400000,5799201.8102,7893798.7773,-1319694229.4825
1780092000000,7812983.3394,6507937.3986,-1318389183.5417
1780095600000,5354219.2254,12109334.0813,-1325144298.3976
1780099200000,3127424.5362,3174688.6074,-1325191562.4688
1780102800000,4933199.9068,4601174.2077,-1324859536.7697
1780106400000,2404707.3342,2157250.5582,-1324612079.9937
1780110000000,3803998.6464,5352265.1876,-1326160346.5349
1780113600000,6453396.9968,10323791.4527,-1330030740.9908
1780117200000,7068431.4058,4428215.7,-1327390525.285
1780120800000,8180602.9925,4110136.5725,-1323320058.865
1780124400000,2788171.3891,2447681.581,-1322979569.0569
1780128000000,1109171.142,1746988.5474,-1323617386.4623
1780131600000,1953433.6051,1280575.0905,-1322944527.9477
1780135200000,5306728.7947,3533899.9759,-1321171699.1289
1780138800000,1491967.4518,2400947.7753,-1322080679.4524
1780142400000,3035401.7105,1484463.9783,-1320529741.7202
1780146000000,3265222.1724,3131133.2057,-1320395652.7535
1780149600000,13773443.0273,6580220.9469,-1313202430.6731
1780153200000,6762265.8153,8035153.969,-1314475318.8268
1780156800000,3856869.2758,3035746.7148,-1313654196.2658
1780160400000,6129842.1564,5612742.4424,-1313137096.5518
1780164000000,4696801.1915,3000563.4889,-1311440858.8492
1780167600000,3116992.3706,2296064.9922,-1310619931.4708
1780171200000,2635607.1681,6015250.7326,-1313999575.0353
1780174800000,2986524.6057,2561399.7906,-1313574450.2202
1780178400000,3226817.637,4134355.9311,-1314481988.5143
1780182000000,2115698.3301,2329693.8439,-1314695984.0281
1780185600000,2379482.9773,2779233.259,-1315095734.3098
1780189200000,5673781.2149,3255383.8624,-1312677336.9573
1780192800000,9354786.0593,6475416.445,-1309797967.343
1780196400000,3973362.4225,2073273.7289,-1307897878.6494
1780200000000,1939839.4988,2055786.4758,-1308013825.6264
1780203600000,3438168.9678,2260454.8611,-1306836111.5197
1780207200000,2578561.8317,2661669.0521,-1306919218.7401
1780210800000,3449162.6871,4266106.1472,-1307736162.2002
1780214400000,8649678.5593,3762218.0286,-1302848701.6695
1780218000000,5822657.7296,4945904.7059,-1301971948.6458
1780221600000,7286330.6168,6199709.3668,-1300885327.3958
1780225200000,3936368.5278,1878947.4078,-1298827906.2758
1780228800000,4013365.1205,3084475.2955,-1297899016.4508
1780232400000,4741617.4937,3548436.7833,-1296705835.7404
1780236000000,11274606.2015,17906080.537,-1303337310.0759
1780239600000,6953368.4058,7165513.4142,-1303549455.0843
1780243200000,8469768.4162,19716166.1818,-1314795852.8499
1780246800000,6979227.542,14067284.8422,-1321883910.1501
1780250400000,3050080.7021,12208326.7659,-1331042156.2139
1780254000000,4308040.2721,12564837.5619,-1339298953.5037
1780257600000,5202917.4497,10029613.173,-1344125649.227
1780261200000,8053762.4624,14564699.2859,-1350636586.0505
1780264800000,7123983.2594,14261323.0665,-1357773925.8576
1780268400000,12206227.9014,17131780.7638,-1362699478.72
1780272000000,23832780.1888,39869077.7193,-1378735776.2505
1780275600000,10898060.4571,18473822.1587,-1386311537.9521
1780279200000,13022901.8157,17009724.2608,-1390298360.3972
1780282800000,7528014.5908,16364112.1261,-1399134457.9325
1780286400000,9804759.2369,11068433.3107,-1400398132.0063
1780290000000,9725684.1177,7506784.4455,-1398179232.3341
1780293600000,11333212.3895,11951329.7201,-1398797349.6647
1780297200000,11468053.7927,13898469.9815,-1401227765.8535
1780300800000,26366859.9347,21196056.5023,-1396056962.4211
1780304400000,9508063.7206,8947504.8687,-1395496403.5692
1780308000000,9523662.2165,7483989.2036,-1393456730.5563
1780311600000,5816286.0089,8485523.6598,-1396125968.2072
1780315200000,17710750.1398,15660007.3492,-1394075225.4166
1780318800000,34117747.9518,35681372.3832,-1395638849.848
1780322400000,22253283.5063,20698403.0088,-1394083969.3505
1780326000000,18242453.2804,15075139.2521,-1390916655.3222
1780329600000,22644146.5682,16427301.2955,-1384699810.0495
1780333200000,28642276.4066,15064237.1468,-1371121770.7897
1780336800000,15688379.3175,8555615.139,-1363989006.6112
1780340400000,19517676.2585,12295473.8219,-1356766804.1746
1780344000000,8450931.0179,7014824.928,-1355330698.0847
1780347600000,14127889.0834,18379276.547,-1359582085.5483
1780351200000,14701985.5475,10100769.2668,-1354980869.2676
1780354800000,12736579.6257,9904796.2355,-1352149085.8774
1780358400000,6012587.3415,7480634.8196,-1353617133.3555
1780362000000,10204532.7679,9869124.6502,-1353281725.2378
1780365600000,19925784.0474,18265478.8446,-1351621420.035
1780369200000,11914883.081,9254281.2413,-1348960818.1953
1780372800000,8040915.8919,10025877.4467,-1350945779.7501
1780376400000,10772168.6824,15941434.5574,-1356115045.6251
1780380000000,12762466.1987,11841002.7671,-1355193582.1935
1780383600000,13270764.4498,11895288.8125,-1353818106.5562
1780387200000,10186031.9313,7623668.372,-1351255742.9969
1780390800000,14411137.8438,17698377.875,-1354542983.0281
1780394400000,11166084.7723,20719277.6684,-1364096175.9242
1780398000000,6594038.567,5734376.7942,-1363236514.1514
1780401600000,7946746.9253,21054655.5115,-1376344422.7376
1780405200000,13316343.8342,13927452.3212,-1376955531.2246
1780408800000,51071039.3519,59208408.1715,-1385092900.0442
1780412400000,74867539.3299,78508805.3743,-1388734166.0886
1780416000000,36525915.4984,26045458.1211,-1378253708.7113
1780419600000,13428952.3097,10237466.7814,-1375062223.183
1780423200000,12685063.3973,13931932.7543,-1376309092.54
1780426800000,30886859.1717,40111251.244,-1385533484.6123
1780430400000,16653335.4493,18623928.233,-1387504077.396
1780434000000,10603331.3342,12159811.7681,-1389060557.8299
1780437600000,46427428.579,53885835.2915,-1396518964.5424
1780441200000,56651375.545,73453751.8868,-1413321340.8842
1780444800000,24417505.6888,25627164.4049,-1414530999.6003
1780448400000,14795726.9369,17260796.4033,-1416996069.0667
1780452000000,26811982.6407,20898791.1533,-1411082877.5793
1780455600000,43238413.5184,54178242.74,-1422022706.8009
1780459200000,27036853.5532,18526535.3118,-1413512388.5595
1780462800000,32580896.5662,26444431.9395,-1407375923.9328
1780466400000,21744829.6036,16097133.5913,-1401728227.9205
1780470000000,16479692.2868,9658434.228,-1394906969.8617
1780473600000,10687483.701,11087906.4529,-1395307392.6136
1780477200000,17990891.2095,16371416.6681,-1393687918.0722
1780480800000,13142509.6369,11614276.2725,-1392159684.7078
1780484400000,8339206.0661,10900726.2968,-1394721204.9385
1780488000000,14274501.0532,12668730.0876,-1393115433.9729
1780491600000,16655257.1093,18459648.3446,-1394919825.2082
1780495200000,13207770.3737,15758631.4709,-1397470686.3054
1780498800000,30029211.4015,24902744.4104,-1392344219.3143
1780502400000,33339421.0228,37687545.9487,-1396692344.2402
1780506000000,13726619.4413,14332575.5687,-1397298300.3676
1780509600000,9852203.324,8821203.0859,-1396267300.1295
1780513200000,26619662.2137,45749951.3168,-1415397589.2326
1780516800000,36593676.9057,49704252.351,-1428508164.6779
1780520400000,43343744.7279,31037113.0715,-1416201533.0215
1780524000000,23827469.5733,24064127.3088,-1416438190.757
1780527600000,18789227.6893,18234465.4653,-1415883428.533
1780531200000,32729968.2244,33249983.7841,-1416403444.0927
1780534800000,34766198.8828,45747655.5772,-1427384900.7871
1780538400000,65231324.6251,82063570.4673,-1444217146.6293
1780542000000,36426543.6017,24246263.6238,-1432036866.6514
1780545600000,15965964.7264,14718910.373,-1430789812.298
1780549200000,22716983.1165,26657504.9386,-1434730334.1201
1780552800000,17081266.4282,16507927.4704,-1434156995.1623
1780556400000,17692357.4894,17416621.6053,-1433881259.2782
1780560000000,17998394.5185,20848106.2827,-1436730971.0424
1780563600000,33878894.7138,37968833.7695,-1440820910.0981
1780567200000,32001462.9463,44806861.7591,-1453626308.9109
1780570800000,24494843.8622,35772584.8307,-1464904049.8794
1780574400000,36887034.144,27777358.9636,-1455794374.699
1780578000000,28438545.4139,29142454.4664,-1456498283.7515
1780581600000,20957283.9225,22955408.5212,-1458496408.3502
1780585200000,17036116.8082,14626112.9347,-1456086404.4767
1780588800000,12011751.4087,11895265.6246,-1455969918.6926
1780592400000,16463808.9796,15805332.2002,-1455311441.9132
1780596000000,17633234.5735,11792724.5743,-1449470931.914
1780599600000,11699191.4917,9974960.598,-1447746701.0203
1780603200000,7410105.3918,8069970.6613,-1448406566.2898
1780606800000,11751149.9902,14344744.0341,-1451000160.3337
1780610400000,13402044.0466,16853254.8738,-1454451371.1609
1780614000000,10137688.6525,9607123.7284,-1453920806.2368
1780617600000,9581164.6186,10449524.658,-1454789166.2762
1780621200000,14175092.6274,17436775.9144,-1458050849.5632
1780624800000,30356383.1787,30806696.8199,-1458501163.2044
1780628400000,17433240.7708,23556382.3075,-1464624304.7411
1780632000000,21944407.712,29148864.2931,-1471828761.3222
1780635600000,60397725.6809,76452297.45,-1487883333.0913
1780639200000,103599270.5692,109139616.5475,-1493423679.0696
1780642800000,68307503.2512,57191611.4503,-1482307787.2687
1780646400000,29393103.4408,34460041.3314,-1487374725.1593
1780650000000,30794285.2399,23978981.4429,-1480559421.3623
1780653600000,15860939.0704,22265948.2353,-1486964430.5272
1780657200000,19471553.2395,23682533.2206,-1491175410.5083
1780660800000,30491584.116,36861259.2959,-1497545085.6882
1780664400000,48346730.7882,63763027.7569,-1512961382.6569
1780668000000,83767964.0118,106320360.5987,-1535513779.2438
1780671600000,54774533.1274,68329770.0637,-1549069016.1801
1780675200000,79078353.3022,80396855.0981,-1550387517.976
1780678800000,29215251.2402,26953040.5722,-1548125307.308
1780682400000,51758984.9481,50982755.5354,-1547349077.8953
1780686000000,52291638.1305,50257354.8657,-1545314794.6305
1780689600000,48956003.9439,41583864.7863,-1537942655.4729
1780693200000,34112913.5727,31010158.2153,-1534839900.1155
1780696800000,27283196.6116,25513690.7062,-1533070394.2101
1780700400000,27727630.9533,25454381.2197,-1530797144.4765
1780704000000,12601660.7354,15020757.2712,-1533216241.0123
1780707600000,9158345.1938,10969318.9383,-1535027214.7568
1780711200000,14229787.9365,16667812.5808,-1537465239.4011
1780714800000,13052887.7034,16689868.3217,-1541102220.0194
1780718400000,35626763.0229,46272060.7241,-1551747517.7206
1780722000000,43047897.3669,49842896.2533,-1558542516.607
1780725600000,26482933.9591,33583254.4019,-1565642837.0498
1780729200000,25146942.0025,22155434.1161,-1562651329.1634
1780732800000,15102364.9896,12550464.7487,-1560099428.9225
1780736400000,13512449.2171,15021141.1868,-1561608120.8922
1780740000000,28550898.2765,32303161.8245,-1565360384.4402
1780743600000,19456484.1119,14735881.4384,-1560639781.7667
1780747200000,22600800.8166,18025375.2106,-1556064356.1607
1780750800000,23127032.6777,27630812.023,-1560568135.506
1780754400000,17194070.0863,24954495.1063,-1568328560.526
1780758000000,17271047.8868,17648466.4018,-1568705979.041
1780761600000,14046168.6895,9743466.256,-1564403276.6075
1780765200000,14874230.896,17205645.1238,-1566734690.8353
1780768800000,11921285.0508,13904043.8568,-1568717449.6413
1780772400000,7437140.2386,5648056.955,-1566928366.3577
1780776000000,6641228.3582,10718114.6013,-1571005252.6008
1780779600000,7002768.7922,6058108.2818,-1570060592.0904
1780783200000,8194621.573,7464309.1657,-1569330279.6831
1780786800000,11152045.0824,8693977.1444,-1566872211.7451
1780790400000,6827890.7183,6274126.2963,-1566318447.3231
1780794000000,20377028.6942,16145366.8905,-1562086785.5194
1780797600000,10670324.8869,9643666.9831,-1561060127.6156
1780801200000,11003067.3209,9138702.8756,-1559195763.1703
1780804800000,10471759.637,9450703.4981,-1558174707.0314
1780808400000,16153449.2543,13592901.0633,-1555614158.8404
1780812000000,27904777.9,28847811.963,-1556557192.9034
1780815600000,21429890.346,14390932.1499,-1549518234.7073
1780819200000,26334635.5051,17689820.191,-1540873419.3932
1780822800000,18562766.7029,20113735.7681,-1542424388.4584
1780826400000,8933843.9727,17561417.3041,-1551051961.7898
1780830000000,9364627.4849,11599096.0352,-1553286430.3401
1780833600000,18960897.231,22404892.7175,-1556730425.8266
1780837200000,7192901.269,9329105.2585,-1558866629.8161
1780840800000,15778749.0796,22099630.969,-1565187511.7055
1780844400000,10747053.7436,11962484.9972,-1566402942.9591
1780848000000,9667030.6323,12247838.7297,-1568983751.0565
1780851600000,13886917.9144,13568747.2761,-1568665580.4182
1780855200000,4657888.054,5310615.8806,-1569318308.2448
1780858800000,16663192.8056,21811067.3638,-1574466182.803
1780862400000,8820099.8743,8944462.0373,-1574590544.966
1780866000000,6637837.9226,5242213.6932,-1573194920.7366
1780869600000,51348564.7324,49923072.1042,-1571769428.1084
1780873200000,20044083.2085,15944511.1642,-1567669856.0641
1780876800000,23286577.8987,25013309.3576,-1569396587.523
1780880400000,17780594.7905,21607288.2982,-1573223281.0307
1780884000000,9750068.3614,10985508.797,-1574458721.4663
1780887600000,7630833.0801,9717185.3023,-1576545073.6885
1780891200000,12835069.595,18796220.1754,-1582506224.2689
1780894800000,11671392.0156,17030666.4561,-1587865498.7094
1780898400000,11997233.5509,10202783.7009,-1586071048.8594
1780902000000,22335754.3247,17778410.2254,-1581513704.7601
1780905600000,12979121.1277,17213069.7204,-1585747653.3528
1780909200000,220096.7519,127437.8089,-1585654994.4098
1780912800000,9201466.8264,10463125.6658,-1586916653.2492
1780916400000,23034230.7882,19527642.8827,-1583410065.3437
1780920000000,28828231.0375,22436960.3646,-1577018794.6708
1780923600000,33911316.1441,14754996.0223,-1557862474.549
1780927200000,36432514.9457,23231573.0661,-1544661532.6694
1780930800000,23461159.922,21377333.704,-1542577706.4514
1780934400000,16675793.5683,20031574.6664,-1545933487.5495
1780938000000,16008910.9676,14162481.5815,-1544087058.1634
1780941600000,9954763.1486,10613998.722,-1544746293.7368
1780945200000,16211912.607,17821159.2082,-1546355540.338
1780948800000,9500760.862,8596495.216,-1545451274.692
1780952400000,18674659.2259,13807870.3171,-1540584485.7832
1780956000000,8625863.7722,9710845.9785,-1541669467.9895
1780959600000,12055074.9931,13804739.8854,-1543419132.8818
1780963200000,18078434.4106,28793168.5212,-1554133866.9924
1780966800000,2093579.1391,2994207.1712,-1555034495.0245
1780970400000,6892266.018,17946494.8185,-1566088723.825
1780974000000,5980736.5214,8422489.7422,-1568530477.0458
1780977600000,16570967.9316,12990753.7672,-1564950262.8814
1780981200000,9950970.8546,7641218.8007,-1562640510.8275
1780984800000,10260010.5167,10371405.481,-1562751905.7918
1780988400000,8834756.1535,16804934.7927,-1570722084.431
1780992000000,9347727.8619,12380140.4046,-1573754496.9737
1780995600000,7589444.5104,9043527.6478,-1575208580.1111
1780999200000,7284136.1078,6448415.5712,-1574372859.5745
1781002800000,4997103.5812,7575997.8885,-1576951753.8818
1781006400000,12330852.1703,13173522.3662,-1577794424.0777
1781010000000,15140168.4535,22139672.4533,-1584793928.0775
1781013600000,32541811.0216,39039305.0789,-1591291422.1348
1781017200000,20464124.678,24489631.2464,-1595316928.7032
1781020800000,27891706.5494,30644863.0718,-1598070085.2256
1781024400000,16436749.2127,15880794.9289,-1597514130.9418
1781028000000,10053260.2444,9619674.9335,-1597080545.6309
1781031600000,10823813.5319,11904704.7959,-1598161436.8949
1781035200000,7796057.797,5302029.0544,-1595667408.1523
1781038800000,4774550.0594,6141535.3803,-1597034393.4732
1781042400000,4852245.0097,6058409.3987,-1598240557.8622
1781046000000,7769676.8202,10244014.2419,-1600714895.2839
1781049600000,6717207.1214,6582397.9777,-1600580086.1402
1781053200000,5906199.0353,5871367.869,-1600545254.9739
1781056800000,5696935.605,7668522.8657,-1602516842.2346
1781060400000,3980547.4069,3219407.4998,-1601755702.3275
1781064000000,3475208.8098,3972771.6243,-1602253265.142
1781067600000,4759670.4468,8200971.9515,-1605694566.6467
1781071200000,7779005.3345,5256038.9648,-1603171600.277
1781074800000,6624891.8408,6509570.8661,-1603056279.3023
1781078400000,10542006.4796,13451583.8289,-1605965856.6516
1781082000000,10363249.7128,9982931.9259,-1605585538.8647
1781085600000,4454236.0953,4414671.3857,-1605545974.1551
1781089200000,13729011.9501,14981179.9894,-1606798142.1944
1781092800000,19107562.7338,14438484.2098,-1602129063.6704
1781096400000,20056877.1188,15833227.8692,-1597905414.4208
1781100000000,13208393.5148,12379993.9575,-1597077014.8635
1781103600000,17436481.347,16852104.1579,-1596492637.6744
1781107200000,14392982.4017,13916768.0415,-1596016423.3142
1781110800000,15223975.9822,17158094.4558,-1597950541.7878
1781114400000,8989255.0389,8262239.0246,-1597223525.7735
1781118000000,5884119.8991,6441744.8361,-1597781150.7105
1781121600000,7034758.4518,6809356.9911,-1597555749.2498
1781125200000,9806523.8144,14930570.6356,-1602679796.071
1781128800000,10471751.5386,11455728.2003,-1603663772.7327
1781132400000,9325081.3505,9306577.3416,-1603645268.7238
1781136000000,7472990.6037,5105616.9465,-1601277895.0666
1781139600000,6560917.4514,5047872.638,-1599764850.2532
1781143200000,5213042.9986,4467249.6121,-1599019056.8667
1781146800000,13042954.7511,8951755.1413,-1594927857.2569
1781150400000,5419497.3871,5971886.4369,-1595480246.3067
1781154000000,6652071.5692,6513102.2211,-1595341276.9586
1781157600000,13629467.475,13264192.4325,-1594976001.9161
1781161200000,4291695.7521,4774792.6139,-1595459098.7779
1781164800000,6158688.0145,6488841.001,-1595789251.7644
1781168400000,3928791.5968,4226911.6433,-1596087371.8109
1781172000000,5487589.8604,5491251.1846,-1596091033.1351
1781175600000,11404593.3477,7318972.1903,-1592005411.9777
1781179200000,16777094.3185,16668491.4355,-1591896809.0947
1781182800000,8588539.4503,9884419.6668,-1593192689.3112
1781186400000,11191531.935,10581520.6666,-1592582678.0428
1781190000000,9417897.5352,8960081.4821,-1592124861.9897
1781193600000,6301727.7485,6305871.1042,-1592129005.3454
1781197200000,40321737.2881,36065841.4794,-1587873109.5367
1781200800000,15757256.3278,13667115.4518,-1585782968.6607
1781204400000,12118001.2974,11933359.5281,-1585598326.8914
1781208000000,9151200.4751,10053684.8588,-1586500811.2751
1781211600000,8596702.2419,5347805.6191,-1583251914.6523
1781215200000,8772115.6906,4578796.7953,-1579058595.757
1781218800000,5816814.9573,5057760.7841,-1578299541.5838
